session,scan_idx,unit_id,field,mask_id,um_x,um_y,um_z,px_x,px_y,ms_delay
4,7,1,1,1,-778,-771,80,7,5,0
4,7,2,1,2,-741,-766,80,22,7,0
4,7,3,1,3,-691,-776,80,41,3,0
4,7,4,1,4,-691,-766,80,42,8,0
4,7,5,1,5,-702,-767,80,37,7,0
4,7,6,1,6,-646,-764,80,60,8,0
4,7,7,1,7,-553,-770,80,97,6,0
4,7,8,1,8,-534,-758,80,105,11,0
4,7,9,1,9,-499,-760,80,119,10,0
4,7,10,1,10,-460,-768,80,134,7,0
4,7,11,1,11,-362,-772,80,173,5,0
4,7,12,1,12,-442,-675,80,141,44,2
4,7,13,1,13,-572,-651,80,89,54,2
4,7,14,1,14,-367,-556,80,171,92,4
4,7,15,1,15,-560,-484,80,94,120,5
4,7,16,1,16,-464,-490,80,132,118,5
4,7,17,1,17,-441,-479,80,142,122,5
4,7,18,1,18,-322,-470,80,189,126,5
4,7,19,1,19,-527,-435,80,107,140,6
4,7,20,1,20,-290,-436,80,202,140,6
4,7,21,1,21,-276,-432,80,208,141,6
4,7,22,1,22,-670,-391,80,50,157,7
4,7,23,1,23,-521,-385,80,110,160,7
4,7,24,1,24,-457,-390,80,135,158,7
4,7,25,1,25,-372,-400,80,169,154,6
4,7,26,1,26,-376,-385,80,168,160,7
4,7,27,1,27,-349,-406,80,178,152,6
4,7,28,1,28,-336,-402,80,184,153,6
4,7,29,1,29,-338,-404,80,183,152,6
4,7,30,1,30,-330,-393,80,186,157,7
4,7,31,1,31,-330,-404,80,186,152,6
4,7,32,1,32,-293,-397,80,201,155,6
4,7,33,1,33,-707,-371,80,35,166,7
4,7,34,1,34,-642,-347,80,61,175,7
4,7,35,1,35,-609,-351,80,75,174,7
4,7,36,1,36,-627,-355,80,67,172,7
4,7,37,1,37,-572,-352,80,89,173,7
4,7,38,1,38,-478,-366,80,127,168,7
4,7,39,1,39,-400,-359,80,158,170,7
4,7,40,1,40,-378,-350,80,167,174,7
4,7,41,1,41,-366,-351,80,172,174,7
4,7,42,1,42,-284,-369,80,204,166,7
4,7,43,1,43,-297,-367,80,199,167,7
4,7,44,1,44,-688,-315,80,43,188,8
4,7,45,1,45,-661,-314,80,54,188,8
4,7,46,1,46,-613,-320,80,73,186,8
4,7,47,1,47,-585,-331,80,84,182,8
4,7,48,1,48,-527,-308,80,107,191,8
4,7,49,1,49,-498,-312,80,119,189,8
4,7,50,1,50,-467,-317,80,131,187,8
4,7,51,1,51,-465,-310,80,132,190,8
4,7,52,1,52,-398,-309,80,159,190,8
4,7,53,1,53,-362,-320,80,173,186,8
4,7,54,1,54,-336,-318,80,184,187,8
4,7,55,1,55,-304,-302,80,197,193,8
4,7,56,1,56,-258,-312,80,215,189,8
4,7,57,1,57,-681,-281,80,46,201,8
4,7,58,1,58,-579,-280,80,86,202,8
4,7,59,1,59,-563,-263,80,93,209,9
4,7,60,1,60,-433,-276,80,145,204,8
4,7,61,1,61,-293,-279,80,201,203,8
4,7,62,1,62,-310,-291,80,194,198,8
4,7,63,1,63,-258,-273,80,215,205,9
4,7,64,1,64,-248,-286,80,219,200,8
4,7,65,1,65,-225,-271,80,228,206,9
4,7,66,1,66,-234,-258,80,224,211,9
4,7,67,1,67,-197,-289,80,239,198,8
4,7,68,1,68,-766,-247,80,11,215,9
4,7,69,1,69,-604,-232,80,76,221,9
4,7,70,1,70,-608,-247,80,75,215,9
4,7,71,1,71,-569,-250,80,90,214,9
4,7,72,1,72,-487,-251,80,123,214,9
4,7,73,1,73,-509,-233,80,114,221,9
4,7,74,1,74,-448,-233,80,139,221,9
4,7,75,1,75,-411,-244,80,154,217,9
4,7,76,1,76,-375,-247,80,168,215,9
4,7,77,1,77,-374,-234,80,168,220,9
4,7,78,1,78,-361,-243,80,173,217,9
4,7,79,1,79,-336,-230,80,184,222,9
4,7,80,1,80,-321,-248,80,190,215,9
4,7,81,1,81,-331,-241,80,186,217,9
4,7,82,1,82,-290,-240,80,202,218,9
4,7,83,1,83,-244,-239,80,221,218,9
4,7,84,1,84,-250,-248,80,218,215,9
4,7,85,1,85,-264,-236,80,212,220,9
4,7,86,1,86,-628,-179,80,67,242,10
4,7,87,1,87,-616,-206,80,71,232,10
4,7,88,1,88,-604,-218,80,77,227,9
4,7,89,1,89,-562,-180,80,93,242,10
4,7,90,1,90,-537,-178,80,103,243,10
4,7,91,1,91,-534,-203,80,104,233,10
4,7,92,1,92,-491,-209,80,122,231,10
4,7,93,1,93,-481,-198,80,125,235,10
4,7,94,1,94,-499,-208,80,118,231,10
4,7,95,1,95,-485,-178,80,124,243,10
4,7,96,1,96,-509,-199,80,115,235,10
4,7,97,1,97,-461,-201,80,134,234,10
4,7,98,1,98,-406,-187,80,156,239,10
4,7,99,1,99,-365,-218,80,172,227,9
4,7,100,1,100,-351,-222,80,178,225,9
4,7,101,1,101,-333,-180,80,185,242,10
4,7,102,1,102,-281,-200,80,206,234,10
4,7,103,1,103,-281,-178,80,206,243,10
4,7,104,1,104,-250,-194,80,218,236,10
4,7,105,1,105,-253,-207,80,217,231,10
4,7,106,1,106,-225,-210,80,228,230,10
4,7,107,1,107,-191,-222,80,242,225,9
4,7,108,1,108,-727,-169,80,27,246,10
4,7,109,1,109,-679,-169,80,47,246,10
4,7,110,1,110,-653,-137,80,57,259,11
4,7,111,1,111,-651,-166,80,58,248,10
4,7,112,1,112,-632,-152,80,65,253,11
4,7,113,1,113,-595,-170,80,80,246,10
4,7,114,1,114,-571,-165,80,90,248,10
4,7,115,1,115,-542,-159,80,101,250,10
4,7,116,1,116,-533,-163,80,105,249,10
4,7,117,1,117,-501,-163,80,118,249,10
4,7,118,1,118,-487,-153,80,123,253,11
4,7,119,1,119,-450,-138,80,138,259,11
4,7,120,1,120,-369,-158,80,170,251,10
4,7,121,1,121,-343,-149,80,181,255,11
4,7,122,1,122,-329,-160,80,186,250,10
4,7,123,1,123,-287,-147,80,203,255,11
4,7,124,1,124,-298,-170,80,199,246,10
4,7,125,1,125,-302,-155,80,197,252,10
4,7,126,1,126,-245,-149,80,220,254,11
4,7,127,1,127,-184,-150,80,245,254,11
4,7,128,1,128,-710,-109,80,34,271,11
4,7,129,1,129,-678,-122,80,47,265,11
4,7,130,1,130,-701,-130,80,37,262,11
4,7,131,1,131,-626,-133,80,68,261,11
4,7,132,1,132,-643,-117,80,61,267,11
4,7,133,1,133,-607,-138,80,75,259,11
4,7,134,1,134,-598,-115,80,79,268,11
4,7,135,1,135,-567,-116,80,91,267,11
4,7,136,1,136,-553,-130,80,97,262,11
4,7,137,1,137,-557,-135,80,95,260,11
4,7,138,1,138,-539,-113,80,102,269,11
4,7,139,1,139,-526,-122,80,108,265,11
4,7,140,1,140,-515,-122,80,112,265,11
4,7,141,1,141,-498,-121,80,119,266,11
4,7,142,1,142,-410,-117,80,154,267,11
4,7,143,1,143,-421,-132,80,150,261,11
4,7,144,1,144,-423,-109,80,149,271,11
4,7,145,1,145,-326,-119,80,187,267,11
4,7,146,1,146,-293,-124,80,201,265,11
4,7,147,1,147,-308,-124,80,195,264,11
4,7,148,1,148,-245,-115,80,220,268,11
4,7,149,1,149,-264,-128,80,213,263,11
4,7,150,1,150,-231,-126,80,226,264,11
4,7,151,1,151,-230,-141,80,226,258,11
4,7,152,1,152,-185,-126,80,244,264,11
4,7,153,1,153,-672,-91,80,49,278,12
4,7,154,1,154,-710,-79,80,34,283,12
4,7,155,1,155,-632,-71,80,65,286,12
4,7,156,1,156,-652,-89,80,57,279,12
4,7,157,1,157,-597,-77,80,79,283,12
4,7,158,1,158,-627,-99,80,67,274,11
4,7,159,1,159,-616,-90,80,71,278,12
4,7,160,1,160,-554,-84,80,97,280,12
4,7,161,1,161,-559,-69,80,94,286,12
4,7,162,1,162,-485,-77,80,124,283,12
4,7,163,1,163,-502,-91,80,117,278,12
4,7,164,1,164,-461,-70,80,133,286,12
4,7,165,1,165,-450,-82,80,138,281,12
4,7,166,1,166,-426,-77,80,148,283,12
4,7,167,1,167,-396,-87,80,159,279,12
4,7,168,1,168,-417,-57,80,151,291,12
4,7,169,1,169,-402,-60,80,157,290,12
4,7,170,1,170,-386,-68,80,164,287,12
4,7,171,1,171,-289,-90,80,202,278,12
4,7,172,1,172,-273,-72,80,209,285,12
4,7,173,1,173,-256,-86,80,215,279,12
4,7,174,1,174,-260,-72,80,214,285,12
4,7,175,1,175,-242,-66,80,221,288,12
4,7,176,1,176,-776,-33,80,8,301,13
4,7,177,1,177,-746,-44,80,20,296,12
4,7,178,1,178,-691,-32,80,41,301,13
4,7,179,1,179,-650,-41,80,58,298,12
4,7,180,1,180,-633,-47,80,65,295,12
4,7,181,1,181,-609,-53,80,74,293,12
4,7,182,1,182,-567,-37,80,91,299,12
4,7,183,1,183,-561,-48,80,94,295,12
4,7,184,1,184,-547,-47,80,99,295,12
4,7,185,1,185,-518,-59,80,111,290,12
4,7,186,1,186,-485,-41,80,124,297,12
4,7,187,1,187,-476,-54,80,127,292,12
4,7,188,1,188,-446,-46,80,139,296,12
4,7,189,1,189,-443,-60,80,141,290,12
4,7,190,1,190,-402,-46,80,157,296,12
4,7,191,1,191,-399,-34,80,158,300,12
4,7,192,1,192,-415,-36,80,152,299,12
4,7,193,1,193,-354,-31,80,176,302,13
4,7,194,1,194,-350,-40,80,178,298,12
4,7,195,1,195,-327,-48,80,187,295,12
4,7,196,1,196,-270,-36,80,210,300,12
4,7,197,1,197,-298,-49,80,199,294,12
4,7,198,1,198,-307,-30,80,195,302,13
4,7,199,1,199,-272,-56,80,209,291,12
4,7,200,1,200,-269,-23,80,210,305,13
4,7,201,1,201,-243,-54,80,221,292,12
4,7,202,1,202,-260,-31,80,214,302,13
4,7,203,1,203,-246,-35,80,220,300,12
4,7,204,1,204,-764,-5,80,13,312,13
4,7,205,1,205,-688,-5,80,43,312,13
4,7,206,1,206,-657,20,80,55,322,13
4,7,207,1,207,-657,-10,80,55,310,13
4,7,208,1,208,-619,-4,80,70,312,13
4,7,209,1,209,-603,-19,80,77,306,13
4,7,210,1,210,-591,13,80,81,319,13
4,7,211,1,211,-575,3,80,88,315,13
4,7,212,1,212,-532,6,80,105,316,13
4,7,213,1,213,-533,-20,80,105,306,13
4,7,214,1,214,-470,10,80,130,318,13
4,7,215,1,215,-406,-19,80,155,306,13
4,7,216,1,216,-408,-5,80,155,312,13
4,7,217,1,217,-371,2,80,169,315,13
4,7,218,1,218,-356,-20,80,176,306,13
4,7,219,1,219,-331,-10,80,185,310,13
4,7,220,1,220,-321,9,80,190,318,13
4,7,221,1,221,-336,6,80,184,316,13
4,7,222,1,222,-287,-3,80,203,313,13
4,7,223,1,223,-278,-15,80,207,308,13
4,7,224,1,224,-300,-15,80,198,308,13
4,7,225,1,225,-270,10,80,210,318,13
4,7,226,1,226,-234,6,80,224,316,13
4,7,227,1,227,-249,3,80,218,315,13
4,7,228,1,228,-187,15,80,243,320,13
4,7,229,1,229,-761,26,80,14,324,13
4,7,230,1,230,-732,30,80,25,326,14
4,7,231,1,231,-731,54,80,25,336,14
4,7,232,1,232,-619,31,80,70,327,14
4,7,233,1,233,-541,46,80,102,332,14
4,7,234,1,234,-526,23,80,108,323,13
4,7,235,1,235,-485,27,80,124,325,13
4,7,236,1,236,-509,35,80,114,328,14
4,7,237,1,237,-455,41,80,136,331,14
4,7,238,1,238,-430,24,80,146,324,13
4,7,239,1,239,-361,18,80,174,321,13
4,7,240,1,240,-251,36,80,218,328,14
4,7,241,1,241,-230,44,80,226,332,14
4,7,242,1,242,-262,37,80,213,329,14
4,7,243,1,243,-191,35,80,242,328,14
4,7,244,1,244,-751,64,80,17,340,14
4,7,245,1,245,-772,88,80,9,349,15
4,7,246,1,246,-743,72,80,21,343,14
4,7,247,1,247,-734,79,80,25,346,14
4,7,248,1,248,-698,90,80,39,350,15
4,7,249,1,249,-694,79,80,40,346,14
4,7,250,1,250,-713,89,80,33,350,15
4,7,251,1,251,-712,73,80,33,343,14
4,7,252,1,252,-660,70,80,54,342,14
4,7,253,1,253,-649,87,80,58,349,15
4,7,254,1,254,-490,99,80,122,353,15
4,7,255,1,255,-456,75,80,136,344,14
4,7,256,1,256,-444,88,80,141,349,15
4,7,257,1,257,-427,72,80,147,343,14
4,7,258,1,258,-331,86,80,185,348,14
4,7,259,1,259,-256,85,80,216,348,14
4,7,260,1,260,-205,74,80,236,343,14
4,7,261,1,261,-751,127,80,17,365,15
4,7,262,1,262,-734,126,80,25,365,15
4,7,263,1,263,-651,132,80,57,367,15
4,7,264,1,264,-524,106,80,108,357,15
4,7,265,1,265,-511,134,80,114,368,15
4,7,266,1,266,-537,128,80,103,365,15
4,7,267,1,267,-401,123,80,157,363,15
4,7,268,1,268,-390,129,80,162,365,15
4,7,269,1,269,-339,112,80,182,359,15
4,7,270,1,270,-210,119,80,234,362,15
4,7,271,1,271,-728,141,80,27,370,15
4,7,272,1,272,-679,161,80,46,378,16
4,7,273,1,273,-658,168,80,55,381,16
4,7,274,1,274,-552,151,80,97,375,16
4,7,275,1,275,-541,169,80,102,382,16
4,7,276,1,276,-530,141,80,106,370,15
4,7,277,1,277,-536,154,80,104,375,16
4,7,278,1,278,-491,165,80,122,380,16
4,7,279,1,279,-450,158,80,138,377,16
4,7,280,1,280,-419,149,80,150,373,16
4,7,281,1,281,-370,160,80,170,378,16
4,7,282,1,282,-253,142,80,217,371,15
4,7,283,1,283,-212,156,80,233,376,16
4,7,284,1,284,-200,170,80,238,382,16
4,7,285,1,285,-758,196,80,15,392,16
4,7,286,1,286,-741,210,80,22,398,17
4,7,287,1,287,-719,205,80,31,396,16
4,7,288,1,288,-676,203,80,48,395,16
4,7,289,1,289,-694,199,80,41,394,16
4,7,290,1,290,-646,193,80,59,391,16
4,7,291,1,291,-553,205,80,97,396,16
4,7,292,1,292,-491,211,80,121,398,17
4,7,293,1,293,-500,207,80,118,397,16
4,7,294,1,294,-491,188,80,122,389,16
4,7,295,1,295,-334,210,80,184,398,17
4,7,296,1,296,-300,196,80,198,393,16
4,7,297,1,297,-214,216,80,232,400,17
4,7,298,1,298,-784,245,80,4,412,17
4,7,299,1,299,-774,219,80,8,402,17
4,7,300,1,300,-730,241,80,26,410,17
4,7,301,1,301,-648,236,80,59,408,17
4,7,302,1,302,-656,256,80,56,416,17
4,7,303,1,303,-523,241,80,109,410,17
4,7,304,1,304,-429,248,80,146,413,17
4,7,305,1,305,-367,249,80,171,414,17
4,7,306,1,306,-715,301,80,32,434,18
4,7,307,1,307,-516,261,80,112,419,17
4,7,308,1,308,-453,281,80,137,426,18
4,7,309,1,309,-413,261,80,153,419,17
4,7,310,1,310,-306,265,80,195,420,17
4,7,311,1,311,-777,302,80,7,435,18
4,7,312,1,312,-781,307,80,6,437,18
4,7,313,1,313,-723,271,80,29,423,18
4,7,314,1,314,-284,308,80,204,437,18
4,7,315,1,315,-230,194,80,226,391,16
4,7,316,1,316,-747,148,80,19,373,16
4,7,317,1,317,-212,27,80,233,325,13
4,7,318,1,318,-711,269,80,34,421,18
4,7,319,1,319,-397,-413,80,159,149,6
4,7,320,1,320,-423,-536,80,149,100,4
4,7,321,1,321,-759,-185,80,15,240,10
4,7,322,1,322,-347,22,80,179,323,13
4,7,323,1,323,-711,-390,80,34,158,7
4,7,324,1,324,-226,-100,80,228,274,11
4,7,325,1,325,-512,-148,80,113,255,11
4,7,326,1,326,-506,-745,80,116,16,1
4,7,327,1,327,-201,-217,80,238,227,9
4,7,328,1,328,-441,142,80,142,371,15
4,7,329,1,329,-353,274,80,177,424,18
4,7,330,1,330,-637,-89,80,63,278,12
4,7,331,1,331,-312,-181,80,193,241,10
4,7,332,1,332,-269,-144,80,210,256,11
4,7,333,1,333,-348,-59,80,179,290,12
4,7,334,1,334,-589,102,80,82,355,15
4,7,335,1,335,-545,299,80,100,434,18
4,7,336,1,336,-750,96,80,18,352,15
4,7,337,1,337,-208,21,80,235,322,13
4,7,338,1,338,-205,-178,80,236,243,10
4,7,339,1,339,-356,-417,80,175,147,6
4,7,340,1,340,-518,-98,80,111,275,11
4,7,341,1,341,-479,-104,80,126,272,11
4,7,342,1,342,-549,-60,80,98,290,12
4,7,343,1,343,-220,-262,80,230,209,9
4,7,344,1,344,-472,278,80,129,425,18
4,7,345,1,345,-216,-220,80,231,226,9
4,7,346,1,346,-504,-301,80,116,194,8
4,7,347,1,347,-429,-139,80,146,259,11
4,7,348,1,348,-350,-331,80,178,182,8
4,7,349,1,349,-433,-15,80,145,308,13
4,7,350,1,350,-395,-300,80,160,194,8
4,7,351,1,351,-266,-218,80,212,227,9
4,7,352,1,352,-749,-375,80,18,164,7
4,7,353,1,353,-592,-179,80,81,243,10
4,7,354,1,354,-390,-534,80,162,100,4
4,7,355,1,355,-551,140,80,98,370,15
4,7,356,1,356,-707,-461,80,35,130,5
4,7,357,1,357,-472,-19,80,129,306,13
4,7,358,1,358,-307,138,80,195,369,15
4,7,359,1,359,-663,-383,80,53,161,7
4,7,360,1,360,-626,-61,80,68,289,12
4,7,361,1,361,-510,18,80,114,321,13
4,7,362,1,362,-440,-104,80,142,272,11
4,7,363,1,363,-423,-256,80,149,211,9
4,7,364,1,364,-202,-18,80,237,307,13
4,7,365,1,365,-434,-228,80,144,223,9
4,7,366,1,366,-472,-373,80,129,165,7
4,7,367,1,367,-740,-106,80,22,271,11
4,7,368,1,368,-710,138,80,34,369,15
4,7,369,1,369,-588,222,80,83,403,17
4,7,370,1,370,-474,222,80,129,403,17
4,7,371,1,371,-671,60,80,50,338,14
4,7,372,1,372,-203,-99,80,237,274,11
4,7,373,1,373,-311,-108,80,193,271,11
4,7,374,1,374,-507,65,80,115,340,14
4,7,375,1,375,-586,-20,80,84,306,13
4,7,376,1,376,-348,60,80,179,338,14
4,7,377,1,377,-354,286,80,176,429,18
4,7,378,1,378,-649,-456,80,58,132,5
4,7,379,1,379,-694,-376,80,40,164,7
4,7,380,1,380,-472,105,80,129,356,15
4,7,381,1,381,-188,-701,80,243,34,1
4,7,382,1,382,-743,-255,80,21,212,9
4,7,383,1,383,-519,-263,80,111,209,9
4,7,384,1,384,-462,67,80,133,341,14
4,7,385,1,385,-460,-500,80,134,114,5
4,7,386,1,386,-546,-324,80,100,184,8
4,7,387,1,387,-402,-554,80,157,92,4
4,7,388,1,388,-226,-39,80,227,298,12
4,7,389,1,389,-266,-177,80,212,243,10
4,7,390,1,390,-351,-132,80,177,261,11
4,7,391,1,391,-504,146,80,117,372,15
4,7,392,1,392,-221,-191,80,230,238,10
4,7,393,1,393,-357,-65,80,175,288,12
4,7,394,1,394,-430,-60,80,146,290,12
4,7,395,1,395,-651,64,80,58,339,14
4,7,396,1,396,-229,-276,80,226,204,8
4,7,397,1,397,-749,55,80,19,336,14
4,7,398,1,398,-749,259,80,18,418,17
4,7,399,1,399,-718,-130,80,31,262,11
4,7,400,1,400,-542,-346,80,101,176,7
4,7,401,1,401,-678,262,80,47,419,17
4,7,402,1,402,-434,-582,80,145,81,3
4,7,403,1,403,-389,-141,80,163,258,11
4,7,404,1,404,-620,51,80,70,334,14
4,7,405,1,405,-388,-177,80,163,243,10
4,7,406,1,406,-209,-138,80,234,259,11
4,7,407,1,407,-629,220,80,66,402,17
4,7,408,1,408,-363,-374,80,173,164,7
4,7,409,1,409,-663,-339,80,53,178,7
4,7,410,1,410,-270,-263,80,210,209,9
4,7,411,1,411,-361,-304,80,173,192,8
4,7,412,1,412,-429,-501,80,146,114,5
4,7,413,1,413,-703,-18,80,37,307,13
4,7,414,1,414,-559,302,80,94,435,18
4,7,415,1,415,-548,-309,80,99,191,8
4,7,416,1,416,-225,-235,80,228,220,9
4,7,417,1,417,-664,-236,80,52,220,9
4,7,418,1,418,-195,19,80,240,322,13
4,7,419,1,419,-384,-24,80,164,305,13
4,7,420,1,420,-232,-83,80,225,281,12
4,7,421,1,421,-741,-221,80,22,226,9
4,7,422,1,422,-596,-338,80,80,179,7
4,7,423,1,423,-505,119,80,116,361,15
4,7,424,1,424,-700,118,80,38,361,15
4,7,425,1,425,-549,-357,80,99,171,7
4,7,426,1,426,-580,60,80,86,338,14
4,7,427,1,427,-328,-266,80,187,208,9
4,7,428,1,428,-513,231,80,113,406,17
4,7,429,1,429,-480,142,80,126,371,15
4,7,430,1,430,-426,153,80,148,375,16
4,7,431,1,431,-432,303,80,145,435,18
4,7,432,1,432,-589,-320,80,82,186,8
4,7,433,1,433,-712,-394,80,33,156,7
4,7,434,1,434,-614,-95,80,72,276,11
4,7,435,1,435,-530,-102,80,106,273,11
4,7,436,1,436,-587,-150,80,83,254,11
4,7,437,1,437,-425,-47,80,148,295,12
4,7,438,1,438,-203,-29,80,237,302,13
4,7,439,1,439,-548,-154,80,99,252,10
4,7,440,1,440,-695,272,80,40,423,18
4,7,441,1,441,-205,-164,80,236,248,10
4,7,442,1,442,-579,-100,80,86,274,11
4,7,443,1,443,-689,-302,80,42,193,8
4,7,444,1,444,-548,-68,80,99,287,12
4,7,445,1,445,-594,-47,80,80,295,12
4,7,446,1,446,-731,222,80,26,403,17
4,7,447,1,447,-612,-183,80,73,241,10
4,7,448,1,448,-195,-66,80,240,287,12
4,7,449,1,449,-521,302,80,110,435,18
4,7,450,1,450,-196,-237,80,240,219,9
4,7,451,1,451,-509,289,80,114,430,18
4,7,452,1,452,-315,-76,80,192,284,12
4,7,453,1,453,-361,-258,80,174,211,9
4,7,454,1,454,-612,-335,80,73,180,7
4,7,455,1,455,-646,63,80,60,339,14
4,7,456,1,456,-730,299,80,26,433,18
4,7,457,1,457,-751,196,80,18,393,16
4,7,458,1,458,-593,-202,80,81,233,10
4,7,459,1,459,-237,-5,80,223,312,13
4,7,460,1,460,-191,-163,80,242,249,10
4,7,461,1,461,-497,255,80,119,416,17
4,7,462,1,462,-462,-97,80,133,275,11
4,7,463,1,463,-552,-12,80,97,309,13
4,7,464,1,464,-274,-314,80,208,189,8
4,7,465,1,465,-629,-240,80,66,218,9
4,7,466,1,466,-434,-208,80,145,231,10
4,7,467,1,467,-766,215,80,12,400,17
4,7,468,1,468,-578,257,80,87,417,17
4,7,469,1,469,-473,-89,80,129,278,12
4,7,470,1,470,-512,-79,80,113,282,12
4,7,471,1,471,-236,-169,80,224,246,10
4,7,472,1,472,-536,259,80,104,418,17
4,7,473,1,473,-345,85,80,180,348,14
4,7,474,1,474,-576,-177,80,88,243,10
4,7,475,1,475,-191,-46,80,242,295,12
4,7,476,1,476,-503,-152,80,117,253,11
4,7,477,1,477,-638,-279,80,63,202,8
4,7,478,1,478,-346,-234,80,180,220,9
4,7,479,1,479,-347,-114,80,179,268,11
4,7,480,1,480,-414,62,80,152,339,14
4,7,481,1,481,-194,-268,80,240,207,9
4,7,482,1,482,-391,-119,80,162,266,11
4,7,483,1,483,-268,-162,80,211,249,10
4,7,484,1,484,-726,287,80,28,429,18
4,7,485,1,485,-217,-71,80,231,286,12
4,7,486,1,486,-585,-227,80,84,223,9
4,7,487,1,487,-184,-68,80,244,287,12
4,7,488,1,488,-450,-543,80,138,97,4
4,7,489,1,489,-553,-286,80,97,199,8
4,7,490,1,490,-773,56,80,9,336,14
4,7,491,1,491,-294,97,80,200,353,15
4,7,492,1,492,-218,-165,80,231,248,10
4,7,493,1,493,-419,137,80,150,369,15
4,7,494,1,494,-736,278,80,24,425,18
4,7,495,1,495,-468,-120,80,131,266,11
4,7,496,1,496,-752,-768,80,17,7,0
4,7,497,1,497,-253,-101,80,217,274,11
4,7,498,1,498,-271,-192,80,210,237,10
4,7,499,1,499,-531,-62,80,106,289,12
4,7,500,1,500,-676,-362,80,48,169,7
4,7,501,1,501,-641,23,80,62,323,13
4,7,502,1,502,-617,253,80,71,415,17
4,7,503,1,503,-258,-22,80,215,305,13
4,7,504,1,504,-710,-8,80,34,311,13
4,7,505,1,505,-368,-190,80,171,238,10
4,7,506,1,506,-352,76,80,177,344,14
4,7,507,1,507,-483,293,80,125,431,18
4,7,508,1,508,-674,-315,80,48,188,8
4,7,509,1,509,-627,-122,80,67,265,11
4,7,510,1,510,-356,-312,80,175,189,8
4,7,511,1,511,-218,-43,80,231,297,12
4,7,512,1,512,-711,-34,80,34,300,12
4,7,513,1,513,-483,-137,80,125,259,11
4,7,514,1,514,-291,-104,80,202,272,11
4,7,515,1,515,-726,257,80,28,417,17
4,7,516,1,516,-199,-132,80,238,261,11
4,7,517,1,517,-671,301,80,49,435,18
4,7,518,1,518,-435,-290,80,144,198,8
4,7,519,1,519,-578,-135,80,87,260,11
4,7,520,1,520,-325,-334,80,188,180,8
4,7,521,1,521,-549,-273,80,98,205,9
4,7,522,1,522,-327,-95,80,187,276,11
4,7,523,1,523,-417,291,80,151,431,18
4,7,524,1,524,-233,-157,80,225,251,10
4,7,525,1,525,-730,-100,80,26,274,11
4,7,526,1,526,-386,-278,80,164,203,8
4,7,527,1,527,-698,258,80,39,417,17
4,7,528,1,528,-632,-768,80,65,7,0
4,7,529,1,529,-307,295,80,195,432,18
4,7,530,1,530,-773,184,80,9,387,16
4,7,531,1,531,-208,-232,80,235,221,9
4,7,532,1,532,-546,-774,80,99,4,0
4,7,533,1,533,-745,108,80,20,357,15
4,7,534,1,534,-734,97,80,24,353,15
4,7,535,1,535,-513,91,80,113,350,15
4,7,536,1,536,-466,-160,80,132,250,10
4,7,537,1,537,-549,86,80,98,349,14
4,7,538,1,538,-344,-269,80,180,206,9
4,7,539,1,539,-616,-23,80,72,305,13
4,7,540,1,540,-488,-341,80,123,178,7
4,7,541,1,541,-712,32,80,33,327,14
4,7,542,1,542,-307,-316,80,195,187,8
4,7,543,1,543,-211,-278,80,234,203,8
4,7,544,1,544,-371,-59,80,170,291,12
4,7,545,1,545,-216,-26,80,231,303,13
4,7,546,1,546,-373,103,80,169,355,15
4,7,547,1,547,-349,-195,80,178,236,10
4,7,548,1,548,-255,-52,80,216,293,12
4,7,549,1,549,-752,81,80,17,346,14
4,7,550,1,550,-309,277,80,194,425,18
4,7,551,1,551,-487,-303,80,123,193,8
4,7,552,1,552,-325,279,80,188,426,18
4,7,553,1,553,-625,-30,80,68,302,13
4,7,554,1,554,-430,152,80,146,375,16
4,7,555,1,555,-535,296,80,104,432,18
4,7,556,1,556,-213,-3,80,233,313,13
4,7,557,1,557,-321,-169,80,190,246,10
4,7,558,1,558,-317,-142,80,191,257,11
4,7,559,1,559,-382,-316,80,165,188,8
4,7,560,1,560,-208,89,80,235,350,15
4,7,561,1,561,-656,-24,80,56,304,13
4,7,562,1,562,-653,-498,80,57,115,5
4,7,563,1,563,-647,-150,80,59,254,11
4,7,564,1,564,-297,63,80,199,339,14
4,7,565,1,565,-746,-88,80,20,279,12
4,7,566,1,566,-511,165,80,114,380,16
4,7,567,1,567,-311,-406,80,194,152,6
4,7,568,1,568,-513,-765,80,113,8,0
4,7,569,1,569,-652,-337,80,57,179,7
4,7,570,1,570,-470,-136,80,130,260,11
4,7,571,1,571,-469,122,80,130,363,15
4,7,572,1,572,-694,101,80,40,354,15
4,7,573,1,573,-779,28,80,7,325,14
4,7,574,1,574,-418,221,80,151,403,17
4,7,575,1,575,-229,122,80,227,363,15
4,7,576,1,576,-629,-332,80,66,181,8
4,7,577,1,577,-510,-182,80,114,241,10
4,7,578,1,578,-591,-133,80,82,261,11
4,7,579,1,579,-240,20,80,222,322,13
4,7,580,1,580,-456,-342,80,136,177,7
4,7,581,1,581,-345,-188,80,180,239,10
4,7,582,1,582,-380,143,80,166,371,15
4,7,583,1,583,-576,-58,80,88,291,12
4,7,584,1,584,-195,0,80,240,314,13
4,7,585,1,585,-470,-588,80,130,79,3
4,7,586,1,586,-484,255,80,124,416,17
4,7,587,1,587,-552,12,80,97,319,13
4,7,588,1,588,-430,213,80,146,399,17
4,7,589,1,589,-280,-111,80,206,270,11
4,7,590,1,590,-666,-142,80,51,257,11
4,7,591,1,591,-633,-166,80,65,248,10
4,7,592,1,592,-684,-493,80,45,117,5
4,7,593,1,593,-234,69,80,225,342,14
4,7,594,1,594,-313,-51,80,193,293,12
4,7,595,1,595,-454,140,80,136,370,15
4,7,596,1,596,-588,79,80,83,345,14
4,7,597,1,597,-605,-132,80,76,261,11
4,7,598,1,598,-691,226,80,42,404,17
4,7,599,1,599,-236,98,80,224,353,15
4,7,600,1,600,-187,-348,80,243,175,7
4,7,601,1,601,-510,-286,80,114,200,8
4,7,602,1,602,-361,-205,80,174,232,10
4,7,603,1,603,-498,17,80,119,321,13
4,7,604,1,604,-498,-347,80,119,175,7
4,7,605,1,605,-308,-281,80,195,202,8
4,7,606,1,606,-492,-537,80,121,99,4
4,7,607,1,607,-363,223,80,173,403,17
4,7,608,1,608,-339,-25,80,182,304,13
4,7,609,1,609,-350,-52,80,178,293,12
4,7,610,1,610,-293,-263,80,201,209,9
4,7,611,1,611,-772,2,80,9,315,13
4,7,612,1,612,-703,-160,80,37,250,10
4,7,613,1,613,-617,-225,80,71,224,9
4,7,614,1,614,-785,-86,80,4,280,12
4,7,615,1,615,-419,-295,80,150,196,8
4,7,616,1,616,-636,46,80,64,332,14
4,7,617,1,617,-426,235,80,148,408,17
4,7,618,1,618,-782,-282,80,5,201,8
4,7,619,1,619,-454,-400,80,137,154,6
4,7,620,1,620,-482,-380,80,125,162,7
4,7,621,1,621,-248,-296,80,219,196,8
4,7,622,1,622,-605,63,80,76,339,14
4,7,623,1,623,-312,-267,80,193,207,9
4,7,624,1,624,-326,25,80,188,324,13
4,7,625,1,625,-314,75,80,193,344,14
4,7,626,1,626,-311,-236,80,194,220,9
4,7,627,1,627,-504,247,80,116,413,17
4,7,628,1,628,-715,164,80,32,380,16
4,7,629,1,629,-749,41,80,18,330,14
4,7,630,1,630,-472,41,80,129,331,14
4,7,631,1,631,-386,111,80,164,358,15
4,7,632,1,632,-749,4,80,18,315,13
4,7,633,1,633,-336,293,80,184,431,18
4,7,634,1,634,-525,60,80,108,338,14
4,7,635,1,635,-308,238,80,195,409,17
4,7,636,1,636,-186,-401,80,244,153,6
4,7,637,1,637,-432,286,80,145,429,18
4,7,638,1,638,-670,243,80,50,411,17
4,7,639,1,639,-706,43,80,36,331,14
4,7,640,1,640,-627,-256,80,67,212,9
4,7,641,1,641,-549,66,80,98,340,14
4,7,642,1,642,-483,-31,80,125,301,13
4,7,643,1,643,-231,80,80,225,346,14
4,7,644,2,1,87,-670,80,121,46,21
4,7,645,2,2,-146,-560,80,28,90,23
4,7,646,2,3,-7,-552,80,83,93,23
4,7,647,2,4,81,-566,80,119,87,23
4,7,648,2,5,-109,-470,80,42,126,25
4,7,649,2,6,-142,-442,80,29,137,25
4,7,650,2,7,-121,-436,80,38,140,25
4,7,651,2,8,46,-462,80,104,129,25
4,7,652,2,9,94,-460,80,123,130,25
4,7,653,2,10,243,-396,80,183,156,26
4,7,654,2,11,-205,-353,80,4,173,27
4,7,655,2,12,-119,-348,80,38,175,27
4,7,656,2,13,11,-367,80,90,167,26
4,7,657,2,14,217,-357,80,173,171,26
4,7,658,2,15,-141,-329,80,29,182,27
4,7,659,2,16,-116,-321,80,40,186,27
4,7,660,2,17,-103,-325,80,45,184,27
4,7,661,2,18,-77,-313,80,55,189,27
4,7,662,2,19,3,-316,80,87,187,27
4,7,663,2,20,1,-306,80,86,192,27
4,7,664,2,21,55,-321,80,108,186,27
4,7,665,2,22,160,-308,80,150,191,27
4,7,666,2,23,282,-319,80,199,186,27
4,7,667,2,24,-163,-277,80,21,203,28
4,7,668,2,25,-145,-259,80,28,211,28
4,7,669,2,26,-155,-268,80,24,207,28
4,7,670,2,27,-103,-276,80,45,204,28
4,7,671,2,28,-58,-287,80,63,199,28
4,7,672,2,29,-65,-270,80,60,206,28
4,7,673,2,30,-53,-263,80,65,209,28
4,7,674,2,31,3,-285,80,87,200,28
4,7,675,2,32,56,-281,80,108,202,28
4,7,676,2,33,98,-278,80,125,203,28
4,7,677,2,34,-206,-227,80,4,223,29
4,7,678,2,35,-182,-247,80,13,215,28
4,7,679,2,36,-148,-230,80,27,222,29
4,7,680,2,37,-102,-245,80,45,216,28
4,7,681,2,38,-122,-238,80,37,219,28
4,7,682,2,39,-102,-230,80,45,222,29
4,7,683,2,40,-63,-253,80,61,213,28
4,7,684,2,41,-77,-230,80,55,222,29
4,7,685,2,42,8,-251,80,89,214,28
4,7,686,2,43,56,-242,80,108,217,28
4,7,687,2,44,-183,-208,80,13,231,29
4,7,688,2,45,-166,-203,80,20,233,29
4,7,689,2,46,-73,-216,80,57,228,29
4,7,690,2,47,-19,-201,80,78,234,29
4,7,691,2,48,-28,-203,80,75,233,29
4,7,692,2,49,63,-208,80,111,231,29
4,7,693,2,50,82,-194,80,119,236,29
4,7,694,2,51,324,-194,80,215,236,29
4,7,695,2,52,-184,-155,80,12,252,30
4,7,696,2,53,-199,-156,80,6,252,30
4,7,697,2,54,-170,-165,80,18,248,30
4,7,698,2,55,-154,-151,80,25,254,30
4,7,699,2,56,-114,-145,80,40,256,30
4,7,700,2,57,-116,-158,80,40,251,30
4,7,701,2,58,-83,-152,80,53,253,30
4,7,702,2,59,-1,-150,80,86,254,30
4,7,703,2,60,126,-150,80,136,254,30
4,7,704,2,61,167,-165,80,153,248,30
4,7,705,2,62,248,-157,80,185,251,30
4,7,706,2,63,295,-158,80,204,251,30
4,7,707,2,64,321,-160,80,214,250,30
4,7,708,2,65,309,-166,80,210,248,30
4,7,709,2,66,397,-155,80,245,252,30
4,7,710,2,67,-191,-114,80,10,268,30
4,7,711,2,68,-136,-129,80,32,262,30
4,7,712,2,69,-157,-113,80,23,269,31
4,7,713,2,70,-108,-120,80,43,266,30
4,7,714,2,71,-78,-120,80,55,266,30
4,7,715,2,72,-65,-110,80,60,270,31
4,7,716,2,73,-48,-112,80,67,269,31
4,7,717,2,74,40,-127,80,102,263,30
4,7,718,2,75,79,-129,80,118,262,30
4,7,719,2,76,98,-110,80,125,270,31
4,7,720,2,77,88,-124,80,121,264,30
4,7,721,2,78,122,-124,80,135,265,30
4,7,722,2,79,160,-113,80,150,269,31
4,7,723,2,80,171,-118,80,154,267,30
4,7,724,2,81,202,-122,80,167,265,30
4,7,725,2,82,208,-100,80,169,274,31
4,7,726,2,83,220,-129,80,174,263,30
4,7,727,2,84,238,-116,80,181,268,30
4,7,728,2,85,292,-123,80,203,265,30
4,7,729,2,86,282,-130,80,199,262,30
4,7,730,2,87,291,-106,80,203,272,31
4,7,731,2,88,-188,-91,80,11,278,31
4,7,732,2,89,-193,-73,80,9,285,31
4,7,733,2,90,-150,-65,80,26,288,31
4,7,734,2,91,-167,-66,80,19,288,31
4,7,735,2,92,-137,-61,80,31,289,31
4,7,736,2,93,-113,-95,80,41,276,31
4,7,737,2,94,-98,-78,80,47,283,31
4,7,738,2,95,-51,-89,80,66,278,31
4,7,739,2,96,3,-89,80,87,278,31
4,7,740,2,97,37,-78,80,101,283,31
4,7,741,2,98,40,-63,80,102,289,31
4,7,742,2,99,91,-85,80,122,280,31
4,7,743,2,100,144,-101,80,144,274,31
4,7,744,2,101,178,-74,80,157,285,31
4,7,745,2,102,183,-82,80,159,281,31
4,7,746,2,103,247,-87,80,185,279,31
4,7,747,2,104,261,-68,80,190,287,31
4,7,748,2,105,230,-79,80,178,282,31
4,7,749,2,106,-181,-32,80,14,301,32
4,7,750,2,107,-202,-28,80,5,303,32
4,7,751,2,108,-157,-36,80,23,300,32
4,7,752,2,109,-149,-23,80,27,305,32
4,7,753,2,110,-146,-48,80,28,295,32
4,7,754,2,111,-159,-53,80,22,293,32
4,7,755,2,112,-100,-49,80,46,295,32
4,7,756,2,113,-96,-34,80,48,300,32
4,7,757,2,114,-127,-27,80,35,303,32
4,7,758,2,115,-80,-31,80,54,302,32
4,7,759,2,116,-65,-32,80,60,301,32
4,7,760,2,117,-28,-47,80,75,295,32
4,7,761,2,118,2,-60,80,87,290,31
4,7,762,2,119,49,-37,80,106,299,32
4,7,763,2,120,54,-45,80,108,296,32
4,7,764,2,121,76,-53,80,117,293,32
4,7,765,2,122,69,-34,80,114,300,32
4,7,766,2,123,202,-41,80,167,298,32
4,7,767,2,124,303,-47,80,207,295,32
4,7,768,2,125,291,-34,80,202,300,32
4,7,769,2,126,334,-46,80,220,296,32
4,7,770,2,127,314,-33,80,212,301,32
4,7,771,2,128,344,-29,80,223,302,32
4,7,772,2,129,-201,9,80,6,318,33
4,7,773,2,130,-157,13,80,23,319,33
4,7,774,2,131,-142,17,80,29,321,33
4,7,775,2,132,-112,-1,80,41,314,32
4,7,776,2,133,-112,-12,80,41,309,32
4,7,777,2,134,-108,11,80,43,319,33
4,7,778,2,135,-83,4,80,53,316,32
4,7,779,2,136,-74,-9,80,56,310,32
4,7,780,2,137,14,-10,80,91,310,32
4,7,781,2,138,204,-7,80,167,311,32
4,7,782,2,139,229,-15,80,177,308,32
4,7,783,2,140,305,7,80,208,317,33
4,7,784,2,141,288,-21,80,201,306,32
4,7,785,2,142,342,2,80,223,315,32
4,7,786,2,143,324,-20,80,215,306,32
4,7,787,2,144,-180,44,80,14,332,33
4,7,788,2,145,-186,35,80,12,328,33
4,7,789,2,146,-169,44,80,19,332,33
4,7,790,2,147,-153,46,80,25,332,33
4,7,791,2,148,-101,25,80,46,324,33
4,7,792,2,149,-98,41,80,47,330,33
4,7,793,2,150,-75,51,80,56,334,33
4,7,794,2,151,-73,19,80,57,322,33
4,7,795,2,152,0,41,80,86,330,33
4,7,796,2,153,123,33,80,135,327,33
4,7,797,2,154,133,42,80,139,331,33
4,7,798,2,155,264,38,80,191,329,33
4,7,799,2,156,310,41,80,210,330,33
4,7,800,2,157,334,32,80,220,327,33
4,7,801,2,158,-200,84,80,6,348,34
4,7,802,2,159,-160,65,80,22,340,33
4,7,803,2,160,-156,83,80,24,347,34
4,7,804,2,161,13,74,80,91,343,34
4,7,805,2,162,111,97,80,131,353,34
4,7,806,2,163,145,100,80,144,354,34
4,7,807,2,164,173,89,80,155,349,34
4,7,808,2,165,198,80,80,165,346,34
4,7,809,2,166,334,80,80,220,346,34
4,7,810,2,167,342,62,80,223,339,33
4,7,811,2,168,-171,120,80,17,362,34
4,7,812,2,169,-157,104,80,23,356,34
4,7,813,2,170,-120,127,80,38,365,35
4,7,814,2,171,14,110,80,91,358,34
4,7,815,2,172,11,140,80,90,370,35
4,7,816,2,173,81,125,80,118,364,34
4,7,817,2,174,190,115,80,162,360,34
4,7,818,2,175,189,127,80,162,365,35
4,7,819,2,176,169,127,80,153,365,34
4,7,820,2,177,211,112,80,170,359,34
4,7,821,2,178,203,121,80,167,362,34
4,7,822,2,179,218,127,80,173,365,35
4,7,823,2,180,250,121,80,186,362,34
4,7,824,2,181,-153,175,80,25,384,35
4,7,825,2,182,-117,155,80,39,376,35
4,7,826,2,183,-108,158,80,43,377,35
4,7,827,2,184,7,154,80,89,376,35
4,7,828,2,185,95,167,80,124,381,35
4,7,829,2,186,134,157,80,140,377,35
4,7,830,2,187,109,151,80,130,374,35
4,7,831,2,188,127,168,80,137,381,35
4,7,832,2,189,124,157,80,136,377,35
4,7,833,2,190,214,162,80,172,379,35
4,7,834,2,191,255,148,80,188,373,35
4,7,835,2,192,-131,219,80,34,402,36
4,7,836,2,193,4,213,80,87,399,36
4,7,837,2,194,35,197,80,100,393,36
4,7,838,2,195,45,181,80,104,386,35
4,7,839,2,196,53,217,80,107,401,36
4,7,840,2,197,95,203,80,124,395,36
4,7,841,2,198,99,184,80,126,388,35
4,7,842,2,199,122,202,80,135,395,36
4,7,843,2,200,136,184,80,141,388,35
4,7,844,2,201,160,190,80,150,390,36
4,7,845,2,202,170,200,80,154,394,36
4,7,846,2,203,215,203,80,172,395,36
4,7,847,2,204,222,193,80,175,391,36
4,7,848,2,205,190,207,80,162,397,36
4,7,849,2,206,215,180,80,172,386,35
4,7,850,2,207,283,195,80,199,392,36
4,7,851,2,208,-31,237,80,73,409,36
4,7,852,2,209,1,250,80,87,414,37
4,7,853,2,210,15,237,80,92,409,36
4,7,854,2,211,61,233,80,110,407,36
4,7,855,2,212,65,249,80,112,413,37
4,7,856,2,213,45,249,80,104,414,37
4,7,857,2,214,45,234,80,104,408,36
4,7,858,2,215,90,235,80,122,408,36
4,7,859,2,216,126,231,80,137,406,36
4,7,860,2,217,154,245,80,148,412,36
4,7,861,2,218,174,220,80,156,402,36
4,7,862,2,219,220,244,80,174,411,36
4,7,863,2,220,206,247,80,168,413,37
4,7,864,2,221,193,228,80,163,405,36
4,7,865,2,222,-28,293,80,75,431,37
4,7,866,2,223,2,262,80,87,419,37
4,7,867,2,224,97,255,80,125,416,37
4,7,868,2,225,122,260,80,135,418,37
4,7,869,2,226,-98,308,80,47,437,38
4,7,870,2,227,-90,302,80,50,435,37
4,7,871,2,228,336,-341,80,220,178,27
4,7,872,2,229,230,140,80,178,370,35
4,7,873,2,230,193,-68,80,163,287,31
4,7,874,2,231,110,265,80,130,420,37
4,7,875,2,232,-14,282,80,80,427,37
4,7,876,2,233,299,-62,80,205,289,31
4,7,877,2,234,261,219,80,190,402,36
4,7,878,2,235,19,-67,80,94,287,31
4,7,879,2,236,390,-167,80,242,247,30
4,7,880,2,237,304,73,80,208,343,34
4,7,881,2,238,-87,-97,80,51,275,31
4,7,882,2,239,317,100,80,213,354,34
4,7,883,2,240,338,95,80,221,352,34
4,7,884,2,241,110,59,80,130,338,33
4,7,885,2,242,352,65,80,227,340,33
4,7,886,2,243,186,298,80,160,433,37
4,7,887,2,244,232,-699,80,179,35,21
4,7,888,2,245,-48,-61,80,67,290,31
4,7,889,2,246,232,-98,80,179,275,31
4,7,890,2,247,376,-178,80,236,243,29
4,7,891,2,248,-89,-142,80,50,257,30
4,7,892,2,249,-169,-17,80,18,307,32
4,7,893,2,250,268,-57,80,193,291,31
4,7,894,2,251,72,-178,80,115,243,29
4,7,895,2,252,145,-63,80,144,289,31
4,7,896,2,253,-90,-20,80,50,306,32
4,7,897,2,254,389,-149,80,242,254,30
4,7,898,2,255,309,-179,80,210,243,29
4,7,899,2,256,75,-263,80,116,209,28
4,7,900,2,257,189,-499,80,162,114,24
4,7,901,2,258,-8,-263,80,83,209,28
4,7,902,2,259,69,-220,80,114,226,29
4,7,903,2,260,151,174,80,146,384,35
4,7,904,2,261,347,-145,80,225,256,30
4,7,905,2,262,195,142,80,164,371,35
4,7,906,2,263,-90,98,80,50,353,34
4,7,907,2,264,-3,66,80,85,340,33
4,7,908,2,265,-165,-215,80,20,228,29
4,7,909,2,266,-129,-176,80,34,244,29
4,7,910,2,267,-93,29,80,49,326,33
4,7,911,2,268,361,-178,80,230,243,29
4,7,912,2,269,34,146,80,100,373,35
4,7,913,2,270,46,293,80,104,431,37
4,7,914,2,271,-88,289,80,51,430,37
4,7,915,2,272,153,-136,80,147,260,30
4,7,916,2,273,-131,101,80,33,354,34
4,7,917,2,274,105,-260,80,128,210,28
4,7,918,2,275,-171,102,80,17,355,34
4,7,919,2,276,311,-218,80,210,227,29
4,7,920,2,277,-174,-265,80,16,208,28
4,7,921,2,278,190,-578,80,162,83,23
4,7,922,2,279,-136,179,80,31,386,35
4,7,923,2,280,227,16,80,177,320,33
4,7,924,2,281,36,273,80,100,423,37
4,7,925,2,282,188,-96,80,161,276,31
4,7,926,2,283,-48,141,80,67,370,35
4,7,927,2,284,-61,90,80,62,350,34
4,7,928,2,285,92,143,80,123,371,35
4,7,929,2,286,-96,-133,80,48,261,30
4,7,930,2,287,38,-309,80,101,190,27
4,7,931,2,288,-17,-52,80,79,293,32
4,7,932,2,289,35,-103,80,100,273,31
4,7,933,2,290,309,-160,80,210,250,30
4,7,934,2,291,-1,-104,80,86,272,31
4,7,935,2,292,101,308,80,126,437,38
4,7,936,2,293,228,-140,80,177,258,30
4,7,937,2,294,-3,-190,80,85,238,29
4,7,938,2,295,314,51,80,211,334,33
4,7,939,2,296,-130,-304,80,34,192,27
4,7,940,2,297,-17,-72,80,79,285,31
4,7,941,2,298,-81,21,80,54,322,33
4,7,942,2,299,21,-15,80,94,308,32
4,7,943,2,300,148,214,80,145,400,36
4,7,944,2,301,-173,20,80,17,322,33
4,7,945,2,302,109,-68,80,130,287,31
4,7,946,2,303,227,-183,80,177,241,29
4,7,947,2,304,-10,225,80,82,404,36
4,7,948,2,305,235,52,80,180,335,33
4,7,949,2,306,-109,-330,80,42,182,27
4,7,950,2,307,30,255,80,98,416,37
4,7,951,2,308,-84,114,80,52,359,34
4,7,952,2,309,216,21,80,172,322,33
4,7,953,2,310,-117,-343,80,39,177,27
4,7,954,2,311,12,-300,80,91,194,27
4,7,955,2,312,204,-56,80,168,292,31
4,7,956,2,313,-130,-73,80,34,285,31
4,7,957,2,314,-193,-264,80,9,209,28
4,7,958,2,315,-185,-179,80,12,242,29
4,7,959,2,316,396,102,80,244,355,34
4,7,960,2,317,186,-123,80,160,265,30
4,7,961,2,318,-134,-204,80,32,232,29
4,7,962,2,319,193,-49,80,163,294,32
4,7,963,2,320,226,-91,80,176,277,31
4,7,964,2,321,29,-37,80,98,299,32
4,7,965,2,322,137,-136,80,141,259,30
4,7,966,2,323,-51,-325,80,66,184,27
4,7,967,2,324,-108,-220,80,43,226,29
4,7,968,2,325,144,-121,80,144,266,30
4,7,969,2,326,189,153,80,161,375,35
4,7,970,2,327,251,-138,80,186,259,30
4,7,971,2,328,-117,19,80,39,322,33
4,7,972,2,329,184,287,80,160,429,37
4,7,973,2,330,-27,-263,80,75,209,28
4,7,974,2,331,201,275,80,166,424,37
4,7,975,2,332,224,308,80,176,437,38
4,7,976,2,333,143,292,80,143,431,37
4,7,977,2,334,-172,34,80,17,328,33
4,7,978,2,335,-189,-25,80,10,304,32
4,7,979,2,336,131,-95,80,138,276,31
4,7,980,2,337,57,277,80,109,425,37
4,7,981,2,338,27,293,80,97,431,37
4,7,982,2,339,75,207,80,116,397,36
4,7,983,2,340,-11,-292,80,82,197,28
4,7,984,2,341,12,-134,80,91,260,30
4,7,985,2,342,26,-72,80,96,285,31
4,7,986,2,343,317,-77,80,213,283,31
4,7,987,2,344,230,295,80,178,432,37
4,7,988,2,345,-127,-42,80,35,297,32
4,7,989,2,346,-170,-152,80,18,253,30
4,7,990,2,347,-140,-97,80,30,275,31
4,7,991,2,348,-161,-226,80,22,223,29
4,7,992,2,349,388,78,80,241,345,34
4,7,993,2,350,89,-183,80,122,241,29
4,7,994,2,351,1,181,80,86,386,35
4,7,995,2,352,-187,-223,80,11,225,29
4,7,996,2,353,31,-199,80,98,234,29
4,7,997,2,354,-159,-254,80,22,212,28
4,7,998,2,355,-143,-139,80,29,258,30
4,7,999,2,356,26,-367,80,96,167,26
4,7,1000,2,357,388,101,80,241,354,34
4,7,1001,2,358,-49,-165,80,66,248,30
4,7,1002,2,359,-12,205,80,81,396,36
4,7,1003,2,360,18,258,80,93,417,37
4,7,1004,2,361,-12,87,80,81,349,34
4,7,1005,2,362,-25,-290,80,76,198,28
4,7,1006,2,363,-131,-326,80,34,184,27
4,7,1007,2,364,170,100,80,154,354,34
4,7,1008,2,365,-148,-338,80,27,179,27
4,7,1009,2,366,52,-256,80,107,211,28
4,7,1010,2,367,-198,-143,80,7,257,30
4,7,1011,2,368,28,210,80,97,398,36
4,7,1012,2,369,313,-274,80,211,204,28
4,7,1013,2,370,-46,-280,80,68,202,28
4,7,1014,2,371,-73,-138,80,57,259,30
4,7,1015,2,372,-170,-7,80,18,311,32
4,7,1016,2,373,-97,-91,80,47,278,31
4,7,1017,2,374,4,-25,80,88,304,32
4,7,1018,2,375,387,141,80,241,371,35
4,7,1019,2,376,227,-32,80,177,301,32
4,7,1020,2,377,207,22,80,169,323,33
4,7,1021,2,378,-96,-206,80,48,232,29
4,7,1022,2,379,38,294,80,101,432,37
4,7,1023,2,380,33,-168,80,99,247,30
4,7,1024,2,381,78,-22,80,117,305,32
4,7,1025,2,382,28,164,80,97,380,35
4,7,1026,2,383,375,-46,80,236,296,32
4,7,1027,2,384,-127,-117,80,35,267,30
4,7,1028,2,385,-168,-87,80,19,279,31
4,7,1029,2,386,-137,-375,80,31,164,26
4,7,1030,2,387,-88,-140,80,51,258,30
4,7,1031,2,388,-86,-270,80,52,206,28
4,7,1032,2,389,130,106,80,138,356,34
4,7,1033,2,390,274,-327,80,195,183,27
4,7,1034,2,391,-16,-219,80,80,226,29
4,7,1035,2,392,201,148,80,166,373,35
4,7,1036,2,393,184,-207,80,160,231,29
4,7,1037,2,394,82,-214,80,119,228,29
4,7,1038,2,395,-31,-332,80,73,181,27
4,7,1039,2,396,-123,186,80,37,388,35
4,7,1040,2,397,-49,-438,80,66,139,25
4,7,1041,2,398,110,234,80,130,408,36
4,7,1042,2,399,175,186,80,156,388,35
4,7,1043,2,400,-28,-95,80,75,276,31
4,7,1044,2,401,125,-212,80,136,229,29
4,7,1045,2,402,22,-185,80,95,240,29
4,7,1046,2,403,-50,-369,80,66,166,26
4,7,1047,2,404,-79,-62,80,55,289,31
4,7,1048,2,405,151,89,80,146,350,34
4,7,1049,2,406,386,51,80,241,335,33
4,7,1050,2,407,349,-43,80,226,297,32
4,7,1051,2,408,59,-20,80,110,306,32
4,7,1052,2,409,-7,165,80,83,380,35
4,7,1053,2,410,74,225,80,116,404,36
4,7,1054,2,411,-56,6,80,63,316,32
4,7,1055,2,412,17,221,80,93,402,36
4,7,1056,2,413,-66,-69,80,59,286,31
4,7,1057,2,414,-20,-23,80,78,305,32
4,7,1058,2,415,15,-230,80,92,222,29
4,7,1059,2,416,-165,183,80,20,387,35
4,7,1060,2,417,-3,78,80,85,345,34
4,7,1061,2,418,12,273,80,91,423,37
4,7,1062,2,419,59,141,80,110,370,35
4,7,1063,2,420,27,2,80,97,315,32
4,7,1064,2,421,4,-273,80,88,205,28
4,7,1065,2,422,-14,115,80,81,360,34
4,7,1066,2,423,-45,-253,80,68,213,28
4,7,1067,2,424,320,-58,80,214,291,31
4,7,1068,2,425,321,-741,80,215,18,20
4,7,1069,2,426,62,194,80,111,392,36
4,7,1070,2,427,127,64,80,137,339,33
4,7,1071,2,428,315,-323,80,212,185,27
4,7,1072,2,429,56,66,80,108,340,33
4,7,1073,2,430,45,150,80,104,374,35
4,7,1074,2,431,256,-340,80,188,178,27
4,7,1075,2,432,-79,-259,80,54,210,28
4,7,1076,2,433,298,17,80,205,321,33
4,7,1077,2,434,-178,6,80,15,316,32
4,7,1078,2,435,20,184,80,94,388,35
4,7,1079,2,436,244,122,80,184,363,34
4,7,1080,2,437,-186,58,80,12,337,33
4,7,1081,2,438,-53,-340,80,65,178,27
4,7,1082,2,439,-122,143,80,37,371,35
4,7,1083,2,440,253,-776,80,187,4,20
4,7,1084,2,441,-171,-124,80,18,264,30
4,7,1085,2,442,361,-46,80,231,296,32
4,7,1086,2,443,108,-728,80,129,23,20
4,7,1087,2,444,355,260,80,228,418,37
4,7,1088,2,445,300,-235,80,206,220,28
4,7,1089,2,446,274,201,80,196,395,36
4,7,1090,2,447,354,105,80,227,356,34
4,7,1091,2,448,-196,-306,80,8,192,27
4,7,1092,2,449,174,-378,80,156,163,26
4,7,1093,2,450,98,-100,80,125,274,31
4,7,1094,2,451,-77,246,80,55,412,36
4,7,1095,2,452,-189,177,80,10,385,35
4,7,1096,3,1,-777,-756,220,7,12,39
4,7,1097,3,2,-785,-776,220,4,4,39
4,7,1098,3,3,-762,-775,220,13,4,39
4,7,1099,3,4,-719,-770,220,30,6,39
4,7,1100,3,5,-720,-779,220,30,2,39
4,7,1101,3,6,-646,-769,220,60,6,39
4,7,1102,3,7,-612,-754,220,73,12,39
4,7,1103,3,8,-558,-772,220,95,5,39
4,7,1104,3,9,-527,-765,220,107,8,39
4,7,1105,3,10,-459,-771,220,135,6,39
4,7,1106,3,11,-472,-769,220,129,6,39
4,7,1107,3,12,-426,-758,220,148,11,39
4,7,1108,3,13,-366,-762,220,172,9,39
4,7,1109,3,14,-236,-778,220,224,3,39
4,7,1110,3,15,-777,-718,220,7,27,40
4,7,1111,3,16,-762,-732,220,13,21,40
4,7,1112,3,17,-727,-735,220,27,20,40
4,7,1113,3,18,-701,-703,220,38,33,40
4,7,1114,3,19,-645,-722,220,60,25,40
4,7,1115,3,20,-560,-696,220,94,36,40
4,7,1116,3,21,-513,-742,220,113,17,39
4,7,1117,3,22,-532,-711,220,105,30,40
4,7,1118,3,23,-534,-737,220,104,19,39
4,7,1119,3,24,-500,-742,220,118,17,39
4,7,1120,3,25,-460,-710,220,134,30,40
4,7,1121,3,26,-397,-700,220,159,34,40
4,7,1122,3,27,-420,-703,220,150,33,40
4,7,1123,3,28,-432,-725,220,145,24,40
4,7,1124,3,29,-369,-731,220,171,22,40
4,7,1125,3,30,-326,-703,220,188,33,40
4,7,1126,3,31,-786,-675,220,4,44,41
4,7,1127,3,32,-719,-663,220,30,49,41
4,7,1128,3,33,-690,-671,220,42,46,41
4,7,1129,3,34,-671,-673,220,49,45,41
4,7,1130,3,35,-706,-687,220,36,39,40
4,7,1131,3,36,-707,-660,220,35,50,41
4,7,1132,3,37,-652,-674,220,57,44,41
4,7,1133,3,38,-651,-657,220,58,51,41
4,7,1134,3,39,-622,-670,220,69,46,41
4,7,1135,3,40,-635,-655,220,64,52,41
4,7,1136,3,41,-568,-673,220,91,45,41
4,7,1137,3,42,-566,-657,220,91,51,41
4,7,1138,3,43,-582,-678,220,85,43,40
4,7,1139,3,44,-546,-678,220,100,43,40
4,7,1140,3,45,-487,-657,220,123,51,41
4,7,1141,3,46,-440,-687,220,142,39,40
4,7,1142,3,47,-460,-656,220,134,51,41
4,7,1143,3,48,-445,-669,220,140,46,41
4,7,1144,3,49,-437,-658,220,143,51,41
4,7,1145,3,50,-417,-673,220,151,45,41
4,7,1146,3,51,-407,-670,220,155,46,41
4,7,1147,3,52,-410,-692,220,154,37,40
4,7,1148,3,53,-364,-657,220,172,51,41
4,7,1149,3,54,-379,-684,220,166,41,40
4,7,1150,3,55,-335,-668,220,184,47,41
4,7,1151,3,56,-199,-697,220,238,35,40
4,7,1152,3,57,-766,-644,220,12,56,41
4,7,1153,3,58,-728,-634,220,27,60,41
4,7,1154,3,59,-693,-645,220,41,56,41
4,7,1155,3,60,-672,-627,220,49,63,41
4,7,1156,3,61,-705,-629,220,36,62,41
4,7,1157,3,62,-661,-653,220,54,53,41
4,7,1158,3,63,-657,-643,220,55,57,41
4,7,1159,3,64,-643,-637,220,61,59,41
4,7,1160,3,65,-624,-625,220,68,64,41
4,7,1161,3,66,-606,-645,220,76,56,41
4,7,1162,3,67,-611,-631,220,74,62,41
4,7,1163,3,68,-567,-629,220,91,62,41
4,7,1164,3,69,-590,-651,220,82,54,41
4,7,1165,3,70,-584,-621,220,84,65,41
4,7,1166,3,71,-519,-629,220,110,62,41
4,7,1167,3,72,-537,-635,220,103,60,41
4,7,1168,3,73,-482,-634,220,125,60,41
4,7,1169,3,74,-501,-638,220,118,59,41
4,7,1170,3,75,-496,-624,220,120,64,41
4,7,1171,3,76,-485,-626,220,124,64,41
4,7,1172,3,77,-432,-648,220,145,55,41
4,7,1173,3,78,-448,-624,220,139,64,41
4,7,1174,3,79,-407,-637,220,155,59,41
4,7,1175,3,80,-416,-633,220,152,61,41
4,7,1176,3,81,-387,-644,220,163,57,41
4,7,1177,3,82,-367,-618,220,171,67,41
4,7,1178,3,83,-339,-619,220,182,66,41
4,7,1179,3,84,-288,-613,220,203,69,42
4,7,1180,3,85,-258,-637,220,215,59,41
4,7,1181,3,86,-244,-626,220,221,64,41
4,7,1182,3,87,-722,-614,220,29,68,42
4,7,1183,3,88,-707,-594,220,35,76,42
4,7,1184,3,89,-711,-612,220,33,69,42
4,7,1185,3,90,-695,-609,220,40,70,42
4,7,1186,3,91,-695,-593,220,40,77,42
4,7,1187,3,92,-683,-591,220,45,78,42
4,7,1188,3,93,-642,-594,220,61,77,42
4,7,1189,3,94,-633,-611,220,65,70,42
4,7,1190,3,95,-612,-603,220,73,73,42
4,7,1191,3,96,-599,-600,220,79,74,42
4,7,1192,3,97,-572,-593,220,89,77,42
4,7,1193,3,98,-517,-596,220,111,76,42
4,7,1194,3,99,-478,-607,220,127,71,42
4,7,1195,3,100,-498,-599,220,119,75,42
4,7,1196,3,101,-501,-613,220,118,69,42
4,7,1197,3,102,-437,-605,220,143,72,42
4,7,1198,3,103,-444,-580,220,140,82,42
4,7,1199,3,104,-462,-600,220,133,74,42
4,7,1200,3,105,-413,-583,220,153,81,42
4,7,1201,3,106,-419,-596,220,150,76,42
4,7,1202,3,107,-375,-608,220,168,71,42
4,7,1203,3,108,-329,-606,220,186,71,42
4,7,1204,3,109,-333,-592,220,185,77,42
4,7,1205,3,110,-297,-595,220,199,76,42
4,7,1206,3,111,-289,-603,220,202,73,42
4,7,1207,3,112,-289,-588,220,202,79,42
4,7,1208,3,113,-256,-587,220,216,79,42
4,7,1209,3,114,-270,-603,220,210,73,42
4,7,1210,3,115,-271,-589,220,210,79,42
4,7,1211,3,116,-275,-615,220,208,68,42
4,7,1212,3,117,-232,-593,220,225,77,42
4,7,1213,3,118,-195,-611,220,240,70,42
4,7,1214,3,119,-185,-591,220,244,78,42
4,7,1215,3,120,-783,-560,220,5,90,42
4,7,1216,3,121,-759,-556,220,14,92,43
4,7,1217,3,122,-731,-551,220,25,93,43
4,7,1218,3,123,-742,-538,220,21,99,43
4,7,1219,3,124,-673,-571,220,49,85,42
4,7,1220,3,125,-699,-579,220,39,83,42
4,7,1221,3,126,-695,-547,220,40,95,43
4,7,1222,3,127,-650,-566,220,58,87,42
4,7,1223,3,128,-647,-580,220,59,82,42
4,7,1224,3,129,-622,-565,220,69,88,42
4,7,1225,3,130,-572,-550,220,89,94,43
4,7,1226,3,131,-578,-575,220,87,84,42
4,7,1227,3,132,-555,-559,220,96,91,42
4,7,1228,3,133,-531,-549,220,106,94,43
4,7,1229,3,134,-519,-548,220,110,95,43
4,7,1230,3,135,-510,-564,220,114,89,42
4,7,1231,3,136,-525,-571,220,108,86,42
4,7,1232,3,137,-484,-570,220,124,86,42
4,7,1233,3,138,-494,-560,220,120,90,42
4,7,1234,3,139,-451,-562,220,137,89,42
4,7,1235,3,140,-439,-563,220,142,89,42
4,7,1236,3,141,-396,-559,220,160,90,42
4,7,1237,3,142,-344,-569,220,180,86,42
4,7,1238,3,143,-300,-575,220,198,84,42
4,7,1239,3,144,-288,-572,220,203,85,42
4,7,1240,3,145,-285,-558,220,204,91,42
4,7,1241,3,146,-302,-551,220,197,94,43
4,7,1242,3,147,-260,-544,220,214,96,43
4,7,1243,3,148,-251,-560,220,218,90,42
4,7,1244,3,149,-782,-529,220,5,103,43
4,7,1245,3,150,-752,-528,220,17,103,43
4,7,1246,3,151,-728,-520,220,27,106,43
4,7,1247,3,152,-733,-530,220,25,102,43
4,7,1248,3,153,-687,-529,220,43,102,43
4,7,1249,3,154,-647,-507,220,59,111,43
4,7,1250,3,155,-613,-541,220,73,98,43
4,7,1251,3,156,-563,-533,220,93,101,43
4,7,1252,3,157,-569,-521,220,90,106,43
4,7,1253,3,158,-523,-533,220,109,101,43
4,7,1254,3,159,-536,-525,220,104,104,43
4,7,1255,3,160,-495,-514,220,120,109,43
4,7,1256,3,161,-501,-523,220,118,105,43
4,7,1257,3,162,-439,-529,220,142,102,43
4,7,1258,3,163,-475,-522,220,128,105,43
4,7,1259,3,164,-474,-511,220,128,110,43
4,7,1260,3,165,-403,-520,220,157,106,43
4,7,1261,3,166,-419,-527,220,150,103,43
4,7,1262,3,167,-386,-509,220,163,110,43
4,7,1263,3,168,-379,-528,220,166,103,43
4,7,1264,3,169,-337,-522,220,183,105,43
4,7,1265,3,170,-322,-508,220,189,111,43
4,7,1266,3,171,-297,-520,220,199,106,43
4,7,1267,3,172,-282,-512,220,205,109,43
4,7,1268,3,173,-291,-503,220,202,113,43
4,7,1269,3,174,-282,-521,220,205,105,43
4,7,1270,3,175,-267,-531,220,211,102,43
4,7,1271,3,176,-254,-507,220,217,111,43
4,7,1272,3,177,-250,-533,220,218,101,43
4,7,1273,3,178,-232,-502,220,225,113,43
4,7,1274,3,179,-767,-468,220,11,127,44
4,7,1275,3,180,-700,-488,220,38,119,44
4,7,1276,3,181,-679,-479,220,47,122,44
4,7,1277,3,182,-659,-478,220,55,123,44
4,7,1278,3,183,-662,-486,220,53,120,44
4,7,1279,3,184,-637,-474,220,63,124,44
4,7,1280,3,185,-605,-491,220,76,118,44
4,7,1281,3,186,-598,-484,220,79,120,44
4,7,1282,3,187,-600,-471,220,78,126,44
4,7,1283,3,188,-581,-475,220,86,124,44
4,7,1284,3,189,-560,-472,220,94,125,44
4,7,1285,3,190,-570,-490,220,90,118,44
4,7,1286,3,191,-590,-458,220,82,131,44
4,7,1287,3,192,-516,-468,220,112,127,44
4,7,1288,3,193,-512,-484,220,113,120,44
4,7,1289,3,194,-533,-473,220,105,125,44
4,7,1290,3,195,-369,-473,220,170,125,44
4,7,1291,3,196,-380,-478,220,166,123,44
4,7,1292,3,197,-325,-471,220,188,125,44
4,7,1293,3,198,-318,-461,220,191,130,44
4,7,1294,3,199,-291,-481,220,201,122,44
4,7,1295,3,200,-298,-460,220,199,130,44
4,7,1296,3,201,-272,-483,220,209,121,44
4,7,1297,3,202,-251,-491,220,217,118,44
4,7,1298,3,203,-776,-431,220,8,142,45
4,7,1299,3,204,-762,-427,220,13,143,45
4,7,1300,3,205,-722,-433,220,29,141,45
4,7,1301,3,206,-719,-450,220,30,134,44
4,7,1302,3,207,-694,-446,220,41,136,44
4,7,1303,3,208,-658,-429,220,55,143,45
4,7,1304,3,209,-665,-450,220,52,134,44
4,7,1305,3,210,-608,-428,220,75,143,45
4,7,1306,3,211,-618,-439,220,71,138,44
4,7,1307,3,212,-610,-453,220,74,133,44
4,7,1308,3,213,-572,-442,220,89,137,44
4,7,1309,3,214,-572,-431,220,89,142,45
4,7,1310,3,215,-530,-433,220,106,141,45
4,7,1311,3,216,-478,-443,220,127,137,44
4,7,1312,3,217,-478,-454,220,127,132,44
4,7,1313,3,218,-441,-447,220,141,135,44
4,7,1314,3,219,-404,-451,220,156,134,44
4,7,1315,3,220,-361,-425,220,174,144,45
4,7,1316,3,221,-358,-452,220,175,133,44
4,7,1317,3,222,-333,-442,220,185,137,44
4,7,1318,3,223,-316,-444,220,192,136,44
4,7,1319,3,224,-282,-453,220,205,133,44
4,7,1320,3,225,-298,-451,220,199,134,44
4,7,1321,3,226,-264,-437,220,212,139,44
4,7,1322,3,227,-253,-447,220,217,135,44
4,7,1323,3,228,-783,-405,220,5,152,45
4,7,1324,3,229,-764,-391,220,12,157,45
4,7,1325,3,230,-760,-409,220,14,150,45
4,7,1326,3,231,-738,-412,220,23,149,45
4,7,1327,3,232,-705,-396,220,36,156,45
4,7,1328,3,233,-662,-410,220,53,150,45
4,7,1329,3,234,-662,-392,220,53,157,45
4,7,1330,3,235,-574,-398,220,88,155,45
4,7,1331,3,236,-581,-413,220,86,149,45
4,7,1332,3,237,-528,-402,220,107,153,45
4,7,1333,3,238,-483,-411,220,125,150,45
4,7,1334,3,239,-471,-404,220,130,152,45
4,7,1335,3,240,-501,-402,220,118,153,45
4,7,1336,3,241,-500,-388,220,118,159,45
4,7,1337,3,242,-454,-405,220,136,152,45
4,7,1338,3,243,-445,-386,220,140,160,45
4,7,1339,3,244,-400,-418,220,158,147,45
4,7,1340,3,245,-403,-391,220,157,158,45
4,7,1341,3,246,-361,-402,220,173,153,45
4,7,1342,3,247,-378,-409,220,167,150,45
4,7,1343,3,248,-378,-395,220,167,156,45
4,7,1344,3,249,-321,-402,220,190,153,45
4,7,1345,3,250,-337,-393,220,183,157,45
4,7,1346,3,251,-293,-407,220,201,151,45
4,7,1347,3,252,-191,-380,220,242,162,45
4,7,1348,3,253,-200,-396,220,238,156,45
4,7,1349,3,254,-767,-366,220,11,168,46
4,7,1350,3,255,-735,-368,220,24,167,46
4,7,1351,3,256,-734,-354,220,24,173,46
4,7,1352,3,257,-707,-345,220,35,176,46
4,7,1353,3,258,-697,-347,220,39,175,46
4,7,1354,3,259,-688,-373,220,43,165,46
4,7,1355,3,260,-701,-369,220,38,167,46
4,7,1356,3,261,-673,-348,220,49,175,46
4,7,1357,3,262,-640,-365,220,62,168,46
4,7,1358,3,263,-651,-372,220,58,165,46
4,7,1359,3,264,-597,-356,220,79,172,46
4,7,1360,3,265,-587,-367,220,83,167,46
4,7,1361,3,266,-532,-368,220,105,167,46
4,7,1362,3,267,-521,-365,220,110,168,46
4,7,1363,3,268,-495,-350,220,120,174,46
4,7,1364,3,269,-485,-356,220,124,172,46
4,7,1365,3,270,-477,-344,220,127,176,46
4,7,1366,3,271,-449,-362,220,138,169,46
4,7,1367,3,272,-437,-356,220,143,172,46
4,7,1368,3,273,-439,-376,220,142,164,45
4,7,1369,3,274,-444,-335,220,140,180,46
4,7,1370,3,275,-421,-351,220,150,174,46
4,7,1371,3,276,-400,-367,220,158,167,46
4,7,1372,3,277,-415,-368,220,152,167,46
4,7,1373,3,278,-366,-375,220,172,164,46
4,7,1374,3,279,-378,-376,220,167,164,45
4,7,1375,3,280,-364,-359,220,172,170,46
4,7,1376,3,281,-320,-369,220,190,167,46
4,7,1377,3,282,-330,-374,220,186,164,46
4,7,1378,3,283,-287,-377,220,203,163,45
4,7,1379,3,284,-287,-340,220,203,178,46
4,7,1380,3,285,-242,-365,220,221,168,46
4,7,1381,3,286,-251,-374,220,218,165,46
4,7,1382,3,287,-243,-351,220,221,173,46
4,7,1383,3,288,-270,-369,220,210,166,46
4,7,1384,3,289,-187,-337,220,243,179,46
4,7,1385,3,290,-773,-324,220,9,184,46
4,7,1386,3,291,-719,-306,220,31,192,47
4,7,1387,3,292,-716,-329,220,32,182,46
4,7,1388,3,293,-694,-315,220,40,188,47
4,7,1389,3,294,-685,-323,220,44,185,46
4,7,1390,3,295,-607,-314,220,75,188,47
4,7,1391,3,296,-617,-333,220,71,181,46
4,7,1392,3,297,-560,-328,220,94,183,46
4,7,1393,3,298,-580,-311,220,86,189,47
4,7,1394,3,299,-525,-319,220,108,186,46
4,7,1395,3,300,-528,-306,220,107,192,47
4,7,1396,3,301,-531,-327,220,105,183,46
4,7,1397,3,302,-492,-307,220,121,191,47
4,7,1398,3,303,-466,-326,220,132,184,46
4,7,1399,3,304,-456,-312,220,136,189,47
4,7,1400,3,305,-451,-326,220,138,183,46
4,7,1401,3,306,-400,-320,220,158,186,46
4,7,1402,3,307,-418,-325,220,151,184,46
4,7,1403,3,308,-427,-329,220,147,182,46
4,7,1404,3,309,-422,-308,220,149,191,47
4,7,1405,3,310,-379,-333,220,167,181,46
4,7,1406,3,311,-392,-339,220,161,178,46
4,7,1407,3,312,-340,-316,220,182,188,46
4,7,1408,3,313,-324,-323,220,189,185,46
4,7,1409,3,314,-284,-310,220,204,190,47
4,7,1410,3,315,-246,-310,220,220,190,47
4,7,1411,3,316,-264,-316,220,212,188,46
4,7,1412,3,317,-257,-297,220,215,195,47
4,7,1413,3,318,-229,-299,220,226,195,47
4,7,1414,3,319,-193,-308,220,241,191,47
4,7,1415,3,320,-784,-289,220,4,199,47
4,7,1416,3,321,-763,-289,220,13,199,47
4,7,1417,3,322,-772,-275,220,9,204,47
4,7,1418,3,323,-724,-293,220,28,197,47
4,7,1419,3,324,-723,-272,220,29,205,47
4,7,1420,3,325,-679,-272,220,46,205,47
4,7,1421,3,326,-696,-280,220,40,202,47
4,7,1422,3,327,-646,-268,220,60,207,47
4,7,1423,3,328,-640,-280,220,62,202,47
4,7,1424,3,329,-671,-279,220,50,203,47
4,7,1425,3,330,-630,-260,220,66,210,47
4,7,1426,3,331,-612,-291,220,73,198,47
4,7,1427,3,332,-601,-294,220,77,197,47
4,7,1428,3,333,-623,-285,220,69,200,47
4,7,1429,3,334,-616,-271,220,72,206,47
4,7,1430,3,335,-566,-284,220,92,200,47
4,7,1431,3,336,-582,-289,220,85,198,47
4,7,1432,3,337,-564,-296,220,92,196,47
4,7,1433,3,338,-523,-276,220,109,204,47
4,7,1434,3,339,-491,-284,220,122,201,47
4,7,1435,3,340,-463,-291,220,133,198,47
4,7,1436,3,341,-470,-275,220,130,204,47
4,7,1437,3,342,-442,-280,220,141,202,47
4,7,1438,3,343,-396,-280,220,160,202,47
4,7,1439,3,344,-423,-268,220,149,207,47
4,7,1440,3,345,-378,-277,220,167,203,47
4,7,1441,3,346,-359,-279,220,175,202,47
4,7,1442,3,347,-371,-284,220,170,201,47
4,7,1443,3,348,-337,-288,220,183,199,47
4,7,1444,3,349,-284,-288,220,204,199,47
4,7,1445,3,350,-251,-280,220,218,202,47
4,7,1446,3,351,-762,-244,220,13,216,48
4,7,1447,3,352,-775,-254,220,8,212,48
4,7,1448,3,353,-787,-251,220,3,214,48
4,7,1449,3,354,-720,-248,220,30,215,48
4,7,1450,3,355,-732,-244,220,25,216,48
4,7,1451,3,356,-729,-231,220,27,222,48
4,7,1452,3,357,-681,-252,220,46,213,48
4,7,1453,3,358,-662,-253,220,53,213,48
4,7,1454,3,359,-601,-249,220,78,215,48
4,7,1455,3,360,-563,-256,220,93,212,47
4,7,1456,3,361,-568,-244,220,91,216,48
4,7,1457,3,362,-521,-247,220,110,215,48
4,7,1458,3,363,-531,-248,220,106,215,48
4,7,1459,3,364,-517,-235,220,111,220,48
4,7,1460,3,365,-487,-239,220,123,218,48
4,7,1461,3,366,-464,-249,220,132,214,48
4,7,1462,3,367,-406,-243,220,155,217,48
4,7,1463,3,368,-381,-232,220,166,221,48
4,7,1464,3,369,-381,-243,220,166,217,48
4,7,1465,3,370,-361,-227,220,173,223,48
4,7,1466,3,371,-336,-235,220,184,220,48
4,7,1467,3,372,-351,-250,220,178,214,48
4,7,1468,3,373,-281,-249,220,205,215,48
4,7,1469,3,374,-260,-250,220,214,214,48
4,7,1470,3,375,-266,-239,220,212,219,48
4,7,1471,3,376,-766,-197,220,12,235,48
4,7,1472,3,377,-787,-217,220,3,227,48
4,7,1473,3,378,-774,-189,220,8,238,49
4,7,1474,3,379,-774,-213,220,9,229,48
4,7,1475,3,380,-741,-218,220,22,227,48
4,7,1476,3,381,-713,-223,220,33,225,48
4,7,1477,3,382,-728,-185,220,27,240,49
4,7,1478,3,383,-677,-209,220,47,230,48
4,7,1479,3,384,-698,-194,220,39,236,49
4,7,1480,3,385,-690,-206,220,42,232,48
4,7,1481,3,386,-640,-200,220,62,234,48
4,7,1482,3,387,-652,-197,220,57,235,48
4,7,1483,3,388,-663,-183,220,53,241,49
4,7,1484,3,389,-598,-193,220,79,237,49
4,7,1485,3,390,-609,-186,220,74,240,49
4,7,1486,3,391,-561,-207,220,94,231,48
4,7,1487,3,392,-522,-208,220,109,231,48
4,7,1488,3,393,-542,-203,220,101,233,48
4,7,1489,3,394,-517,-185,220,111,240,49
4,7,1490,3,395,-497,-199,220,119,235,48
4,7,1491,3,396,-482,-211,220,125,230,48
4,7,1492,3,397,-467,-193,220,131,237,49
4,7,1493,3,398,-507,-182,220,115,241,49
4,7,1494,3,399,-460,-188,220,134,239,49
4,7,1495,3,400,-448,-191,220,139,238,49
4,7,1496,3,401,-423,-200,220,149,234,48
4,7,1497,3,402,-360,-186,220,174,240,49
4,7,1498,3,403,-323,-192,220,189,237,49
4,7,1499,3,404,-318,-196,220,191,235,48
4,7,1500,3,405,-284,-201,220,204,234,48
4,7,1501,3,406,-240,-201,220,222,234,48
4,7,1502,3,407,-254,-186,220,216,239,49
4,7,1503,3,408,-197,-183,220,239,241,49
4,7,1504,3,409,-780,-160,220,6,250,49
4,7,1505,3,410,-768,-163,220,11,249,49
4,7,1506,3,411,-759,-175,220,15,244,49
4,7,1507,3,412,-734,-166,220,24,247,49
4,7,1508,3,413,-718,-159,220,31,250,49
4,7,1509,3,414,-676,-148,220,48,255,49
4,7,1510,3,415,-687,-162,220,43,249,49
4,7,1511,3,416,-645,-162,220,60,249,49
4,7,1512,3,417,-623,-152,220,69,253,49
4,7,1513,3,418,-607,-151,220,75,254,49
4,7,1514,3,419,-568,-149,220,91,255,49
4,7,1515,3,420,-539,-146,220,103,256,49
4,7,1516,3,421,-517,-138,220,111,259,49
4,7,1517,3,422,-482,-173,220,125,245,49
4,7,1518,3,423,-507,-165,220,115,248,49
4,7,1519,3,424,-446,-163,220,140,249,49
4,7,1520,3,425,-406,-154,220,156,252,49
4,7,1521,3,426,-384,-171,220,164,246,49
4,7,1522,3,427,-350,-144,220,178,257,49
4,7,1523,3,428,-341,-149,220,182,255,49
4,7,1524,3,429,-323,-142,220,189,257,49
4,7,1525,3,430,-280,-168,220,206,247,49
4,7,1526,3,431,-278,-152,220,207,253,49
4,7,1527,3,432,-261,-159,220,214,250,49
4,7,1528,3,433,-258,-173,220,215,245,49
4,7,1529,3,434,-265,-147,220,212,255,49
4,7,1530,3,435,-212,-147,220,233,255,49
4,7,1531,3,436,-231,-158,220,225,251,49
4,7,1532,3,437,-185,-171,220,244,245,49
4,7,1533,3,438,-191,-152,220,241,253,49
4,7,1534,3,439,-775,-114,220,8,268,50
4,7,1535,3,440,-768,-135,220,11,260,49
4,7,1536,3,441,-770,-98,220,10,275,50
4,7,1537,3,442,-723,-99,220,29,275,50
4,7,1538,3,443,-683,-122,220,45,265,50
4,7,1539,3,444,-695,-111,220,40,270,50
4,7,1540,3,445,-656,-119,220,56,266,50
4,7,1541,3,446,-640,-138,220,62,259,49
4,7,1542,3,447,-638,-122,220,63,265,50
4,7,1543,3,448,-608,-130,220,75,262,50
4,7,1544,3,449,-607,-119,220,75,266,50
4,7,1545,3,450,-577,-110,220,87,270,50
4,7,1546,3,451,-542,-129,220,101,263,50
4,7,1547,3,452,-525,-133,220,108,261,50
4,7,1548,3,453,-539,-116,220,102,268,50
4,7,1549,3,454,-498,-109,220,119,271,50
4,7,1550,3,455,-449,-113,220,138,269,50
4,7,1551,3,456,-451,-123,220,138,265,50
4,7,1552,3,457,-400,-119,220,158,266,50
4,7,1553,3,458,-412,-123,220,153,265,50
4,7,1554,3,459,-428,-116,220,147,267,50
4,7,1555,3,460,-376,-114,220,168,268,50
4,7,1556,3,461,-364,-127,220,172,263,50
4,7,1557,3,462,-325,-114,220,188,268,50
4,7,1558,3,463,-317,-104,220,191,272,50
4,7,1559,3,464,-288,-127,220,203,263,50
4,7,1560,3,465,-300,-131,220,198,262,50
4,7,1561,3,466,-200,-114,220,238,268,50
4,7,1562,3,467,-779,-73,220,6,285,51
4,7,1563,3,468,-758,-92,220,15,277,50
4,7,1564,3,469,-720,-81,220,30,282,50
4,7,1565,3,470,-682,-83,220,45,281,50
4,7,1566,3,471,-687,-60,220,43,290,51
4,7,1567,3,472,-649,-86,220,59,280,50
4,7,1568,3,473,-660,-85,220,54,280,50
4,7,1569,3,474,-634,-83,220,65,281,50
4,7,1570,3,475,-673,-90,220,49,278,50
4,7,1571,3,476,-613,-77,220,73,283,50
4,7,1572,3,477,-614,-64,220,72,288,51
4,7,1573,3,478,-602,-70,220,77,286,51
4,7,1574,3,479,-560,-90,220,94,278,50
4,7,1575,3,480,-542,-77,220,101,283,50
4,7,1576,3,481,-543,-68,220,101,287,51
4,7,1577,3,482,-496,-90,220,119,278,50
4,7,1578,3,483,-480,-71,220,126,286,51
4,7,1579,3,484,-494,-76,220,120,284,50
4,7,1580,3,485,-446,-83,220,140,281,50
4,7,1581,3,486,-450,-74,220,138,285,51
4,7,1582,3,487,-465,-76,220,132,283,50
4,7,1583,3,488,-449,-98,220,139,275,50
4,7,1584,3,489,-408,-81,220,155,282,50
4,7,1585,3,490,-416,-83,220,152,281,50
4,7,1586,3,491,-384,-99,220,164,274,50
4,7,1587,3,492,-378,-75,220,167,284,50
4,7,1588,3,493,-365,-87,220,172,279,50
4,7,1589,3,494,-319,-71,220,190,286,51
4,7,1590,3,495,-299,-85,220,198,280,50
4,7,1591,3,496,-287,-82,220,203,281,50
4,7,1592,3,497,-287,-104,220,203,273,50
4,7,1593,3,498,-255,-73,220,216,285,51
4,7,1594,3,499,-230,-70,220,226,286,51
4,7,1595,3,500,-214,-74,220,232,284,50
4,7,1596,3,501,-754,-33,220,17,301,51
4,7,1597,3,502,-716,-45,220,32,296,51
4,7,1598,3,503,-689,-42,220,42,297,51
4,7,1599,3,504,-658,-28,220,55,303,51
4,7,1600,3,505,-645,-48,220,60,295,51
4,7,1601,3,506,-620,-48,220,70,295,51
4,7,1602,3,507,-572,-48,220,89,295,51
4,7,1603,3,508,-592,-35,220,81,300,51
4,7,1604,3,509,-530,-37,220,106,299,51
4,7,1605,3,510,-501,-40,220,118,298,51
4,7,1606,3,511,-499,-49,220,118,294,51
4,7,1607,3,512,-480,-46,220,126,296,51
4,7,1608,3,513,-454,-40,220,136,298,51
4,7,1609,3,514,-443,-27,220,141,303,51
4,7,1610,3,515,-424,-45,220,148,296,51
4,7,1611,3,516,-457,-61,220,135,290,51
4,7,1612,3,517,-410,-38,220,154,299,51
4,7,1613,3,518,-398,-36,220,159,300,51
4,7,1614,3,519,-380,-47,220,166,295,51
4,7,1615,3,520,-391,-23,220,162,305,51
4,7,1616,3,521,-370,-21,220,170,306,51
4,7,1617,3,522,-323,-33,220,189,301,51
4,7,1618,3,523,-298,-38,220,199,299,51
4,7,1619,3,524,-262,-45,220,213,296,51
4,7,1620,3,525,-250,-44,220,218,297,51
4,7,1621,3,526,-221,-43,220,230,297,51
4,7,1622,3,527,-759,0,220,15,314,52
4,7,1623,3,528,-765,7,220,12,317,52
4,7,1624,3,529,-718,-11,220,31,310,52
4,7,1625,3,530,-722,8,220,29,317,52
4,7,1626,3,531,-651,7,220,58,317,52
4,7,1627,3,532,-652,-14,220,57,308,51
4,7,1628,3,533,-617,14,220,71,320,52
4,7,1629,3,534,-621,-13,220,70,309,52
4,7,1630,3,535,-572,-14,220,89,308,51
4,7,1631,3,536,-562,5,220,93,316,52
4,7,1632,3,537,-562,-4,220,93,312,52
4,7,1633,3,538,-531,4,220,105,316,52
4,7,1634,3,539,-541,13,220,101,319,52
4,7,1635,3,540,-548,-3,220,99,313,52
4,7,1636,3,541,-479,-22,220,126,305,51
4,7,1637,3,542,-473,5,220,129,316,52
4,7,1638,3,543,-443,-1,220,141,314,52
4,7,1639,3,544,-399,4,220,158,316,52
4,7,1640,3,545,-404,-18,220,157,307,51
4,7,1641,3,546,-390,18,220,162,321,52
4,7,1642,3,547,-379,6,220,166,317,52
4,7,1643,3,548,-340,6,220,182,316,52
4,7,1644,3,549,-340,-10,220,182,310,52
4,7,1645,3,550,-321,4,220,190,316,52
4,7,1646,3,551,-299,-3,220,199,313,52
4,7,1647,3,552,-290,-9,220,202,310,52
4,7,1648,3,553,-281,3,220,205,315,52
4,7,1649,3,554,-254,-12,220,216,309,52
4,7,1650,3,555,-780,39,220,6,330,52
4,7,1651,3,556,-744,32,220,21,327,52
4,7,1652,3,557,-754,20,220,16,322,52
4,7,1653,3,558,-726,40,220,27,330,52
4,7,1654,3,559,-701,50,220,37,334,53
4,7,1655,3,560,-692,50,220,41,334,53
4,7,1656,3,561,-687,33,220,43,327,52
4,7,1657,3,562,-642,24,220,61,324,52
4,7,1658,3,563,-639,50,220,62,334,53
4,7,1659,3,564,-670,51,220,50,334,53
4,7,1660,3,565,-663,34,220,53,328,52
4,7,1661,3,566,-598,36,220,79,329,52
4,7,1662,3,567,-600,24,220,78,323,52
4,7,1663,3,568,-572,35,220,89,328,52
4,7,1664,3,569,-578,47,220,87,333,53
4,7,1665,3,570,-555,29,220,96,326,52
4,7,1666,3,571,-531,41,220,106,330,52
4,7,1667,3,572,-544,38,220,101,329,52
4,7,1668,3,573,-440,42,220,142,331,52
4,7,1669,3,574,-455,36,220,136,328,52
4,7,1670,3,575,-438,28,220,143,325,52
4,7,1671,3,576,-406,41,220,156,330,52
4,7,1672,3,577,-416,52,220,152,335,53
4,7,1673,3,578,-417,41,220,151,330,52
4,7,1674,3,579,-338,45,220,183,332,52
4,7,1675,3,580,-317,34,220,191,328,52
4,7,1676,3,581,-297,51,220,199,334,53
4,7,1677,3,582,-297,32,220,199,327,52
4,7,1678,3,583,-241,27,220,222,325,52
4,7,1679,3,584,-770,75,220,10,344,53
4,7,1680,3,585,-757,77,220,15,345,53
4,7,1681,3,586,-757,92,220,15,351,53
4,7,1682,3,587,-738,92,220,23,351,53
4,7,1683,3,588,-721,80,220,30,346,53
4,7,1684,3,589,-691,71,220,42,343,53
4,7,1685,3,590,-684,91,220,45,350,53
4,7,1686,3,591,-652,69,220,57,342,53
4,7,1687,3,592,-657,81,220,55,347,53
4,7,1688,3,593,-610,74,220,74,343,53
4,7,1689,3,594,-620,87,220,70,349,53
4,7,1690,3,595,-538,80,220,103,346,53
4,7,1691,3,596,-487,74,220,123,344,53
4,7,1692,3,597,-463,76,220,133,344,53
4,7,1693,3,598,-440,90,220,142,350,53
4,7,1694,3,599,-405,69,220,156,341,53
4,7,1695,3,600,-412,74,220,153,344,53
4,7,1696,3,601,-363,75,220,173,344,53
4,7,1697,3,602,-350,93,220,178,351,53
4,7,1698,3,603,-364,104,220,172,356,53
4,7,1699,3,604,-327,66,220,187,340,53
4,7,1700,3,605,-307,84,220,195,348,53
4,7,1701,3,606,-342,71,220,181,342,53
4,7,1702,3,607,-251,75,220,218,344,53
4,7,1703,3,608,-263,87,220,213,349,53
4,7,1704,3,609,-232,87,220,225,349,53
4,7,1705,3,610,-755,132,220,16,367,54
4,7,1706,3,611,-771,127,220,10,365,54
4,7,1707,3,612,-738,116,220,23,360,54
4,7,1708,3,613,-728,117,220,27,361,54
4,7,1709,3,614,-719,110,220,30,358,54
4,7,1710,3,615,-680,105,220,46,356,53
4,7,1711,3,616,-697,131,220,39,366,54
4,7,1712,3,617,-641,128,220,61,365,54
4,7,1713,3,618,-602,117,220,77,361,54
4,7,1714,3,619,-619,128,220,70,365,54
4,7,1715,3,620,-591,121,220,81,363,54
4,7,1716,3,621,-517,127,220,111,365,54
4,7,1717,3,622,-540,122,220,102,363,54
4,7,1718,3,623,-479,132,220,126,367,54
4,7,1719,3,624,-483,115,220,125,360,54
4,7,1720,3,625,-446,130,220,139,366,54
4,7,1721,3,626,-450,119,220,138,362,54
4,7,1722,3,627,-458,129,220,135,366,54
4,7,1723,3,628,-404,124,220,156,364,54
4,7,1724,3,629,-324,130,220,188,366,54
4,7,1725,3,630,-333,108,220,185,357,54
4,7,1726,3,631,-295,128,220,200,365,54
4,7,1727,3,632,-241,128,220,222,365,54
4,7,1728,3,633,-258,108,220,215,357,54
4,7,1729,3,634,-264,121,220,212,362,54
4,7,1730,3,635,-789,168,220,2,381,55
4,7,1731,3,636,-761,170,220,13,382,55
4,7,1732,3,637,-779,163,220,7,379,54
4,7,1733,3,638,-735,159,220,24,378,54
4,7,1734,3,639,-713,161,220,33,379,54
4,7,1735,3,640,-733,145,220,25,372,54
4,7,1736,3,641,-687,150,220,43,374,54
4,7,1737,3,642,-687,164,220,43,380,54
4,7,1738,3,643,-643,160,220,61,378,54
4,7,1739,3,644,-617,164,220,71,380,54
4,7,1740,3,645,-603,173,220,77,383,55
4,7,1741,3,646,-610,158,220,74,377,54
4,7,1742,3,647,-559,169,220,94,382,55
4,7,1743,3,648,-574,165,220,88,380,54
4,7,1744,3,649,-530,164,220,106,380,54
4,7,1745,3,650,-482,160,220,125,378,54
4,7,1746,3,651,-451,148,220,137,373,54
4,7,1747,3,652,-438,166,220,143,380,54
4,7,1748,3,653,-469,144,220,130,372,54
4,7,1749,3,654,-400,156,220,158,377,54
4,7,1750,3,655,-425,157,220,148,377,54
4,7,1751,3,656,-384,165,220,165,380,54
4,7,1752,3,657,-365,159,220,172,378,54
4,7,1753,3,658,-334,169,220,184,382,55
4,7,1754,3,659,-284,148,220,204,373,54
4,7,1755,3,660,-292,166,220,201,380,54
4,7,1756,3,661,-239,168,220,223,381,55
4,7,1757,3,662,-254,150,220,216,374,54
4,7,1758,3,663,-211,167,220,234,381,55
4,7,1759,3,664,-770,190,220,10,390,55
4,7,1760,3,665,-714,186,220,32,388,55
4,7,1761,3,666,-725,205,220,28,396,55
4,7,1762,3,667,-686,204,220,44,396,55
4,7,1763,3,668,-659,196,220,55,392,55
4,7,1764,3,669,-638,220,220,63,402,55
4,7,1765,3,670,-646,202,220,59,395,55
4,7,1766,3,671,-623,204,220,69,396,55
4,7,1767,3,672,-607,211,220,75,399,55
4,7,1768,3,673,-560,191,220,94,390,55
4,7,1769,3,674,-542,198,220,101,393,55
4,7,1770,3,675,-530,190,220,106,390,55
4,7,1771,3,676,-496,184,220,119,388,55
4,7,1772,3,677,-487,221,220,123,402,55
4,7,1773,3,678,-501,198,220,118,393,55
4,7,1774,3,679,-464,200,220,133,394,55
4,7,1775,3,680,-436,201,220,143,394,55
4,7,1776,3,681,-458,222,220,135,403,55
4,7,1777,3,682,-401,195,220,158,392,55
4,7,1778,3,683,-409,209,220,154,398,55
4,7,1779,3,684,-370,203,220,170,395,55
4,7,1780,3,685,-369,213,220,170,399,55
4,7,1781,3,686,-338,212,220,183,399,55
4,7,1782,3,687,-336,190,220,184,390,55
4,7,1783,3,688,-308,207,220,195,397,55
4,7,1784,3,689,-297,190,220,199,390,55
4,7,1785,3,690,-234,195,220,224,392,55
4,7,1786,3,691,-243,180,220,221,386,55
4,7,1787,3,692,-259,211,220,215,398,55
4,7,1788,3,693,-248,217,220,219,401,55
4,7,1789,3,694,-228,218,220,227,401,55
4,7,1790,3,695,-790,242,220,2,411,56
4,7,1791,3,696,-780,244,220,6,411,56
4,7,1792,3,697,-726,231,220,27,406,56
4,7,1793,3,698,-728,247,220,27,413,56
4,7,1794,3,699,-678,244,220,47,412,56
4,7,1795,3,700,-650,246,220,58,412,56
4,7,1796,3,701,-619,253,220,71,415,56
4,7,1797,3,702,-610,228,220,74,405,56
4,7,1798,3,703,-633,247,220,65,413,56
4,7,1799,3,704,-565,230,220,92,406,56
4,7,1800,3,705,-580,248,220,86,413,56
4,7,1801,3,706,-537,245,220,103,412,56
4,7,1802,3,707,-510,230,220,114,406,56
4,7,1803,3,708,-539,260,220,102,418,56
4,7,1804,3,709,-498,239,220,119,410,56
4,7,1805,3,710,-495,246,220,120,413,56
4,7,1806,3,711,-483,242,220,125,411,56
4,7,1807,3,712,-456,233,220,135,407,56
4,7,1808,3,713,-448,258,220,139,417,56
4,7,1809,3,714,-414,228,220,152,405,56
4,7,1810,3,715,-382,235,220,165,408,56
4,7,1811,3,716,-368,241,220,171,411,56
4,7,1812,3,717,-342,242,220,181,411,56
4,7,1813,3,718,-330,254,220,186,415,56
4,7,1814,3,719,-320,230,220,190,406,56
4,7,1815,3,720,-276,240,220,207,410,56
4,7,1816,3,721,-291,234,220,202,408,56
4,7,1817,3,722,-245,234,220,220,408,56
4,7,1818,3,723,-257,240,220,215,410,56
4,7,1819,3,724,-185,225,220,244,404,55
4,7,1820,3,725,-213,234,220,233,408,56
4,7,1821,3,726,-753,267,220,17,421,56
4,7,1822,3,727,-614,262,220,72,419,56
4,7,1823,3,728,-483,265,220,125,420,56
4,7,1824,3,729,-269,265,220,210,420,56
4,7,1825,3,730,-227,259,220,227,418,56
4,7,1826,3,731,-187,263,220,243,419,56
4,7,1827,3,732,-748,306,220,19,436,57
4,7,1828,3,733,-773,306,220,9,436,57
4,7,1829,3,734,-695,306,220,40,437,57
4,7,1830,3,735,-686,269,220,44,422,56
4,7,1831,3,736,-626,305,220,68,436,57
4,7,1832,3,737,-456,306,220,135,437,57
4,7,1833,3,738,-348,279,220,179,425,56
4,7,1834,3,739,-300,307,220,198,437,57
4,7,1835,3,740,-185,303,220,244,435,57
4,7,1836,3,741,-226,-182,220,228,241,49
4,7,1837,3,742,-211,-464,220,234,128,44
4,7,1838,3,743,-224,-261,220,229,210,47
4,7,1839,3,744,-471,264,220,130,420,56
4,7,1840,3,745,-209,267,220,234,421,56
4,7,1841,3,746,-353,20,220,177,322,52
4,7,1842,3,747,-222,22,220,229,323,52
4,7,1843,3,748,-710,264,220,34,420,56
4,7,1844,3,749,-699,66,220,38,340,53
4,7,1845,3,750,-397,142,220,159,371,54
4,7,1846,3,751,-547,-181,220,99,242,49
4,7,1847,3,752,-637,-697,220,63,35,40
4,7,1848,3,753,-552,-105,220,97,272,50
4,7,1849,3,754,-390,-539,220,162,99,43
4,7,1850,3,755,-388,-59,220,163,290,51
4,7,1851,3,756,-709,-423,220,34,145,45
4,7,1852,3,757,-427,16,220,147,321,52
4,7,1853,3,758,-310,-144,220,194,257,49
4,7,1854,3,759,-668,-426,220,51,144,45
4,7,1855,3,760,-509,-104,220,114,273,50
4,7,1856,3,761,-205,-56,220,236,292,51
4,7,1857,3,762,-267,-416,220,211,148,45
4,7,1858,3,763,-471,-542,220,130,97,43
4,7,1859,3,764,-390,273,220,162,423,56
4,7,1860,3,765,-475,-148,220,128,255,49
4,7,1861,3,766,-391,-14,220,162,308,51
4,7,1862,3,767,-468,-419,220,131,146,45
4,7,1863,3,768,-212,-14,220,233,308,51
4,7,1864,3,769,-465,-577,220,132,83,42
4,7,1865,3,770,-434,-540,220,145,98,43
4,7,1866,3,771,-203,-25,220,237,304,51
4,7,1867,3,772,-308,-264,220,195,209,47
4,7,1868,3,773,-311,-297,220,194,195,47
4,7,1869,3,774,-473,-499,220,129,114,43
4,7,1870,3,775,-264,62,220,212,339,53
4,7,1871,3,776,-231,-27,220,226,303,51
4,7,1872,3,777,-427,174,220,147,384,55
4,7,1873,3,778,-628,216,220,67,400,55
4,7,1874,3,779,-306,-68,220,196,287,51
4,7,1875,3,780,-271,-188,220,210,239,49
4,7,1876,3,781,-355,261,220,176,418,56
4,7,1877,3,782,-307,-177,220,195,243,49
4,7,1878,3,783,-353,-176,220,177,244,49
4,7,1879,3,784,-672,285,220,49,428,56
4,7,1880,3,785,-509,296,220,114,432,57
4,7,1881,3,786,-271,96,220,210,352,53
4,7,1882,3,787,-424,-459,220,148,130,44
4,7,1883,3,788,-357,221,220,175,403,55
4,7,1884,3,789,-315,101,220,192,354,53
4,7,1885,3,790,-206,146,220,236,372,54
4,7,1886,3,791,-389,-573,220,163,85,42
4,7,1887,3,792,-309,60,220,195,338,53
4,7,1888,3,793,-671,264,220,49,420,56
4,7,1889,3,794,-271,-17,220,209,307,51
4,7,1890,3,795,-750,-336,220,18,180,46
4,7,1891,3,796,-188,-15,220,243,308,51
4,7,1892,3,797,-506,16,220,116,320,52
4,7,1893,3,798,-589,14,220,82,320,52
4,7,1894,3,799,-626,-139,220,67,258,49
4,7,1895,3,800,-206,-301,220,236,194,47
4,7,1896,3,801,-712,134,220,33,368,54
4,7,1897,3,802,-591,-22,220,82,305,51
4,7,1898,3,803,-231,-95,220,225,276,50
4,7,1899,3,804,-705,222,220,36,403,55
4,7,1900,3,805,-629,-541,220,67,98,43
4,7,1901,3,806,-671,217,220,49,401,55
4,7,1902,3,807,-192,101,220,241,354,53
4,7,1903,3,808,-220,-103,220,230,273,50
4,7,1904,3,809,-384,-622,220,164,65,41
4,7,1905,3,810,-237,-578,220,223,83,42
4,7,1906,3,811,-310,-469,220,194,127,44
4,7,1907,3,812,-480,-100,220,126,274,50
4,7,1908,3,813,-553,-461,220,97,129,44
4,7,1909,3,814,-309,-585,220,194,80,42
4,7,1910,3,815,-279,-421,220,206,146,45
4,7,1911,3,816,-434,297,220,144,433,57
4,7,1912,3,817,-552,-375,220,97,164,46
4,7,1913,3,818,-216,-263,220,232,209,47
4,7,1914,3,819,-474,-224,220,128,224,48
4,7,1915,3,820,-627,-333,220,67,181,46
4,7,1916,3,821,-268,-699,220,211,34,40
4,7,1917,3,822,-214,-497,220,233,115,43
4,7,1918,3,823,-193,300,220,241,434,57
4,7,1919,3,824,-706,293,220,36,431,57
4,7,1920,3,825,-593,298,220,81,433,57
4,7,1921,3,826,-632,-573,220,65,85,42
4,7,1922,3,827,-752,297,220,17,433,57
4,7,1923,3,828,-387,-743,220,163,17,39
4,7,1924,3,829,-471,-743,220,130,17,39
4,7,1925,3,830,-214,-378,220,232,163,45
4,7,1926,3,831,-359,174,220,174,384,55
4,7,1927,3,832,-266,-338,220,212,179,46
4,7,1928,3,833,-198,182,220,239,387,55
4,7,1929,3,834,-424,-222,220,148,225,48
4,7,1930,3,835,-746,137,220,20,369,54
4,7,1931,3,836,-678,-499,220,47,115,43
4,7,1932,3,837,-503,278,220,117,425,56
4,7,1933,3,838,-270,300,220,210,434,57
4,7,1934,3,839,-186,-463,220,244,129,44
4,7,1935,3,840,-750,-748,220,18,15,39
4,7,1936,3,841,-752,178,220,17,385,55
4,7,1937,3,842,-206,-219,220,236,226,48
4,7,1938,3,843,-220,300,220,230,434,57
4,7,1939,3,844,-204,-655,220,237,52,41
4,7,1940,3,845,-473,-649,220,129,54,41
4,7,1941,3,846,-224,-622,220,228,65,41
4,7,1942,3,847,-393,-621,220,161,66,41
4,7,1943,3,848,-199,255,220,238,416,56
4,7,1944,3,849,-384,-131,220,164,262,50
4,7,1945,3,850,-229,-547,220,227,95,43
4,7,1946,3,851,-212,212,220,233,399,55
4,7,1947,3,852,-227,-398,220,227,155,45
4,7,1948,3,853,-787,295,220,3,432,57
4,7,1949,3,854,-427,-418,220,147,147,45
4,7,1950,3,855,-394,-504,220,160,112,43
4,7,1951,3,856,-545,-298,220,100,195,47
4,7,1952,3,857,-228,32,220,227,327,52
4,7,1953,3,858,-385,259,220,164,418,56
4,7,1954,3,859,-585,-139,220,84,259,49
4,7,1955,3,860,-427,-27,220,147,303,51
4,7,1956,3,861,-353,296,220,177,433,57
4,7,1957,3,862,-353,-619,220,177,67,41
4,7,1958,3,863,-516,-583,220,112,81,42
4,7,1959,3,864,-344,-378,220,180,163,45
4,7,1960,3,865,-716,16,220,31,321,52
4,7,1961,3,866,-636,-220,220,63,226,48
4,7,1962,3,867,-232,148,220,225,373,54
4,7,1963,3,868,-393,177,220,161,385,55
4,7,1964,3,869,-509,-292,220,114,197,47
4,7,1965,3,870,-586,-583,220,84,81,42
4,7,1966,3,871,-237,-179,220,223,242,49
4,7,1967,3,872,-587,177,220,83,385,55
4,7,1968,3,873,-667,143,220,51,371,54
4,7,1969,3,874,-632,-418,220,65,147,45
4,7,1970,3,875,-295,267,220,200,421,56
4,7,1971,3,876,-313,-386,220,193,160,45
4,7,1972,3,877,-306,-229,220,196,222,48
4,7,1973,3,878,-552,-658,220,97,51,41
4,7,1974,3,879,-225,75,220,228,344,53
4,7,1975,3,880,-549,101,220,98,355,53
4,7,1976,3,881,-546,-538,220,100,99,43
4,7,1977,3,882,-366,-773,220,172,5,39
4,7,1978,3,883,-583,-342,220,85,177,46
4,7,1979,3,884,-269,-101,220,210,273,50
4,7,1980,3,885,-199,222,220,238,403,55
4,7,1981,3,886,-514,252,220,112,415,56
4,7,1982,3,887,-557,-57,220,95,291,51
4,7,1983,3,888,-185,-298,220,244,195,47
4,7,1984,3,889,-671,-61,220,50,290,51
4,7,1985,3,890,-744,-376,220,20,164,45
4,7,1986,3,891,-437,-626,220,143,63,41
4,7,1987,3,892,-225,160,220,228,378,54
4,7,1988,3,893,-652,264,220,57,420,56
4,7,1989,3,894,-672,176,220,49,384,55
4,7,1990,3,895,-273,138,220,209,369,54
4,7,1991,3,896,-568,262,220,91,419,56
4,7,1992,3,897,-269,-307,220,210,191,47
4,7,1993,3,898,-753,-225,220,17,224,48
4,7,1994,3,899,-307,-614,220,195,68,42
4,7,1995,3,900,-308,-663,220,195,49,41
4,7,1996,3,901,-313,179,220,193,386,55
4,7,1997,3,902,-348,-740,220,179,18,39
4,7,1998,3,903,-672,-548,220,49,95,43
4,7,1999,3,904,-709,-500,220,34,114,43
4,7,2000,3,905,-744,214,220,20,399,55
4,7,2001,3,906,-465,179,220,132,385,55
4,7,2002,3,907,-260,262,220,214,419,56
4,7,2003,3,908,-464,-388,220,132,159,45
4,7,2004,3,909,-314,217,220,192,401,55
4,7,2005,3,910,-749,-296,220,19,196,47
4,7,2006,3,911,-628,294,220,67,432,57
4,7,2007,3,912,-582,218,220,85,401,55
4,7,2008,3,913,-704,-94,220,36,276,50
4,7,2009,3,914,-353,-428,220,177,143,45
4,7,2010,3,915,-716,-28,220,31,303,51
4,7,2011,3,916,-632,-28,220,65,303,51
4,7,2012,3,917,-584,-96,220,85,276,50
4,7,2013,3,918,-469,109,220,130,358,54
4,7,2014,3,919,-558,-623,220,95,65,41
4,7,2015,3,920,-226,-673,220,227,45,41
4,7,2016,3,921,-235,-468,220,224,127,44
4,7,2017,3,922,-496,-495,220,120,116,44
4,7,2018,3,923,-671,306,220,50,436,57
4,7,2019,3,924,-191,62,220,241,339,53
4,7,2020,3,925,-390,97,220,162,353,53
4,7,2021,3,926,-272,-665,220,209,48,41
4,7,2022,3,927,-664,-693,220,52,37,40
4,7,2023,3,928,-700,-172,220,38,245,49
4,7,2024,3,929,-620,55,220,70,336,53
4,7,2025,3,930,-743,-629,220,21,62,41
4,7,2026,3,931,-373,301,220,169,435,57
4,7,2027,3,932,-208,305,220,235,436,57
4,7,2028,3,933,-199,32,220,238,327,52
4,7,2029,3,934,-202,-83,220,237,281,50
4,7,2030,3,935,-469,-483,220,130,121,44
4,7,2031,3,936,-484,281,220,125,427,56
4,7,2032,3,937,-185,21,220,244,322,52
4,7,2033,3,938,-348,-594,220,179,77,42
4,7,2034,3,939,-211,-327,220,233,183,46
4,7,2035,3,940,-470,-548,220,130,95,43
4,7,2036,3,941,-586,-322,220,84,185,46
4,7,2037,3,942,-389,35,220,163,328,52
4,7,2038,3,943,-633,-524,220,65,105,43
4,7,2039,3,944,-500,-137,220,118,259,49
4,7,2040,3,945,-205,12,220,236,319,52
4,7,2041,3,946,-200,91,220,238,350,53
4,7,2042,3,947,-280,-302,220,206,193,47
4,7,2043,3,948,-291,-217,220,202,227,48
4,7,2044,3,949,-323,-61,220,189,290,51
4,7,2045,3,950,-353,-195,220,177,236,48
4,7,2046,3,951,-673,9,220,49,318,52
4,7,2047,3,952,-232,-125,220,225,264,50
4,7,2048,3,953,-508,-33,220,115,301,51
4,7,2049,3,954,-222,-277,220,229,203,47
4,7,2050,3,955,-593,-279,220,81,202,47
4,7,2051,3,956,-653,139,220,57,370,54
4,7,2052,3,957,-707,-309,220,35,190,47
4,7,2053,3,958,-590,-81,220,82,282,50
4,7,2054,3,959,-189,85,220,243,348,53
4,7,2055,3,960,-593,-114,220,81,268,50
4,7,2056,3,961,-483,-297,220,125,195,47
4,7,2057,3,962,-223,-162,220,229,249,49
4,7,2058,3,963,-336,-101,220,184,274,50
4,7,2059,3,964,-386,-440,220,164,138,44
4,7,2060,3,965,-485,97,220,124,353,53
4,7,2061,3,966,-404,-583,220,156,81,42
4,7,2062,3,967,-327,-540,220,187,98,43
4,7,2063,3,968,-435,-476,220,144,124,44
4,7,2064,3,969,-309,-117,220,194,267,50
4,7,2065,3,970,-190,49,220,242,334,53
4,7,2066,3,971,-552,-190,220,97,238,49
4,7,2067,3,972,-206,41,220,236,331,52
4,7,2068,3,973,-507,-593,220,115,77,42
4,7,2069,3,974,-721,-57,220,30,291,51
4,7,2070,3,975,-429,245,220,146,412,56
4,7,2071,3,976,-404,-257,220,156,211,47
4,7,2072,3,977,-328,-16,220,187,308,51
4,7,2073,3,978,-492,297,220,121,433,57
4,7,2074,3,979,-364,-100,220,172,274,50
4,7,2075,3,980,-699,287,220,38,429,56
4,7,2076,3,981,-526,-383,220,108,161,45
4,7,2077,3,982,-401,-460,220,157,130,44
4,7,2078,3,983,-323,-302,220,189,193,47
4,7,2079,3,984,-380,21,220,166,322,52
4,7,2080,3,985,-347,-511,220,179,110,43
4,7,2081,3,986,-375,285,220,168,428,56
4,7,2082,3,987,-269,-117,220,210,267,50
4,7,2083,3,988,-620,-224,220,70,224,48
4,7,2084,3,989,-322,-576,220,189,83,42
4,7,2085,3,990,-509,38,220,114,329,52
4,7,2086,3,991,-296,-421,220,200,146,45
4,7,2087,3,992,-492,-536,220,121,100,43
4,7,2088,3,993,-660,-56,220,54,292,51
4,7,2089,3,994,-395,-443,220,160,137,44
4,7,2090,3,995,-674,-311,220,48,190,47
4,7,2091,3,996,-431,-151,220,146,254,49
4,7,2092,3,997,-452,-261,220,137,210,47
4,7,2093,3,998,-633,-44,220,65,296,51
4,7,2094,3,999,-199,-239,220,238,218,48
4,7,2095,3,1000,-497,-24,220,119,304,51
4,7,2096,3,1001,-787,-379,220,3,162,45
4,7,2097,3,1002,-220,131,220,230,366,54
4,7,2098,3,1003,-350,-239,220,178,218,48
4,7,2099,3,1004,-405,-543,220,156,97,43
4,7,2100,3,1005,-468,44,220,131,332,52
4,7,2101,3,1006,-475,-248,220,128,215,48
4,7,2102,3,1007,-730,-306,220,26,192,47
4,7,2103,3,1008,-253,-107,220,217,271,50
4,7,2104,3,1009,-399,-377,220,158,163,45
4,7,2105,3,1010,-496,-264,220,120,208,47
4,7,2106,3,1011,-373,-61,220,169,290,51
4,7,2107,3,1012,-336,21,220,184,323,52
4,7,2108,3,1013,-221,197,220,229,393,55
4,7,2109,3,1014,-221,-210,220,229,230,48
4,7,2110,3,1015,-488,174,220,123,384,55
4,7,2111,3,1016,-701,-383,220,38,161,45
4,7,2112,3,1017,-553,-142,220,97,257,49
4,7,2113,3,1018,-290,-258,220,202,211,47
4,7,2114,3,1019,-701,-265,220,37,208,47
4,7,2115,3,1020,-686,-217,220,44,227,48
4,7,2116,3,1021,-485,-258,220,124,211,47
4,7,2117,3,1022,-537,-102,220,103,273,50
4,7,2118,3,1023,-393,-568,220,161,87,42
4,7,2119,3,1024,-216,-125,220,232,264,50
4,7,2120,3,1025,-670,-156,220,50,252,49
4,7,2121,3,1026,-307,-197,220,195,235,48
4,7,2122,3,1027,-541,-618,220,102,67,41
4,7,2123,3,1028,-386,-377,220,164,163,45
4,7,2124,3,1029,-297,-622,220,199,65,41
4,7,2125,3,1030,-470,-474,220,130,124,44
4,7,2126,3,1031,-506,68,220,115,341,53
4,7,2127,3,1032,-528,-173,220,107,245,49
4,7,2128,3,1033,-432,-433,220,145,141,45
4,7,2129,3,1034,-627,-323,220,67,185,46
4,7,2130,3,1035,-594,-671,220,80,45,41
4,7,2131,3,1036,-753,-309,220,17,190,47
4,7,2132,3,1037,-363,24,220,173,324,52
4,7,2133,3,1038,-672,-357,220,49,171,46
4,7,2134,3,1039,-556,-290,220,95,198,47
4,7,2135,3,1040,-586,-74,220,84,284,51
4,7,2136,3,1041,-401,287,220,158,429,56
4,7,2137,3,1042,-596,-308,220,80,191,47
4,7,2138,3,1043,-369,-300,220,170,194,47
4,7,2139,3,1044,-395,228,220,160,405,56
4,7,2140,3,1045,-707,38,220,35,329,52
4,7,2141,3,1046,-270,-399,220,210,154,45
4,7,2142,3,1047,-394,-470,220,160,126,44
4,7,2143,3,1048,-288,302,220,203,435,57
4,7,2144,3,1049,-708,-294,220,35,197,47
4,7,2145,3,1050,-664,-675,220,52,44,41
4,7,2146,3,1051,-448,-178,220,139,243,49
4,7,2147,3,1052,-425,-487,220,148,119,44
4,7,2148,3,1053,-505,307,220,116,437,57
4,7,2149,3,1054,-714,119,220,33,361,54
4,7,2150,3,1055,-628,-687,220,67,39,40
4,7,2151,3,1056,-586,-110,220,84,270,50
4,7,2152,3,1057,-354,195,220,176,392,55
4,7,2153,3,1058,-514,269,220,112,422,56
4,7,2154,3,1059,-557,-420,220,95,146,45
4,7,2155,3,1060,-561,278,220,93,425,56
4,7,2156,3,1061,-614,287,220,72,429,57
4,7,2157,3,1062,-780,-344,220,6,177,46
4,7,2158,3,1063,-466,91,220,132,350,53
4,7,2159,3,1064,-579,-501,220,87,114,43
4,7,2160,3,1065,-257,23,220,215,323,52
4,7,2161,3,1066,-203,99,220,237,354,53
4,7,2162,3,1067,-432,-134,220,145,260,50
4,7,2163,3,1068,-201,-288,220,238,199,47
4,7,2164,3,1069,-394,117,220,160,361,54
4,7,2165,3,1070,-649,-177,220,58,243,49
4,7,2166,3,1071,-406,255,220,156,416,56
4,7,2167,3,1072,-532,62,220,105,339,53
4,7,2168,3,1073,-552,-37,220,97,299,51
4,7,2169,3,1074,-527,272,220,107,423,56
4,7,2170,3,1075,-430,-160,220,146,250,49
4,7,2171,3,1076,-554,-231,220,96,222,48
4,7,2172,3,1077,-585,-196,220,84,235,48
4,7,2173,3,1078,-645,96,220,60,352,53
4,7,2174,3,1079,-273,-228,220,209,223,48
4,7,2175,3,1080,-467,-316,220,131,188,46
4,7,2176,3,1081,-205,-408,220,236,151,45
4,7,2177,3,1082,-446,282,220,140,427,56
4,7,2178,3,1083,-749,-78,220,18,283,50
4,7,2179,3,1084,-596,-161,220,79,250,49
4,7,2180,3,1085,-653,277,220,57,425,56
4,7,2181,3,1086,-681,-137,220,45,259,49
4,7,2182,3,1087,-626,-365,220,68,168,46
4,7,2183,3,1088,-498,-461,220,119,130,44
4,7,2184,3,1089,-629,-191,220,66,238,49
4,7,2185,3,1090,-223,-605,220,229,72,42
4,7,2186,3,1091,-531,-265,220,106,208,47
4,7,2187,3,1092,-451,64,220,137,340,53
4,7,2188,3,1093,-348,-270,220,179,206,47
4,7,2189,3,1094,-734,-541,220,24,98,43
4,7,2190,3,1095,-764,-342,220,13,177,46
4,7,2191,3,1096,-677,-261,220,47,209,47
4,7,2192,3,1097,-447,96,220,139,352,53
4,7,2193,3,1098,-614,-374,220,72,164,46
4,7,2194,3,1099,-236,-81,220,224,282,50
4,7,2195,3,1100,-747,-47,220,19,295,51
4,7,2196,3,1101,-552,-570,220,97,86,42
4,7,2197,3,1102,-687,-97,220,43,275,50
4,7,2198,3,1103,-245,-19,220,220,306,51
4,7,2199,3,1104,-705,-10,220,36,310,52
4,7,2200,3,1105,-375,-219,220,168,226,48
4,7,2201,3,1106,-506,156,220,116,376,54
4,7,2202,3,1107,-341,-388,220,182,159,45
4,7,2203,3,1108,-673,-644,220,49,56,41
4,7,2204,3,1109,-669,66,220,51,340,53
4,7,2205,3,1110,-405,-186,220,156,239,49
4,7,2206,3,1111,-635,-174,220,64,244,49
4,7,2207,3,1112,-735,-16,220,24,308,51
4,7,2208,3,1113,-774,100,220,8,354,53
4,7,2209,3,1114,-310,-361,220,194,169,46
4,7,2210,3,1115,-308,-322,220,195,185,46
4,7,2211,3,1116,-578,-377,220,87,163,45
4,7,2212,3,1117,-368,-145,220,171,256,49
4,7,2213,3,1118,-628,230,220,67,406,56
4,7,2214,3,1119,-263,-454,220,213,132,44
4,7,2215,3,1120,-328,279,220,187,425,56
4,7,2216,3,1121,-206,-167,220,235,247,49
4,7,2217,3,1122,-309,-49,220,194,294,51
4,7,2218,3,1123,-266,-269,220,211,206,47
4,7,2219,3,1124,-515,-47,220,112,295,51
4,7,2220,3,1125,-395,189,220,160,390,55
4,7,2221,3,1126,-740,56,220,22,336,53
4,7,2222,3,1127,-297,291,220,199,431,57
4,7,2223,3,1128,-406,-65,220,156,288,51
4,7,2224,3,1129,-552,112,220,97,359,54
4,7,2225,3,1130,-710,-404,220,34,152,45
4,7,2226,3,1131,-513,-84,220,113,280,50
4,7,2227,3,1132,-332,-258,220,185,211,47
4,7,2228,3,1133,-782,260,220,5,418,56
4,7,2229,3,1134,-676,-328,220,48,183,46
4,7,2230,3,1135,-205,129,220,236,366,54
4,7,2231,3,1136,-206,168,220,236,381,55
4,7,2232,3,1137,-186,-116,220,243,268,50
4,7,2233,3,1138,-295,96,220,200,352,53
4,7,2234,3,1139,-673,-435,220,49,140,45
4,7,2235,3,1140,-708,-131,220,35,262,50
4,7,2236,3,1141,-269,7,220,210,317,52
4,7,2237,3,1142,-711,-489,220,34,119,44
4,7,2238,3,1143,-629,-487,220,66,119,44
4,7,2239,3,1144,-416,290,220,152,430,57
4,7,2240,3,1145,-413,-101,220,153,274,50
4,7,2241,3,1146,-761,65,220,14,340,53
4,7,2242,3,1147,-380,-420,220,166,146,45
4,7,2243,3,1148,-711,-110,220,34,270,50
4,7,2244,3,1149,-579,-222,220,86,225,48
4,7,2245,3,1150,-720,303,220,30,435,57
4,7,2246,3,1151,-635,-231,220,64,222,48
4,7,2247,3,1152,-466,-169,220,132,247,49
4,7,2248,3,1153,-680,-418,220,46,147,45
4,7,2249,3,1154,-307,235,220,195,408,56
4,7,2250,3,1155,-626,272,220,68,423,56
4,7,2251,3,1156,-250,-219,220,218,227,48
4,7,2252,3,1157,-257,-414,220,215,148,45
4,7,2253,3,1158,-578,282,220,87,427,56
4,7,2254,3,1159,-567,-342,220,91,177,46
4,7,2255,3,1160,-525,-424,220,108,144,45
4,7,2256,3,1161,-674,-237,220,48,219,48
4,7,2257,3,1162,-603,-422,220,77,145,45
4,7,2258,3,1163,-707,-522,220,35,105,43
4,7,2259,3,1164,-271,-128,220,210,263,50
4,7,2260,3,1165,-451,295,220,138,432,57
4,7,2261,3,1166,-698,-21,220,39,306,51
4,7,2262,3,1167,-341,292,220,182,431,57
4,7,2263,3,1168,-510,-756,220,114,12,39
4,7,2264,3,1169,-640,305,220,62,436,57
4,7,2265,3,1170,-686,-302,220,44,193,47
4,7,2266,3,1171,-370,54,220,170,336,53
4,7,2267,3,1172,-705,-70,220,36,286,51
4,7,2268,3,1173,-328,296,220,187,432,57
4,7,2269,3,1174,-585,-600,220,84,74,42
4,7,2270,3,1175,-679,-459,220,46,130,44
4,7,2271,3,1176,-625,-515,220,68,108,43
4,7,2272,3,1177,-549,-454,220,98,133,44
4,7,2273,3,1178,-347,-67,220,179,287,51
4,7,2274,3,1179,-569,183,220,90,387,55
4,7,2275,3,1180,-634,-241,220,64,218,48
4,7,2276,3,1181,-633,-767,220,65,7,39
4,7,2277,3,1182,-372,143,220,169,371,54
4,7,2278,3,1183,-530,-20,220,106,306,51
4,7,2279,3,1184,-634,-646,220,64,55,41
4,7,2280,3,1185,-469,239,220,130,410,56
4,7,2281,3,1186,-675,-405,220,48,152,45
4,7,2282,3,1187,-540,-420,220,102,146,45
4,7,2283,3,1188,-751,-271,220,18,206,47
4,7,2284,3,1189,-633,68,220,65,341,53
4,7,2285,3,1190,-518,303,220,111,435,57
4,7,2286,3,1191,-463,-634,220,133,60,41
4,7,2287,3,1192,-675,-175,220,48,244,49
4,7,2288,3,1193,-721,-226,220,29,224,48
4,7,2289,3,1194,-766,219,220,12,401,55
4,7,2290,3,1195,-578,100,220,87,354,53
4,7,2291,3,1196,-672,-31,220,49,302,51
4,7,2292,3,1197,-250,291,220,218,430,57
4,7,2293,3,1198,-745,-440,220,20,138,44
4,7,2294,3,1199,-544,168,220,100,381,55
4,7,2295,3,1200,-197,-487,220,239,119,44
4,7,2296,3,1201,-635,-430,220,64,142,45
4,7,2297,3,1202,-601,-504,220,78,112,43
4,7,2298,3,1203,-551,-357,220,97,171,46
4,7,2299,3,1204,-278,-501,220,207,114,43
4,7,2300,3,1205,-369,96,220,170,352,53
4,7,2301,3,1206,-424,117,220,148,361,54
4,7,2302,3,1207,-184,-332,220,244,181,46
4,7,2303,3,1208,-559,223,220,95,403,55
4,7,2304,3,1209,-307,168,220,195,381,55
4,7,2305,3,1210,-524,182,220,108,387,55
4,7,2306,3,1211,-435,-63,220,144,289,51
4,7,2307,3,1212,-382,-187,220,165,239,49
4,7,2308,3,1213,-560,141,220,94,370,54
4,7,2309,3,1214,-511,121,220,114,363,54
4,7,2310,3,1215,-465,-110,220,132,270,50
4,7,2311,3,1216,-313,121,220,193,363,54
4,7,2312,3,1217,-550,74,220,98,344,53
4,7,2313,3,1218,-630,-402,220,66,153,45
4,7,2314,3,1219,-243,-387,220,221,159,45
4,7,2315,3,1220,-347,-126,220,179,264,50
4,7,2316,3,1221,-628,-471,220,67,126,44
4,7,2317,3,1222,-647,-148,220,59,255,49
4,7,2318,3,1223,-524,18,220,109,321,52
4,7,2319,3,1224,-478,60,220,127,338,53
4,7,2320,3,1225,-222,-424,220,229,144,45
4,7,2321,3,1226,-380,270,220,166,422,56
4,7,2322,3,1227,-323,-457,220,189,131,44
4,7,2323,3,1228,-512,-315,220,113,188,46
4,7,2324,3,1229,-600,-579,220,78,82,42
4,7,2325,3,1230,-692,-573,220,41,85,42
4,7,2326,3,1231,-411,58,220,154,337,53
4,7,2327,3,1232,-718,284,220,31,428,56
4,7,2328,3,1233,-327,-615,220,187,68,42
4,7,2329,3,1234,-624,-108,220,68,271,50
4,7,2330,3,1235,-463,297,220,133,433,57
4,7,2331,3,1236,-674,-17,220,49,307,51
4,7,2332,3,1237,-256,135,220,216,368,54
4,7,2333,3,1238,-399,-200,220,159,234,48
4,7,2334,3,1239,-535,-658,220,104,51,41
4,7,2335,3,1240,-746,-245,220,20,216,48
4,7,2336,3,1241,-672,-766,220,49,7,39
4,7,2337,3,1242,-404,-305,220,156,192,47
4,7,2338,3,1243,-766,-15,220,12,308,51
4,7,2339,3,1244,-201,202,220,238,395,55
4,7,2340,3,1245,-631,37,220,65,329,52
4,7,2341,3,1246,-734,-52,220,24,293,51
4,7,2342,3,1247,-260,-256,220,214,211,47
4,7,2343,3,1248,-333,-654,220,185,52,41
4,7,2344,3,1249,-206,-447,220,235,135,44
4,7,2345,3,1250,-219,-476,220,230,123,44
4,7,2346,3,1251,-632,-341,220,65,178,46
4,7,2347,3,1252,-555,20,220,96,322,52
4,7,2348,3,1253,-661,102,220,54,355,53
4,7,2349,3,1254,-612,-19,220,73,306,51
4,7,2350,3,1255,-748,-24,220,19,305,51
4,7,2351,3,1256,-325,270,220,188,422,56
4,7,2352,3,1257,-721,-577,220,30,83,42
4,7,2353,3,1258,-784,98,220,4,353,53
4,7,2354,3,1259,-265,278,220,212,425,56
4,7,2355,3,1260,-505,82,220,116,347,53
4,7,2356,3,1261,-319,-484,220,190,120,44
4,7,2357,3,1262,-276,-472,220,207,125,44
4,7,2358,3,1263,-339,-52,220,182,293,51
4,7,2359,3,1264,-480,20,220,126,322,52
4,7,2360,3,1265,-251,305,220,218,436,57
4,7,2361,3,1266,-543,-512,220,101,109,43
4,7,2362,3,1267,-552,-217,220,97,227,48
4,7,2363,3,1268,-731,-500,220,25,114,43
4,7,2364,3,1269,-640,-621,220,62,65,41
4,7,2365,3,1270,-189,163,220,242,379,54
4,7,2366,3,1271,-273,-549,220,209,95,43
4,7,2367,3,1272,-517,176,220,111,384,55
4,7,2368,3,1273,-633,-13,220,65,309,52
4,7,2369,3,1274,-508,-230,220,115,222,48
4,7,2370,3,1275,-716,-181,220,32,242,49
4,7,2371,3,1276,-569,300,220,90,434,57
4,7,2372,3,1277,-555,89,220,96,350,53
4,7,2373,3,1278,-590,146,220,82,372,54
4,7,2374,3,1279,-202,-45,220,237,296,51
4,7,2375,3,1280,-626,106,220,68,356,53
4,7,2376,3,1281,-413,-258,220,153,211,47
4,7,2377,3,1282,-312,47,220,193,333,53
4,7,2378,3,1283,-425,273,220,148,423,56
4,7,2379,3,1284,-508,-453,220,115,133,44
4,7,2380,3,1285,-778,220,220,7,402,55
4,7,2381,3,1286,-754,-642,220,16,57,41
4,7,2382,3,1287,-591,-634,220,81,61,41
4,7,2383,3,1288,-594,-50,220,81,294,51
4,7,2384,3,1289,-273,32,220,209,327,52
4,7,2385,3,1290,-583,-241,220,85,218,48
4,7,2386,3,1291,-426,-388,220,148,159,45
4,7,2387,3,1292,-508,-655,220,115,52,41
4,7,2388,3,1293,-642,-385,220,61,160,45
4,7,2389,3,1294,-412,-387,220,153,159,45
4,7,2390,3,1295,-463,-10,220,133,310,52
4,7,2391,3,1296,-507,-271,220,115,206,47
4,7,2392,3,1297,-463,166,220,133,381,54
4,7,2393,3,1298,-688,-11,220,43,309,52
4,7,2394,3,1299,-406,-214,220,156,228,48
4,7,2395,3,1300,-673,-753,220,49,13,39
4,7,2396,3,1301,-558,-604,220,95,73,42
4,7,2397,3,1302,-734,294,220,24,432,57
4,7,2398,3,1303,-516,215,220,112,400,55
4,7,2399,3,1304,-749,-155,220,18,252,49
4,7,2400,3,1305,-206,-511,220,235,110,43
4,7,2401,3,1306,-371,-544,220,170,96,43
4,7,2402,3,1307,-512,-504,220,113,113,43
4,7,2403,3,1308,-205,-198,220,236,235,48
4,7,2404,3,1309,-310,-21,220,194,305,51
4,7,2405,3,1310,-434,268,220,144,421,56
4,7,2406,3,1311,-394,-172,220,160,245,49
4,7,2407,3,1312,-458,-302,220,135,193,47
4,7,2408,3,1313,-328,-426,220,187,144,45
4,7,2409,3,1314,-243,260,220,221,418,56
4,7,2410,3,1315,-350,-717,220,178,27,40
4,7,2411,3,1316,-756,-258,220,15,211,47
4,7,2412,3,1317,-661,-268,220,54,207,47
4,7,2413,3,1318,-461,-437,220,134,139,44
4,7,2414,3,1319,-556,-397,220,96,155,45
4,7,2415,3,1320,-193,-766,220,241,8,39
4,7,2416,3,1321,-673,124,220,49,364,54
4,7,2417,3,1322,-222,-346,220,229,176,46
4,7,2418,3,1323,-213,-240,220,233,218,48
4,7,2419,3,1324,-205,-123,220,236,265,50
4,7,2420,3,1325,-216,-310,220,231,190,47
4,7,2421,3,1326,-395,-634,220,160,60,41
4,7,2422,3,1327,-757,-56,220,15,292,51
4,7,2423,3,1328,-205,117,220,236,361,54
4,7,2424,3,1329,-750,-687,220,18,39,40
4,7,2425,3,1330,-385,-264,220,164,208,47
4,7,2426,3,1331,-590,226,220,82,405,55
4,7,2427,3,1332,-425,-10,220,148,310,52
4,7,2428,3,1333,-462,-612,220,133,69,42
4,7,2429,3,1334,-490,-695,220,122,36,40
4,7,2430,3,1335,-357,-558,220,175,91,42
4,7,2431,3,1336,-393,-656,220,161,52,41
4,7,2432,3,1337,-701,-475,220,38,124,44
4,7,2433,3,1338,-700,266,220,38,420,56
4,7,2434,3,1339,-595,98,220,80,353,53
4,7,2435,3,1340,-687,-621,220,43,65,41
4,7,2436,3,1341,-316,73,220,192,343,53
4,7,2437,3,1342,-754,232,220,16,407,56
4,7,2438,3,1343,-710,-556,220,34,91,42
4,7,2439,3,1344,-785,270,220,4,422,56
4,7,2440,3,1345,-464,-216,220,133,228,48
4,7,2441,3,1346,-230,248,220,226,413,56
4,7,2442,3,1347,-307,-710,220,195,30,40
4,7,2443,3,1348,-710,205,220,34,396,55
4,7,2444,3,1349,-788,-14,220,3,308,51
4,7,2445,3,1350,-746,-649,220,20,54,41
4,7,2446,3,1351,-229,-316,220,226,188,46
4,7,2447,3,1352,-201,-563,220,238,89,42
4,7,2448,3,1353,-227,-196,220,227,235,48
4,7,2449,3,1354,-508,138,220,115,369,54
4,7,2450,3,1355,-730,-451,220,26,133,44
4,7,2451,3,1356,-423,232,220,149,407,56
4,7,2452,3,1357,-357,-379,220,175,162,45
4,7,2453,3,1358,-388,-234,220,163,220,48
4,7,2454,3,1359,-393,-490,220,161,118,44
4,7,2455,3,1360,-561,60,220,93,338,53
4,7,2456,3,1361,-606,271,220,76,422,56
4,7,2457,3,1362,-582,-645,220,85,56,41
4,7,2458,3,1363,-757,-726,220,15,24,40
4,7,2459,3,1364,-486,185,220,123,388,55
4,7,2460,3,1365,-337,-745,220,183,16,39
4,7,2461,3,1366,-485,139,220,124,369,54
4,7,2462,3,1367,-749,-136,220,18,260,49
4,7,2463,3,1368,-189,-350,220,242,174,46
4,7,2464,3,1369,-352,130,220,177,366,54
4,7,2465,3,1370,-393,-679,220,161,43,40
4,7,2466,3,1371,-432,-319,220,145,187,46
4,7,2467,3,1372,-702,173,220,37,383,55
4,7,2468,3,1373,-567,97,220,91,353,53
4,7,2469,3,1374,-773,-744,220,9,16,39
4,7,2470,3,1375,-318,-524,220,191,105,43
4,7,2471,3,1376,-272,-59,220,209,291,51
4,7,2472,3,1377,-215,88,220,232,349,53
4,7,2473,3,1378,-207,-361,220,235,170,46
4,7,2474,3,1379,-755,-359,220,16,170,46
4,7,2475,3,1380,-546,-602,220,100,73,42
4,7,2476,3,1381,-500,-184,220,118,240,49
4,7,2477,3,1382,-240,-539,220,222,98,43
4,7,2478,3,1383,-625,175,220,68,384,55
4,7,2479,3,1384,-202,-341,220,237,178,46
4,7,2480,3,1385,-336,137,220,184,369,54
4,7,2481,3,1386,-226,-518,220,228,107,43
4,7,2482,3,1387,-472,22,220,129,323,52
4,7,2483,3,1388,-226,178,220,228,385,55
4,7,2484,3,1389,-628,-586,220,67,80,42
4,7,2485,3,1390,-637,204,220,63,395,55
4,7,2486,3,1391,-663,-530,220,53,102,43
4,7,2487,3,1392,-288,254,220,203,416,56
4,7,2488,3,1393,-190,-555,220,242,92,43
4,7,2489,3,1394,-716,-639,220,32,58,41
4,7,2490,3,1395,-722,-706,220,29,32,40
4,7,2491,3,1396,-188,-775,220,243,4,39
4,7,2492,3,1397,-442,-304,220,141,192,47
4,7,2493,3,1398,-696,95,220,40,352,53
4,7,2494,3,1399,-189,-688,220,243,39,40
4,7,2495,3,1400,-262,-89,220,213,278,50
4,7,2496,3,1401,-287,280,220,203,426,56
4,7,2497,3,1402,-775,14,220,8,320,52
4,7,2498,3,1403,-764,-582,220,12,81,42
4,7,2499,3,1404,-532,-699,220,105,34,40
4,7,2500,3,1405,-350,-317,220,178,187,46
4,7,2501,3,1406,-662,-594,220,53,76,42
4,7,2502,3,1407,-240,-288,220,222,199,47
4,7,2503,3,1408,-357,-490,220,175,118,44
4,7,2504,3,1409,-725,-145,220,28,256,49
4,7,2505,3,1410,-345,-546,220,180,96,43
4,7,2506,3,1411,-704,-240,220,36,218,48
4,7,2507,3,1412,-720,59,220,30,338,53
4,7,2508,3,1413,-746,-397,220,19,155,45
4,7,2509,3,1414,-543,-770,220,101,6,39
4,7,2510,3,1415,-544,-756,220,101,12,39
4,7,2511,3,1416,-268,-494,220,211,116,44
4,7,2512,3,1417,-607,-258,220,75,211,47
4,7,2513,3,1418,-788,144,220,3,372,54
4,7,2514,3,1419,-316,154,220,192,376,54
4,7,2515,3,1420,-575,-699,220,88,34,40
4,7,2516,3,1421,-587,-529,220,83,102,43
4,7,2517,3,1422,-298,-390,220,199,158,45
4,7,2518,3,1423,-323,-649,220,189,54,41
4,7,2519,3,1424,-206,-764,220,236,8,39
4,7,2520,3,1425,-521,-345,220,110,176,46
4,7,2521,3,1426,-774,-543,220,8,97,43
4,7,2522,3,1427,-361,-692,220,174,37,40
4,7,2523,3,1428,-245,-669,220,220,47,41
4,7,2524,3,1429,-585,198,220,84,393,55
4,7,2525,3,1430,-231,-773,220,226,5,39
4,7,2526,3,1431,-234,231,220,224,406,56
4,7,2527,3,1432,-253,-611,220,217,69,42
4,7,2528,3,1433,-634,-752,220,64,13,39
4,7,2529,3,1434,-200,-134,220,238,260,50
4,7,2530,3,1435,-214,183,220,232,387,55
4,7,2531,3,1436,-600,59,220,78,337,53
4,7,2532,3,1437,-453,-693,220,137,37,40
4,7,2533,3,1438,-529,-510,220,106,110,43
4,7,2534,3,1439,-622,-738,220,69,19,39
4,7,2535,3,1440,-429,103,220,146,355,53
4,7,2536,3,1441,-491,-743,220,122,17,39
4,7,2537,3,1442,-788,-186,220,3,239,49
4,7,2538,3,1443,-604,-690,220,76,38,40
4,7,2539,3,1444,-319,-161,220,190,249,49
4,7,2540,3,1445,-734,-658,220,24,51,41
4,7,2541,3,1446,-587,-556,220,83,92,43
4,7,2542,3,1447,-282,-654,220,205,52,41
4,7,2543,3,1448,-700,-770,220,38,6,39
4,7,2544,3,1449,-421,197,220,149,393,55
4,7,2545,3,1450,-186,-70,220,244,286,51
4,7,2546,3,1451,-662,-303,220,53,193,47
4,7,2547,3,1452,-705,-746,220,36,15,39
4,7,2548,3,1453,-529,209,220,106,398,55
4,7,2549,3,1454,-190,-252,220,242,213,48
4,7,2550,3,1455,-752,-776,220,17,3,39
4,7,2551,4,1,-180,-780,220,14,2,58
4,7,2552,4,2,-109,-758,220,42,11,58
4,7,2553,4,3,-21,-750,220,77,14,59
4,7,2554,4,4,16,-738,220,93,19,59
4,7,2555,4,5,48,-751,220,105,14,59
4,7,2556,4,6,88,-755,220,121,12,59
4,7,2557,4,7,99,-754,220,126,13,59
4,7,2558,4,8,124,-750,220,136,14,59
4,7,2559,4,9,137,-763,220,141,9,58
4,7,2560,4,10,117,-782,220,133,1,58
4,7,2561,4,11,162,-778,220,151,3,58
4,7,2562,4,12,169,-749,220,153,14,59
4,7,2563,4,13,162,-774,220,151,4,58
4,7,2564,4,14,151,-745,220,147,16,59
4,7,2565,4,15,204,-781,220,168,2,58
4,7,2566,4,16,203,-775,220,167,4,58
4,7,2567,4,17,195,-761,220,164,10,58
4,7,2568,4,18,241,-779,220,182,2,58
4,7,2569,4,19,320,-777,220,214,3,58
4,7,2570,4,20,-103,-728,220,45,23,59
4,7,2571,4,21,-77,-719,220,55,26,59
4,7,2572,4,22,-76,-740,220,56,18,59
4,7,2573,4,23,-26,-712,220,76,29,59
4,7,2574,4,24,3,-712,220,87,29,59
4,7,2575,4,25,-10,-700,220,82,34,59
4,7,2576,4,26,61,-731,220,110,21,59
4,7,2577,4,27,68,-701,220,113,34,59
4,7,2578,4,28,46,-700,220,104,34,59
4,7,2579,4,29,32,-702,220,99,33,59
4,7,2580,4,30,84,-713,220,120,29,59
4,7,2581,4,31,138,-730,220,141,22,59
4,7,2582,4,32,162,-721,220,151,26,59
4,7,2583,4,33,186,-742,220,161,17,59
4,7,2584,4,34,204,-733,220,167,21,59
4,7,2585,4,35,207,-712,220,169,29,59
4,7,2586,4,36,244,-706,220,184,31,59
4,7,2587,4,37,240,-721,220,182,26,59
4,7,2588,4,38,283,-732,220,199,21,59
4,7,2589,4,39,297,-724,220,205,24,59
4,7,2590,4,40,325,-717,220,216,27,59
4,7,2591,4,41,338,-729,220,221,22,59
4,7,2592,4,42,318,-735,220,213,20,59
4,7,2593,4,43,316,-712,220,212,29,59
4,7,2594,4,44,-66,-691,220,60,37,60
4,7,2595,4,45,-19,-692,220,78,37,60
4,7,2596,4,46,16,-683,220,92,41,60
4,7,2597,4,47,49,-686,220,105,40,60
4,7,2598,4,48,93,-683,220,123,41,60
4,7,2599,4,49,124,-671,220,135,45,60
4,7,2600,4,50,111,-662,220,130,49,60
4,7,2601,4,51,179,-662,220,158,49,60
4,7,2602,4,52,205,-676,220,168,43,60
4,7,2603,4,53,191,-692,220,162,37,60
4,7,2604,4,54,267,-667,220,193,47,60
4,7,2605,4,55,-57,-651,220,63,54,60
4,7,2606,4,56,-58,-632,220,63,61,61
4,7,2607,4,57,-33,-643,220,73,57,60
4,7,2608,4,58,42,-632,220,103,61,61
4,7,2609,4,59,96,-650,220,125,54,60
4,7,2610,4,60,173,-649,220,155,54,60
4,7,2611,4,61,168,-631,220,153,62,61
4,7,2612,4,62,218,-643,220,173,57,60
4,7,2613,4,63,212,-637,220,171,59,61
4,7,2614,4,64,254,-626,220,188,64,61
4,7,2615,4,65,299,-640,220,206,58,60
4,7,2616,4,66,297,-627,220,205,63,61
4,7,2617,4,67,314,-634,220,212,60,61
4,7,2618,4,68,-79,-613,220,54,69,61
4,7,2619,4,69,-54,-603,220,64,73,61
4,7,2620,4,70,-48,-619,220,67,66,61
4,7,2621,4,71,-13,-591,220,81,77,61
4,7,2622,4,72,-35,-618,220,72,67,61
4,7,2623,4,73,-33,-595,220,73,76,61
4,7,2624,4,74,15,-613,220,92,69,61
4,7,2625,4,75,29,-621,220,98,66,61
4,7,2626,4,76,42,-611,220,103,70,61
4,7,2627,4,77,55,-607,220,108,71,61
4,7,2628,4,78,61,-591,220,110,77,61
4,7,2629,4,79,98,-601,220,125,74,61
4,7,2630,4,80,79,-611,220,118,69,61
4,7,2631,4,81,100,-622,220,126,65,61
4,7,2632,4,82,111,-602,220,130,73,61
4,7,2633,4,83,137,-611,220,141,70,61
4,7,2634,4,84,165,-607,220,152,71,61
4,7,2635,4,85,175,-589,220,156,78,61
4,7,2636,4,86,228,-611,220,177,70,61
4,7,2637,4,87,248,-606,220,185,71,61
4,7,2638,4,88,262,-613,220,191,69,61
4,7,2639,4,89,287,-588,220,201,79,61
4,7,2640,4,90,269,-600,220,193,74,61
4,7,2641,4,91,330,-594,220,218,76,61
4,7,2642,4,92,348,-609,220,225,70,61
4,7,2643,4,93,397,-587,220,245,79,61
4,7,2644,4,94,-64,-573,220,60,85,62
4,7,2645,4,95,-40,-576,220,70,84,62
4,7,2646,4,96,-8,-582,220,83,81,61
4,7,2647,4,97,32,-569,220,99,86,62
4,7,2648,4,98,44,-561,220,104,89,62
4,7,2649,4,99,131,-550,220,138,94,62
4,7,2650,4,100,138,-566,220,141,88,62
4,7,2651,4,101,120,-560,220,134,90,62
4,7,2652,4,102,175,-561,220,156,90,62
4,7,2653,4,103,180,-575,220,158,84,62
4,7,2654,4,104,160,-556,220,150,91,62
4,7,2655,4,105,187,-550,220,161,94,62
4,7,2656,4,106,205,-568,220,168,87,62
4,7,2657,4,107,286,-564,220,200,89,62
4,7,2658,4,108,299,-565,220,206,88,62
4,7,2659,4,109,321,-542,220,214,97,62
4,7,2660,4,110,335,-545,220,220,96,62
4,7,2661,4,111,328,-561,220,217,89,62
4,7,2662,4,112,394,-542,220,244,97,62
4,7,2663,4,113,-134,-527,220,32,103,62
4,7,2664,4,114,-122,-508,220,37,111,63
4,7,2665,4,115,-106,-510,220,43,110,63
4,7,2666,4,116,-73,-502,220,57,113,63
4,7,2667,4,117,-36,-509,220,72,110,63
4,7,2668,4,118,30,-513,220,98,109,63
4,7,2669,4,119,3,-533,220,87,101,62
4,7,2670,4,120,49,-512,220,106,109,63
4,7,2671,4,121,53,-521,220,107,106,62
4,7,2672,4,122,68,-535,220,113,100,62
4,7,2673,4,123,103,-521,220,127,106,62
4,7,2674,4,124,99,-535,220,126,100,62
4,7,2675,4,125,135,-536,220,140,99,62
4,7,2676,4,126,177,-528,220,157,103,62
4,7,2677,4,127,160,-531,220,150,102,62
4,7,2678,4,128,209,-512,220,169,109,63
4,7,2679,4,129,190,-515,220,162,108,63
4,7,2680,4,130,192,-536,220,163,99,62
4,7,2681,4,131,268,-531,220,193,102,62
4,7,2682,4,132,242,-527,220,183,103,62
4,7,2683,4,133,302,-509,220,207,110,63
4,7,2684,4,134,285,-511,220,200,110,63
4,7,2685,4,135,336,-520,220,220,106,62
4,7,2686,4,136,-186,-486,220,12,120,63
4,7,2687,4,137,-139,-469,220,30,126,63
4,7,2688,4,138,-121,-471,220,37,126,63
4,7,2689,4,139,-61,-489,220,62,118,63
4,7,2690,4,140,-83,-459,220,53,131,63
4,7,2691,4,141,-27,-478,220,75,123,63
4,7,2692,4,142,-19,-488,220,78,119,63
4,7,2693,4,143,-37,-486,220,71,120,63
4,7,2694,4,144,32,-464,220,99,128,63
4,7,2695,4,145,-7,-489,220,83,118,63
4,7,2696,4,146,15,-473,220,92,125,63
4,7,2697,4,147,63,-470,220,111,126,63
4,7,2698,4,148,45,-471,220,104,125,63
4,7,2699,4,149,65,-492,220,112,117,63
4,7,2700,4,150,88,-476,220,121,124,63
4,7,2701,4,151,98,-479,220,125,122,63
4,7,2702,4,152,141,-489,220,142,119,63
4,7,2703,4,153,135,-473,220,140,125,63
4,7,2704,4,154,165,-479,220,152,122,63
4,7,2705,4,155,202,-487,220,167,119,63
4,7,2706,4,156,303,-469,220,207,126,63
4,7,2707,4,157,323,-497,220,215,115,63
4,7,2708,4,158,-181,-434,220,14,140,64
4,7,2709,4,159,-141,-440,220,30,138,64
4,7,2710,4,160,-157,-452,220,23,133,64
4,7,2711,4,161,-127,-443,220,35,137,64
4,7,2712,4,162,-126,-427,220,35,143,64
4,7,2713,4,163,-112,-441,220,41,138,64
4,7,2714,4,164,-70,-445,220,58,136,64
4,7,2715,4,165,-68,-433,220,59,141,64
4,7,2716,4,166,-43,-428,220,69,143,64
4,7,2717,4,167,11,-452,220,91,133,64
4,7,2718,4,168,-7,-436,220,83,140,64
4,7,2719,4,169,58,-428,220,109,143,64
4,7,2720,4,170,41,-434,220,102,140,64
4,7,2721,4,171,55,-438,220,108,139,64
4,7,2722,4,172,99,-439,220,126,138,64
4,7,2723,4,173,97,-455,220,125,132,64
4,7,2724,4,174,112,-446,220,131,136,64
4,7,2725,4,175,147,-438,220,145,139,64
4,7,2726,4,176,139,-429,220,142,143,64
4,7,2727,4,177,129,-450,220,138,134,64
4,7,2728,4,178,211,-434,220,170,141,64
4,7,2729,4,179,243,-440,220,183,138,64
4,7,2730,4,180,292,-440,220,203,138,64
4,7,2731,4,181,277,-445,220,197,136,64
4,7,2732,4,182,331,-436,220,219,140,64
4,7,2733,4,183,331,-451,220,219,134,64
4,7,2734,4,184,357,-424,220,229,144,64
4,7,2735,4,185,-151,-382,220,26,161,65
4,7,2736,4,186,-130,-386,220,34,160,65
4,7,2737,4,187,-108,-379,220,43,162,65
4,7,2738,4,188,-100,-411,220,46,150,64
4,7,2739,4,189,-55,-379,220,64,163,65
4,7,2740,4,190,-84,-377,220,52,163,65
4,7,2741,4,191,-25,-404,220,76,152,64
4,7,2742,4,192,-25,-389,220,76,159,65
4,7,2743,4,193,21,-389,220,94,158,65
4,7,2744,4,194,36,-394,220,101,156,65
4,7,2745,4,195,101,-413,220,126,149,64
4,7,2746,4,196,65,-401,220,112,154,64
4,7,2747,4,197,133,-421,220,139,145,64
4,7,2748,4,198,152,-416,220,147,148,64
4,7,2749,4,199,122,-422,220,135,145,64
4,7,2750,4,200,176,-405,220,156,152,64
4,7,2751,4,201,168,-400,220,153,154,64
4,7,2752,4,202,220,-393,220,174,157,65
4,7,2753,4,203,217,-403,220,173,153,64
4,7,2754,4,204,255,-402,220,188,153,64
4,7,2755,4,205,278,-412,220,197,149,64
4,7,2756,4,206,291,-412,220,202,149,64
4,7,2757,4,207,322,-408,220,215,151,64
4,7,2758,4,208,335,-396,220,220,155,64
4,7,2759,4,209,389,-412,220,241,149,64
4,7,2760,4,210,396,-399,220,244,154,64
4,7,2761,4,211,-179,-348,220,14,175,65
4,7,2762,4,212,-187,-366,220,11,168,65
4,7,2763,4,213,-131,-365,220,34,168,65
4,7,2764,4,214,-161,-336,220,22,180,66
4,7,2765,4,215,-156,-354,220,24,172,65
4,7,2766,4,216,-99,-354,220,46,172,65
4,7,2767,4,217,-118,-354,220,39,172,65
4,7,2768,4,218,-53,-363,220,65,169,65
4,7,2769,4,219,-41,-360,220,70,170,65
4,7,2770,4,220,-20,-357,220,78,171,65
4,7,2771,4,221,-15,-339,220,80,179,65
4,7,2772,4,222,-18,-378,220,79,163,65
4,7,2773,4,223,-5,-358,220,84,171,65
4,7,2774,4,224,45,-339,220,104,178,65
4,7,2775,4,225,39,-368,220,102,167,65
4,7,2776,4,226,58,-343,220,109,177,65
4,7,2777,4,227,100,-352,220,126,173,65
4,7,2778,4,228,83,-365,220,119,168,65
4,7,2779,4,229,135,-351,220,140,174,65
4,7,2780,4,230,121,-353,220,134,173,65
4,7,2781,4,231,185,-369,220,160,166,65
4,7,2782,4,232,164,-353,220,152,173,65
4,7,2783,4,233,203,-372,220,167,165,65
4,7,2784,4,234,253,-357,220,187,171,65
4,7,2785,4,235,265,-365,220,192,168,65
4,7,2786,4,236,317,-365,220,213,168,65
4,7,2787,4,237,-186,-316,220,12,188,66
4,7,2788,4,238,-190,-298,220,10,195,66
4,7,2789,4,239,-174,-327,220,17,183,66
4,7,2790,4,240,-131,-324,220,33,184,66
4,7,2791,4,241,-112,-326,220,41,184,66
4,7,2792,4,242,-120,-311,220,38,190,66
4,7,2793,4,243,-95,-316,220,48,187,66
4,7,2794,4,244,-78,-325,220,55,184,66
4,7,2795,4,245,-72,-310,220,57,190,66
4,7,2796,4,246,-36,-318,220,71,187,66
4,7,2797,4,247,-17,-309,220,79,190,66
4,7,2798,4,248,17,-327,220,93,183,66
4,7,2799,4,249,3,-308,220,87,191,66
4,7,2800,4,250,-2,-341,220,85,178,65
4,7,2801,4,251,23,-303,220,95,193,66
4,7,2802,4,252,53,-319,220,107,186,66
4,7,2803,4,253,40,-324,220,102,184,66
4,7,2804,4,254,87,-319,220,121,187,66
4,7,2805,4,255,140,-314,220,142,188,66
4,7,2806,4,256,122,-311,220,135,190,66
4,7,2807,4,257,148,-341,220,145,178,65
4,7,2808,4,258,191,-325,220,162,184,66
4,7,2809,4,259,212,-329,220,171,183,66
4,7,2810,4,260,261,-317,220,190,187,66
4,7,2811,4,261,253,-339,220,187,178,65
4,7,2812,4,262,284,-318,220,200,187,66
4,7,2813,4,263,327,-326,220,217,184,66
4,7,2814,4,264,339,-313,220,221,189,66
4,7,2815,4,265,314,-341,220,212,178,65
4,7,2816,4,266,339,-341,220,222,177,65
4,7,2817,4,267,-179,-289,220,14,198,66
4,7,2818,4,268,-155,-286,220,24,200,66
4,7,2819,4,269,-152,-270,220,25,206,67
4,7,2820,4,270,-136,-265,220,32,208,67
4,7,2821,4,271,-103,-302,220,45,193,66
4,7,2822,4,272,-93,-288,220,49,199,66
4,7,2823,4,273,-124,-269,220,37,207,67
4,7,2824,4,274,-86,-279,220,51,202,66
4,7,2825,4,275,-70,-290,220,58,198,66
4,7,2826,4,276,-65,-280,220,60,202,66
4,7,2827,4,277,-61,-300,220,62,194,66
4,7,2828,4,278,-30,-280,220,74,202,66
4,7,2829,4,279,1,-278,220,86,203,66
4,7,2830,4,280,57,-292,220,109,197,66
4,7,2831,4,281,37,-281,220,101,202,66
4,7,2832,4,282,93,-274,220,123,204,67
4,7,2833,4,283,129,-288,220,138,199,66
4,7,2834,4,284,121,-270,220,135,206,67
4,7,2835,4,285,135,-258,220,140,211,67
4,7,2836,4,286,170,-273,220,154,205,67
4,7,2837,4,287,155,-267,220,148,207,67
4,7,2838,4,288,220,-292,220,174,197,66
4,7,2839,4,289,200,-278,220,166,203,66
4,7,2840,4,290,231,-302,220,179,193,66
4,7,2841,4,291,257,-277,220,189,203,66
4,7,2842,4,292,293,-279,220,203,203,66
4,7,2843,4,293,316,-281,220,212,201,66
4,7,2844,4,294,310,-301,220,210,194,66
4,7,2845,4,295,-197,-248,220,7,215,67
4,7,2846,4,296,-189,-252,220,10,213,67
4,7,2847,4,297,-188,-223,220,11,225,67
4,7,2848,4,298,-182,-238,220,13,219,67
4,7,2849,4,299,-152,-234,220,25,220,67
4,7,2850,4,300,-163,-241,220,21,218,67
4,7,2851,4,301,-149,-221,220,26,226,67
4,7,2852,4,302,-139,-234,220,31,220,67
4,7,2853,4,303,-114,-237,220,40,219,67
4,7,2854,4,304,-89,-249,220,51,214,67
4,7,2855,4,305,-125,-242,220,36,217,67
4,7,2856,4,306,-116,-222,220,39,225,67
4,7,2857,4,307,-71,-249,220,58,215,67
4,7,2858,4,308,-71,-236,220,57,220,67
4,7,2859,4,309,-41,-237,220,70,219,67
4,7,2860,4,310,63,-244,220,111,216,67
4,7,2861,4,311,66,-222,220,112,225,67
4,7,2862,4,312,79,-237,220,118,219,67
4,7,2863,4,313,83,-219,220,119,226,67
4,7,2864,4,314,124,-234,220,136,220,67
4,7,2865,4,315,163,-222,220,151,225,67
4,7,2866,4,316,177,-234,220,157,220,67
4,7,2867,4,317,191,-219,220,162,226,67
4,7,2868,4,318,198,-249,220,165,214,67
4,7,2869,4,319,213,-230,220,171,222,67
4,7,2870,4,320,244,-235,220,184,220,67
4,7,2871,4,321,244,-250,220,183,214,67
4,7,2872,4,322,258,-251,220,189,214,67
4,7,2873,4,323,249,-264,220,185,208,67
4,7,2874,4,324,267,-253,220,193,213,67
4,7,2875,4,325,333,-251,220,219,214,67
4,7,2876,4,326,334,-234,220,220,221,67
4,7,2877,4,327,340,-215,220,222,228,68
4,7,2878,4,328,-194,-199,220,8,234,68
4,7,2879,4,329,-180,-205,220,14,232,68
4,7,2880,4,330,-210,-190,220,2,238,68
4,7,2881,4,331,-147,-197,220,27,235,68
4,7,2882,4,332,-161,-212,220,22,229,68
4,7,2883,4,333,-113,-209,220,41,230,68
4,7,2884,4,334,-117,-193,220,39,237,68
4,7,2885,4,335,-72,-199,220,57,234,68
4,7,2886,4,336,-73,-220,220,57,226,67
4,7,2887,4,337,-18,-206,220,79,232,68
4,7,2888,4,338,19,-200,220,94,234,68
4,7,2889,4,339,100,-201,220,126,234,68
4,7,2890,4,340,117,-194,220,133,236,68
4,7,2891,4,341,166,-202,220,152,233,68
4,7,2892,4,342,218,-201,220,173,234,68
4,7,2893,4,343,216,-187,220,172,239,68
4,7,2894,4,344,238,-203,220,181,233,68
4,7,2895,4,345,258,-196,220,189,236,68
4,7,2896,4,346,282,-193,220,199,237,68
4,7,2897,4,347,303,-195,220,207,236,68
4,7,2898,4,348,287,-206,220,201,231,68
4,7,2899,4,349,334,-192,220,220,237,68
4,7,2900,4,350,318,-206,220,213,232,68
4,7,2901,4,351,317,-179,220,213,242,68
4,7,2902,4,352,381,-188,220,238,239,68
4,7,2903,4,353,-198,-148,220,7,255,69
4,7,2904,4,354,-208,-164,220,3,248,68
4,7,2905,4,355,-139,-160,220,30,250,68
4,7,2906,4,356,-162,-161,220,21,250,68
4,7,2907,4,357,-166,-140,220,20,258,69
4,7,2908,4,358,-135,-169,220,32,246,68
4,7,2909,4,359,-116,-147,220,40,255,69
4,7,2910,4,360,-101,-153,220,46,253,69
4,7,2911,4,361,-87,-174,220,51,244,68
4,7,2912,4,362,-107,-169,220,43,246,68
4,7,2913,4,363,-56,-156,220,64,252,68
4,7,2914,4,364,-91,-162,220,50,249,68
4,7,2915,4,365,-49,-144,220,66,256,69
4,7,2916,4,366,-65,-132,220,60,261,69
4,7,2917,4,367,-9,-170,220,82,246,68
4,7,2918,4,368,2,-169,220,87,246,68
4,7,2919,4,369,57,-159,220,109,250,68
4,7,2920,4,370,80,-160,220,118,250,68
4,7,2921,4,371,98,-167,220,125,247,68
4,7,2922,4,372,137,-157,220,141,251,68
4,7,2923,4,373,125,-153,220,136,253,69
4,7,2924,4,374,179,-154,220,157,252,69
4,7,2925,4,375,216,-162,220,172,249,68
4,7,2926,4,376,203,-163,220,167,249,68
4,7,2927,4,377,217,-175,220,173,244,68
4,7,2928,4,378,229,-162,220,178,249,68
4,7,2929,4,379,236,-175,220,181,244,68
4,7,2930,4,380,230,-138,220,178,259,69
4,7,2931,4,381,284,-161,220,200,250,68
4,7,2932,4,382,336,-158,220,220,251,68
4,7,2933,4,383,332,-143,220,219,257,69
4,7,2934,4,384,-205,-111,220,4,269,69
4,7,2935,4,385,-191,-113,220,10,269,69
4,7,2936,4,386,-177,-106,220,15,272,69
4,7,2937,4,387,-177,-123,220,15,265,69
4,7,2938,4,388,-209,-122,220,2,265,69
4,7,2939,4,389,-148,-130,220,27,262,69
4,7,2940,4,390,-164,-115,220,21,268,69
4,7,2941,4,391,-161,-125,220,21,264,69
4,7,2942,4,392,-101,-101,220,45,274,69
4,7,2943,4,393,-78,-111,220,55,270,69
4,7,2944,4,394,-36,-119,220,71,266,69
4,7,2945,4,395,-44,-108,220,69,271,69
4,7,2946,4,396,-1,-111,220,86,270,69
4,7,2947,4,397,25,-129,220,96,262,69
4,7,2948,4,398,41,-140,220,102,258,69
4,7,2949,4,399,50,-113,220,106,269,69
4,7,2950,4,400,103,-135,220,127,260,69
4,7,2951,4,401,83,-107,220,119,271,69
4,7,2952,4,402,125,-127,220,136,263,69
4,7,2953,4,403,133,-133,220,139,261,69
4,7,2954,4,404,165,-109,220,152,270,69
4,7,2955,4,405,220,-118,220,174,267,69
4,7,2956,4,406,200,-127,220,166,263,69
4,7,2957,4,407,248,-118,220,185,267,69
4,7,2958,4,408,258,-124,220,189,264,69
4,7,2959,4,409,284,-118,220,200,267,69
4,7,2960,4,410,306,-123,220,208,265,69
4,7,2961,4,411,327,-117,220,217,267,69
4,7,2962,4,412,347,-130,220,225,262,69
4,7,2963,4,413,370,-138,220,234,259,69
4,7,2964,4,414,359,-139,220,230,259,69
4,7,2965,4,415,-207,-69,220,3,286,70
4,7,2966,4,416,-206,-83,220,4,281,70
4,7,2967,4,417,-187,-60,220,11,290,70
4,7,2968,4,418,-136,-81,220,32,282,70
4,7,2969,4,419,-159,-87,220,22,279,70
4,7,2970,4,420,-104,-86,220,45,280,70
4,7,2971,4,421,-112,-72,220,41,285,70
4,7,2972,4,422,-83,-72,220,53,285,70
4,7,2973,4,423,-76,-84,220,56,280,70
4,7,2974,4,424,-75,-73,220,56,285,70
4,7,2975,4,425,-46,-91,220,68,278,70
4,7,2976,4,426,-36,-70,220,72,286,70
4,7,2977,4,427,21,-88,220,94,279,70
4,7,2978,4,428,-9,-69,220,83,287,70
4,7,2979,4,429,41,-96,220,102,276,69
4,7,2980,4,430,84,-67,220,119,287,70
4,7,2981,4,431,98,-71,220,125,286,70
4,7,2982,4,432,132,-79,220,139,282,70
4,7,2983,4,433,149,-72,220,146,285,70
4,7,2984,4,434,173,-76,220,155,284,70
4,7,2985,4,435,171,-91,220,154,277,70
4,7,2986,4,436,219,-78,220,173,283,70
4,7,2987,4,437,251,-76,220,186,284,70
4,7,2988,4,438,243,-87,220,183,279,70
4,7,2989,4,439,228,-87,220,177,279,70
4,7,2990,4,440,275,-71,220,196,286,70
4,7,2991,4,441,388,-62,220,241,289,70
4,7,2992,4,442,-176,-34,220,16,300,71
4,7,2993,4,443,-194,-31,220,8,301,71
4,7,2994,4,444,-178,-44,220,15,296,70
4,7,2995,4,445,-144,-34,220,28,300,71
4,7,2996,4,446,-139,-54,220,30,292,70
4,7,2997,4,447,-159,-53,220,22,293,70
4,7,2998,4,448,-71,-51,220,58,294,70
4,7,2999,4,449,-62,-32,220,61,301,71
4,7,3000,4,450,-20,-33,220,78,301,71
4,7,3001,4,451,-28,-39,220,75,298,70
4,7,3002,4,452,-25,-62,220,76,289,70
4,7,3003,4,453,-43,-21,220,69,306,71
4,7,3004,4,454,15,-51,220,92,294,70
4,7,3005,4,455,-2,-35,220,85,300,71
4,7,3006,4,456,-5,-49,220,84,294,70
4,7,3007,4,457,50,-30,220,106,302,71
4,7,3008,4,458,36,-49,220,101,295,70
4,7,3009,4,459,90,-51,220,122,294,70
4,7,3010,4,460,132,-55,220,139,292,70
4,7,3011,4,461,178,-46,220,157,296,70
4,7,3012,4,462,164,-53,220,152,293,70
4,7,3013,4,463,209,-52,220,170,293,70
4,7,3014,4,464,220,-30,220,174,302,71
4,7,3015,4,465,257,-46,220,189,296,70
4,7,3016,4,466,237,-28,220,181,303,71
4,7,3017,4,467,252,-59,220,187,290,70
4,7,3018,4,468,310,-47,220,210,295,70
4,7,3019,4,469,320,-33,220,214,301,71
4,7,3020,4,470,396,-33,220,244,301,71
4,7,3021,4,471,360,-45,220,230,296,70
4,7,3022,4,472,-185,-2,220,12,313,71
4,7,3023,4,473,-208,-23,220,3,305,71
4,7,3024,4,474,-183,9,220,13,318,71
4,7,3025,4,475,-140,-6,220,30,312,71
4,7,3026,4,476,-160,-4,220,22,313,71
4,7,3027,4,477,-151,-9,220,26,310,71
4,7,3028,4,478,-151,10,220,26,318,71
4,7,3029,4,479,-109,0,220,42,314,71
4,7,3030,4,480,-120,1,220,38,314,71
4,7,3031,4,481,-98,11,220,47,318,71
4,7,3032,4,482,-76,0,220,56,314,71
4,7,3033,4,483,-76,-18,220,55,307,71
4,7,3034,4,484,-88,-13,220,51,309,71
4,7,3035,4,485,-58,-17,220,63,307,71
4,7,3036,4,486,-24,-3,220,76,313,71
4,7,3037,4,487,-35,0,220,72,314,71
4,7,3038,4,488,-32,-13,220,73,309,71
4,7,3039,4,489,18,-18,220,93,307,71
4,7,3040,4,490,19,-3,220,93,313,71
4,7,3041,4,491,-1,-19,220,86,306,71
4,7,3042,4,492,4,8,220,87,317,71
4,7,3043,4,493,39,-11,220,102,310,71
4,7,3044,4,494,46,-2,220,104,313,71
4,7,3045,4,495,63,-2,220,111,313,71
4,7,3046,4,496,51,10,220,107,318,71
4,7,3047,4,497,44,-19,220,104,306,71
4,7,3048,4,498,92,12,220,123,319,71
4,7,3049,4,499,95,-7,220,124,311,71
4,7,3050,4,500,130,8,220,138,317,71
4,7,3051,4,501,178,-12,220,157,309,71
4,7,3052,4,502,169,-20,220,153,306,71
4,7,3053,4,503,183,0,220,159,314,71
4,7,3054,4,504,213,9,220,171,317,71
4,7,3055,4,505,202,3,220,167,315,71
4,7,3056,4,506,224,-11,220,175,309,71
4,7,3057,4,507,259,0,220,190,314,71
4,7,3058,4,508,246,11,220,185,318,71
4,7,3059,4,509,254,-15,220,188,308,71
4,7,3060,4,510,294,-1,220,203,314,71
4,7,3061,4,511,311,-3,220,210,313,71
4,7,3062,4,512,344,-3,220,224,313,71
4,7,3063,4,513,340,9,220,222,317,71
4,7,3064,4,514,-200,44,220,6,332,72
4,7,3065,4,515,-196,33,220,8,327,72
4,7,3066,4,516,-182,54,220,13,335,72
4,7,3067,4,517,-155,32,220,24,327,72
4,7,3068,4,518,-145,40,220,28,330,72
4,7,3069,4,519,-145,28,220,28,325,72
4,7,3070,4,520,-101,29,220,46,325,72
4,7,3071,4,521,-114,31,220,40,326,72
4,7,3072,4,522,-73,32,220,57,327,72
4,7,3073,4,523,-91,26,220,50,324,72
4,7,3074,4,524,-62,40,220,61,330,72
4,7,3075,4,525,-68,19,220,59,322,71
4,7,3076,4,526,-79,45,220,54,332,72
4,7,3077,4,527,-44,44,220,68,332,72
4,7,3078,4,528,-41,29,220,69,325,72
4,7,3079,4,529,-53,34,220,65,328,72
4,7,3080,4,530,10,26,220,90,324,71
4,7,3081,4,531,-3,35,220,85,328,72
4,7,3082,4,532,-8,53,220,83,335,72
4,7,3083,4,533,60,38,220,110,329,72
4,7,3084,4,534,42,21,220,103,322,71
4,7,3085,4,535,76,48,220,117,333,72
4,7,3086,4,536,111,59,220,130,338,72
4,7,3087,4,537,135,44,220,140,332,72
4,7,3088,4,538,187,30,220,161,326,72
4,7,3089,4,539,247,27,220,185,325,72
4,7,3090,4,540,259,52,220,190,335,72
4,7,3091,4,541,241,42,220,183,331,72
4,7,3092,4,542,307,51,220,209,334,72
4,7,3093,4,543,310,18,220,210,321,71
4,7,3094,4,544,278,65,220,197,340,72
4,7,3095,4,545,339,49,220,222,334,72
4,7,3096,4,546,333,33,220,219,327,72
4,7,3097,4,547,334,17,220,220,321,71
4,7,3098,4,548,396,31,220,245,326,72
4,7,3099,4,549,-198,86,220,7,348,72
4,7,3100,4,550,-149,87,220,26,349,73
4,7,3101,4,551,-165,75,220,20,344,72
4,7,3102,4,552,-116,78,220,40,345,72
4,7,3103,4,553,-134,69,220,32,342,72
4,7,3104,4,554,-100,71,220,46,342,72
4,7,3105,4,555,-114,58,220,40,337,72
4,7,3106,4,556,-74,93,220,56,351,73
4,7,3107,4,557,-85,80,220,52,346,72
4,7,3108,4,558,-68,62,220,59,339,72
4,7,3109,4,559,-63,84,220,61,348,72
4,7,3110,4,560,-28,80,220,75,346,72
4,7,3111,4,561,-43,73,220,69,343,72
4,7,3112,4,562,29,79,220,98,346,72
4,7,3113,4,563,48,70,220,105,342,72
4,7,3114,4,564,55,78,220,108,345,72
4,7,3115,4,565,62,94,220,111,352,73
4,7,3116,4,566,83,85,220,119,348,72
4,7,3117,4,567,90,96,220,122,352,73
4,7,3118,4,568,132,75,220,139,344,72
4,7,3119,4,569,137,91,220,141,351,73
4,7,3120,4,570,163,77,220,151,345,72
4,7,3121,4,571,177,103,220,157,355,73
4,7,3122,4,572,207,82,220,169,347,72
4,7,3123,4,573,201,90,220,166,350,73
4,7,3124,4,574,248,91,220,185,350,73
4,7,3125,4,575,240,72,220,182,343,72
4,7,3126,4,576,287,89,220,201,350,73
4,7,3127,4,577,303,96,220,207,352,73
4,7,3128,4,578,334,69,220,219,342,72
4,7,3129,4,579,335,86,220,220,348,72
4,7,3130,4,580,392,61,220,243,338,72
4,7,3131,4,581,-210,140,220,2,370,73
4,7,3132,4,582,-147,122,220,27,363,73
4,7,3133,4,583,-105,112,220,44,359,73
4,7,3134,4,584,-124,116,220,36,360,73
4,7,3135,4,585,-114,95,220,40,352,73
4,7,3136,4,586,-79,124,220,54,364,73
4,7,3137,4,587,-66,128,220,60,365,73
4,7,3138,4,588,-42,129,220,69,365,73
4,7,3139,4,589,-28,124,220,75,364,73
4,7,3140,4,590,20,113,220,94,359,73
4,7,3141,4,591,5,134,220,88,368,73
4,7,3142,4,592,43,128,220,103,365,73
4,7,3143,4,593,38,104,220,101,356,73
4,7,3144,4,594,113,124,220,131,363,73
4,7,3145,4,595,110,139,220,130,370,73
4,7,3146,4,596,105,113,220,128,359,73
4,7,3147,4,597,135,112,220,140,359,73
4,7,3148,4,598,142,118,220,143,361,73
4,7,3149,4,599,175,122,220,156,363,73
4,7,3150,4,600,173,129,220,155,366,73
4,7,3151,4,601,153,121,220,147,363,73
4,7,3152,4,602,205,129,220,168,366,73
4,7,3153,4,603,221,118,220,175,361,73
4,7,3154,4,604,213,130,220,171,366,73
4,7,3155,4,605,231,132,220,178,367,73
4,7,3156,4,606,299,114,220,206,359,73
4,7,3157,4,607,279,118,220,198,361,73
4,7,3158,4,608,332,116,220,219,361,73
4,7,3159,4,609,351,121,220,226,362,73
4,7,3160,4,610,321,99,220,214,353,73
4,7,3161,4,611,-179,158,220,14,377,74
4,7,3162,4,612,-204,161,220,4,379,74
4,7,3163,4,613,-193,143,220,9,371,73
4,7,3164,4,614,-121,161,220,38,379,74
4,7,3165,4,615,-73,157,220,57,377,74
4,7,3166,4,616,-78,177,220,55,385,74
4,7,3167,4,617,-59,179,220,62,386,74
4,7,3168,4,618,-34,154,220,72,375,74
4,7,3169,4,619,-18,156,220,79,376,74
4,7,3170,4,620,-25,171,220,76,382,74
4,7,3171,4,621,32,155,220,99,376,74
4,7,3172,4,622,7,173,220,89,383,74
4,7,3173,4,623,21,160,220,95,378,74
4,7,3174,4,624,54,156,220,108,376,74
4,7,3175,4,625,91,168,220,122,381,74
4,7,3176,4,626,129,171,220,138,382,74
4,7,3177,4,627,140,150,220,142,374,74
4,7,3178,4,628,169,169,220,154,382,74
4,7,3179,4,629,162,155,220,151,376,74
4,7,3180,4,630,201,154,220,166,376,74
4,7,3181,4,631,215,160,220,172,378,74
4,7,3182,4,632,209,150,220,169,374,74
4,7,3183,4,633,190,147,220,162,373,74
4,7,3184,4,634,248,150,220,185,374,74
4,7,3185,4,635,253,166,220,187,380,74
4,7,3186,4,636,339,141,220,222,370,73
4,7,3187,4,637,310,152,220,210,375,74
4,7,3188,4,638,396,136,220,244,368,73
4,7,3189,4,639,-207,184,220,3,388,74
4,7,3190,4,640,-143,203,220,29,395,74
4,7,3191,4,641,-113,187,220,41,389,74
4,7,3192,4,642,-125,200,220,36,394,74
4,7,3193,4,643,-48,201,220,67,394,74
4,7,3194,4,644,-68,219,220,59,402,75
4,7,3195,4,645,-75,197,220,56,393,74
4,7,3196,4,646,-37,209,220,71,397,75
4,7,3197,4,647,-32,223,220,73,403,75
4,7,3198,4,648,20,198,220,94,393,74
4,7,3199,4,649,65,195,220,112,392,74
4,7,3200,4,650,81,208,220,118,397,75
4,7,3201,4,651,83,191,220,119,390,74
4,7,3202,4,652,157,194,220,149,392,74
4,7,3203,4,653,161,207,220,150,397,75
4,7,3204,4,654,175,200,220,156,394,74
4,7,3205,4,655,206,199,220,168,393,74
4,7,3206,4,656,200,213,220,166,399,75
4,7,3207,4,657,201,185,220,167,388,74
4,7,3208,4,658,254,188,220,188,389,74
4,7,3209,4,659,260,205,220,190,396,74
4,7,3210,4,660,241,204,220,183,396,74
4,7,3211,4,661,283,203,220,199,395,74
4,7,3212,4,662,271,194,220,194,391,74
4,7,3213,4,663,330,209,220,218,398,75
4,7,3214,4,664,316,198,220,212,393,74
4,7,3215,4,665,389,184,220,242,388,74
4,7,3216,4,666,-188,223,220,11,403,75
4,7,3217,4,667,-154,235,220,24,408,75
4,7,3218,4,668,-135,232,220,32,407,75
4,7,3219,4,669,-92,255,220,49,416,75
4,7,3220,4,670,-93,228,220,49,405,75
4,7,3221,4,671,-91,241,220,50,410,75
4,7,3222,4,672,-70,261,220,58,418,75
4,7,3223,4,673,-81,253,220,54,415,75
4,7,3224,4,674,-79,225,220,54,404,75
4,7,3225,4,675,-48,237,220,67,409,75
4,7,3226,4,676,-32,259,220,73,418,75
4,7,3227,4,677,-33,233,220,73,407,75
4,7,3228,4,678,19,243,220,94,411,75
4,7,3229,4,679,-4,245,220,84,412,75
4,7,3230,4,680,56,246,220,108,412,75
4,7,3231,4,681,72,246,220,115,412,75
4,7,3232,4,682,34,218,220,100,401,75
4,7,3233,4,683,92,230,220,123,406,75
4,7,3234,4,684,92,239,220,123,410,75
4,7,3235,4,685,138,237,220,141,409,75
4,7,3236,4,686,174,245,220,156,412,75
4,7,3237,4,687,160,231,220,150,406,75
4,7,3238,4,688,177,222,220,157,403,75
4,7,3239,4,689,184,240,220,160,410,75
4,7,3240,4,690,236,234,220,180,408,75
4,7,3241,4,691,260,239,220,190,410,75
4,7,3242,4,692,288,254,220,201,416,75
4,7,3243,4,693,275,254,220,196,416,75
4,7,3244,4,694,289,223,220,202,403,75
4,7,3245,4,695,268,234,220,193,408,75
4,7,3246,4,696,284,239,220,200,409,75
4,7,3247,4,697,337,246,220,221,412,75
4,7,3248,4,698,361,238,220,230,409,75
4,7,3249,4,699,370,247,220,234,413,75
4,7,3250,4,700,32,263,220,99,419,75
4,7,3251,4,701,273,275,220,195,424,76
4,7,3252,4,702,-195,303,220,8,435,76
4,7,3253,4,703,-99,308,220,46,437,76
4,7,3254,4,704,-36,306,220,72,436,76
4,7,3255,4,705,62,305,220,111,436,76
4,7,3256,4,706,40,285,220,102,428,76
4,7,3257,4,707,89,292,220,122,431,76
4,7,3258,4,708,115,305,220,132,436,76
4,7,3259,4,709,142,306,220,143,436,76
4,7,3260,4,710,190,307,220,162,437,76
4,7,3261,4,711,193,298,220,163,433,76
4,7,3262,4,712,238,308,220,181,437,76
4,7,3263,4,713,328,303,220,217,435,76
4,7,3264,4,714,368,276,220,233,424,76
4,7,3265,4,715,358,267,220,229,421,76
4,7,3266,4,716,355,-15,220,228,308,71
4,7,3267,4,717,353,-343,220,227,177,65
4,7,3268,4,718,357,-615,220,229,68,61
4,7,3269,4,719,352,-380,220,227,162,65
4,7,3270,4,720,369,261,220,234,418,75
4,7,3271,4,721,141,264,220,142,420,75
4,7,3272,4,722,120,267,220,134,421,76
4,7,3273,4,723,355,-581,220,228,82,61
4,7,3274,4,724,-41,-667,220,70,47,60
4,7,3275,4,725,357,-661,220,229,50,60
4,7,3276,4,726,237,-417,220,181,147,64
4,7,3277,4,727,74,258,220,116,417,75
4,7,3278,4,728,40,-499,220,102,115,63
4,7,3279,4,729,357,107,220,229,357,73
4,7,3280,4,730,27,137,220,97,369,73
4,7,3281,4,731,-89,21,220,50,322,71
4,7,3282,4,732,33,-259,220,99,211,67
4,7,3283,4,733,65,-664,220,112,48,60
4,7,3284,4,734,348,-58,220,225,291,70
4,7,3285,4,735,187,-503,220,161,113,63
4,7,3286,4,736,-47,259,220,67,418,75
4,7,3287,4,737,146,-220,220,145,226,67
4,7,3288,4,738,360,-67,220,230,287,70
4,7,3289,4,739,148,-103,220,145,273,69
4,7,3290,4,740,148,-538,220,145,99,62
4,7,3291,4,741,370,63,220,234,339,72
4,7,3292,4,742,359,58,220,230,337,72
4,7,3293,4,743,384,-535,220,239,100,62
4,7,3294,4,744,119,-95,220,134,276,69
4,7,3295,4,745,312,-496,220,211,116,63
4,7,3296,4,746,117,-178,220,133,243,68
4,7,3297,4,747,382,15,220,239,320,71
4,7,3298,4,748,-11,-180,220,82,242,68
4,7,3299,4,749,381,186,220,238,388,74
4,7,3300,4,750,229,259,220,178,418,75
4,7,3301,4,751,305,278,220,208,425,76
4,7,3302,4,752,153,-136,220,147,260,69
4,7,3303,4,753,-8,-261,220,83,209,67
4,7,3304,4,754,144,-580,220,143,82,61
4,7,3305,4,755,342,258,220,223,417,75
4,7,3306,4,756,310,-541,220,210,98,62
4,7,3307,4,757,-10,295,220,82,432,76
4,7,3308,4,758,188,-175,220,161,244,68
4,7,3309,4,759,-88,-97,220,51,275,69
4,7,3310,4,760,149,-662,220,145,49,60
4,7,3311,4,761,271,-545,220,194,96,62
4,7,3312,4,762,230,284,220,178,428,76
4,7,3313,4,763,109,-498,220,130,115,63
4,7,3314,4,764,348,212,220,225,399,75
4,7,3315,4,765,-12,-295,220,81,196,66
4,7,3316,4,766,31,300,220,98,434,76
4,7,3317,4,767,364,-734,220,232,20,59
4,7,3318,4,768,191,-98,220,162,275,69
4,7,3319,4,769,70,-146,220,114,256,69
4,7,3320,4,770,385,-456,220,240,132,64
4,7,3321,4,771,67,-308,220,113,191,66
4,7,3322,4,772,387,299,220,241,434,76
4,7,3323,4,773,32,185,220,99,388,74
4,7,3324,4,774,233,-334,220,179,180,66
4,7,3325,4,775,366,291,220,232,430,76
4,7,3326,4,776,385,-174,220,240,244,68
4,7,3327,4,777,29,-58,220,97,291,70
4,7,3328,4,778,149,278,220,146,425,76
4,7,3329,4,779,28,-380,220,97,162,65
4,7,3330,4,780,382,-19,220,239,306,71
4,7,3331,4,781,276,180,220,196,386,74
4,7,3332,4,782,116,-733,220,132,21,59
4,7,3333,4,783,-136,134,220,32,368,73
4,7,3334,4,784,-179,180,220,14,386,74
4,7,3335,4,785,154,-505,220,147,112,63
4,7,3336,4,786,186,61,220,161,338,72
4,7,3337,4,787,366,-92,220,232,277,70
4,7,3338,4,788,197,-23,220,165,305,71
4,7,3339,4,789,221,-704,220,174,32,59
4,7,3340,4,790,270,140,220,194,370,73
4,7,3341,4,791,25,281,220,96,426,76
4,7,3342,4,792,-49,-493,220,67,117,63
4,7,3343,4,793,236,214,220,180,400,75
4,7,3344,4,794,-51,-734,220,66,21,59
4,7,3345,4,795,351,295,220,226,432,76
4,7,3346,4,796,314,-618,220,212,67,61
4,7,3347,4,797,366,175,220,233,384,74
4,7,3348,4,798,305,-384,220,208,160,65
4,7,3349,4,799,104,262,220,128,419,75
4,7,3350,4,800,183,-258,220,159,211,67
4,7,3351,4,801,376,-540,220,236,98,62
4,7,3352,4,802,362,140,220,231,370,73
4,7,3353,4,803,371,-342,220,235,177,65
4,7,3354,4,804,225,100,220,176,354,73
4,7,3355,4,805,-14,221,220,81,403,75
4,7,3356,4,806,231,19,220,178,322,71
4,7,3357,4,807,367,90,220,233,350,73
4,7,3358,4,808,185,-733,220,160,21,59
4,7,3359,4,809,378,-657,220,237,51,60
4,7,3360,4,810,388,-214,220,241,228,68
4,7,3361,4,811,-9,-97,220,82,275,69
4,7,3362,4,812,300,-177,220,206,243,68
4,7,3363,4,813,271,-375,220,194,164,65
4,7,3364,4,814,65,-621,220,112,65,61
4,7,3365,4,815,227,-581,220,177,82,61
4,7,3366,4,816,368,-457,220,233,131,63
4,7,3367,4,817,272,-584,220,195,80,61
4,7,3368,4,818,-121,-97,220,37,275,69
4,7,3369,4,819,-11,-372,220,81,165,65
4,7,3370,4,820,269,-18,220,194,307,71
4,7,3371,4,821,74,183,220,116,387,74
4,7,3372,4,822,-45,286,220,68,428,76
4,7,3373,4,823,374,-422,220,235,145,64
4,7,3374,4,824,-93,-574,220,49,85,62
4,7,3375,4,825,-51,269,220,66,422,76
4,7,3376,4,826,-134,-219,220,32,227,67
4,7,3377,4,827,-176,-183,220,16,241,68
4,7,3378,4,828,-129,219,220,34,402,75
4,7,3379,4,829,381,-258,220,238,211,67
4,7,3380,4,830,-16,-735,220,80,20,59
4,7,3381,4,831,384,99,220,240,354,73
4,7,3382,4,832,-124,173,220,36,383,74
4,7,3383,4,833,-14,103,220,80,355,73
4,7,3384,4,834,307,224,220,209,404,75
4,7,3385,4,835,105,-740,220,128,18,59
4,7,3386,4,836,-49,-225,220,67,224,67
4,7,3387,4,837,387,-346,220,241,176,65
4,7,3388,4,838,28,-410,220,97,150,64
4,7,3389,4,839,-127,-30,220,35,302,71
4,7,3390,4,840,151,-381,220,146,161,65
4,7,3391,4,841,-133,-506,220,33,112,63
4,7,3392,4,842,353,-525,220,227,104,62
4,7,3393,4,843,-173,103,220,17,355,73
4,7,3394,4,844,383,286,220,239,428,76
4,7,3395,4,845,356,8,220,228,317,71
4,7,3396,4,846,186,134,220,160,368,73
4,7,3397,4,847,-166,65,220,20,340,72
4,7,3398,4,848,27,172,220,97,383,74
4,7,3399,4,849,-51,-105,220,66,272,69
4,7,3400,4,850,36,-654,220,100,52,60
4,7,3401,4,851,-94,-26,220,48,303,71
4,7,3402,4,852,114,184,220,132,388,74
4,7,3403,4,853,-132,101,220,33,354,73
4,7,3404,4,854,140,-500,220,142,114,63
4,7,3405,4,855,61,-182,220,111,241,68
4,7,3406,4,856,150,-460,220,146,130,63
4,7,3407,4,857,111,224,220,130,403,75
4,7,3408,4,858,67,174,220,113,384,74
4,7,3409,4,859,377,-740,220,237,18,59
4,7,3410,4,860,191,-296,220,162,196,66
4,7,3411,4,861,-49,-54,220,66,293,70
4,7,3412,4,862,386,-623,220,241,65,61
4,7,3413,4,863,-162,96,220,21,353,73
4,7,3414,4,864,-5,-660,220,84,50,60
4,7,3415,4,865,193,-421,220,163,145,64
4,7,3416,4,866,-9,-628,220,82,63,61
4,7,3417,4,867,68,-546,220,113,95,62
4,7,3418,4,868,308,67,220,209,341,72
4,7,3419,4,869,80,213,220,118,399,75
4,7,3420,4,870,149,-258,220,145,211,67
4,7,3421,4,871,347,-180,220,225,242,68
4,7,3422,4,872,-174,215,220,17,400,75
4,7,3423,4,873,-130,-300,220,34,194,66
4,7,3424,4,874,-98,-332,220,47,181,66
4,7,3425,4,875,315,-658,220,212,51,60
4,7,3426,4,876,-10,65,220,82,340,72
4,7,3427,4,877,106,-63,220,128,289,70
4,7,3428,4,878,180,269,220,158,421,76
4,7,3429,4,879,-176,-13,220,16,309,71
4,7,3430,4,880,355,-160,220,228,250,68
4,7,3431,4,881,184,-625,220,160,64,61
4,7,3432,4,882,374,-483,220,236,121,63
4,7,3433,4,883,355,-499,220,228,114,63
4,7,3434,4,884,-52,99,220,65,354,73
4,7,3435,4,885,-10,-413,220,82,149,64
4,7,3436,4,886,-46,-691,220,67,38,60
4,7,3437,4,887,117,-462,220,133,129,63
4,7,3438,4,888,-199,-386,220,6,160,65
4,7,3439,4,889,-176,139,220,16,369,73
4,7,3440,4,890,357,152,220,229,375,74
4,7,3441,4,891,-54,-266,220,64,208,67
4,7,3442,4,892,75,-330,220,116,182,66
4,7,3443,4,893,235,-196,220,180,236,68
4,7,3444,4,894,-40,15,220,70,320,71
4,7,3445,4,895,240,-623,220,182,65,61
4,7,3446,4,896,288,104,220,201,356,73
4,7,3447,4,897,381,-716,220,238,28,59
4,7,3448,4,898,-50,-173,220,66,245,68
4,7,3449,4,899,-126,34,220,36,328,72
4,7,3450,4,900,38,-208,220,101,231,68
4,7,3451,4,901,114,-227,220,132,223,67
4,7,3452,4,902,-43,186,220,69,388,74
4,7,3453,4,903,394,-737,220,243,19,59
4,7,3454,4,904,246,266,220,185,421,75
4,7,3455,4,905,259,287,220,190,429,76
4,7,3456,4,906,9,-659,220,90,51,60
4,7,3457,4,907,44,275,220,104,424,76
4,7,3458,4,908,-186,181,220,12,386,74
4,7,3459,4,909,176,-216,220,157,228,67
4,7,3460,4,910,-183,278,220,13,425,76
4,7,3461,4,911,372,-555,220,235,92,62
4,7,3462,4,912,94,-260,220,123,210,67
4,7,3463,4,913,206,297,220,168,433,76
4,7,3464,4,914,379,-406,220,238,152,64
4,7,3465,4,915,89,271,220,122,422,76
4,7,3466,4,916,270,-114,220,194,269,69
4,7,3467,4,917,365,-523,220,232,105,62
4,7,3468,4,918,375,113,220,236,359,73
4,7,3469,4,919,85,-501,220,120,114,63
4,7,3470,4,920,247,298,220,185,433,76
4,7,3471,4,921,295,-337,220,204,179,65
4,7,3472,4,922,107,-241,220,129,218,67
4,7,3473,4,923,287,273,220,201,423,76
4,7,3474,4,924,165,284,220,152,428,76
4,7,3475,4,925,281,288,220,198,429,76
4,7,3476,4,926,287,293,220,201,431,76
4,7,3477,4,927,81,-655,220,118,52,60
4,7,3478,4,928,323,289,220,215,430,76
4,7,3479,4,929,110,-712,220,130,29,59
4,7,3480,4,930,-69,-103,220,58,273,69
4,7,3481,4,931,192,171,220,163,382,74
4,7,3482,4,932,-51,-118,220,66,267,69
4,7,3483,4,933,35,-239,220,100,218,67
4,7,3484,4,934,111,-84,220,131,280,70
4,7,3485,4,935,123,21,220,135,322,71
4,7,3486,4,936,68,-91,220,113,277,70
4,7,3487,4,937,167,-698,220,153,35,59
4,7,3488,4,938,-45,-327,220,68,183,66
4,7,3489,4,939,186,-116,220,160,267,69
4,7,3490,4,940,367,-196,220,233,236,68
4,7,3491,4,941,108,155,220,129,376,74
4,7,3492,4,942,71,-119,220,114,266,69
4,7,3493,4,943,90,-545,220,122,96,62
4,7,3494,4,944,310,-524,220,210,104,62
4,7,3495,4,945,246,-386,220,184,160,65
4,7,3496,4,946,-109,288,220,42,429,76
4,7,3497,4,947,73,-193,220,115,237,68
4,7,3498,4,948,394,-480,220,244,122,63
4,7,3499,4,949,9,266,220,90,420,75
4,7,3500,4,950,306,-490,220,209,118,63
4,7,3501,4,951,-132,-128,220,33,263,69
4,7,3502,4,952,177,-417,220,157,147,64
4,7,3503,4,953,370,-3,220,234,313,71
4,7,3504,4,954,72,-637,220,115,59,60
4,7,3505,4,955,197,-182,220,165,241,68
4,7,3506,4,956,371,-83,220,234,281,70
4,7,3507,4,957,306,-71,220,208,286,70
4,7,3508,4,958,172,-458,220,155,131,63
4,7,3509,4,959,-87,-470,220,51,126,63
4,7,3510,4,960,230,-151,220,178,253,69
4,7,3511,4,961,343,-33,220,223,301,71
4,7,3512,4,962,159,-577,220,150,83,61
4,7,3513,4,963,137,99,220,141,354,73
4,7,3514,4,964,-10,-155,220,82,252,69
4,7,3515,4,965,-173,44,220,17,332,72
4,7,3516,4,966,279,-21,220,198,306,71
4,7,3517,4,967,-70,290,220,58,430,76
4,7,3518,4,968,269,-279,220,194,202,66
4,7,3519,4,969,131,299,220,138,434,76
4,7,3520,4,970,388,235,220,241,408,75
4,7,3521,4,971,84,-182,220,119,241,68
4,7,3522,4,972,186,-90,220,160,278,70
4,7,3523,4,973,319,-100,220,214,274,69
4,7,3524,4,974,-11,-480,220,82,122,63
4,7,3525,4,975,45,-582,220,104,81,61
4,7,3526,4,976,204,-94,220,168,276,70
4,7,3527,4,977,-62,278,220,61,425,76
4,7,3528,4,978,250,-145,220,186,256,69
4,7,3529,4,979,-107,-496,220,43,116,63
4,7,3530,4,980,113,-550,220,131,94,62
4,7,3531,4,981,-4,230,220,84,406,75
4,7,3532,4,982,214,-62,220,172,289,70
4,7,3533,4,983,129,103,220,138,355,73
4,7,3534,4,984,370,-162,220,234,249,68
4,7,3535,4,985,29,242,220,98,411,75
4,7,3536,4,986,3,-621,220,87,66,61
4,7,3537,4,987,-34,-299,220,73,194,66
4,7,3538,4,988,31,-157,220,98,251,68
4,7,3539,4,989,-93,289,220,49,429,76
4,7,3540,4,990,397,-422,220,245,145,64
4,7,3541,4,991,51,-261,220,106,210,67
4,7,3542,4,992,387,122,220,241,363,73
4,7,3543,4,993,152,212,220,147,399,75
4,7,3544,4,994,-11,-641,220,82,58,60
4,7,3545,4,995,-167,113,220,19,359,73
4,7,3546,4,996,240,-456,220,182,131,63
4,7,3547,4,997,-61,-619,220,62,66,61
4,7,3548,4,998,-104,-345,220,44,176,65
4,7,3549,4,999,47,267,220,105,421,76
4,7,3550,4,1000,234,-488,220,179,119,63
4,7,3551,4,1001,177,-143,220,157,257,69
4,7,3552,4,1002,8,299,220,89,433,76
4,7,3553,4,1003,235,248,220,180,413,75
4,7,3554,4,1004,183,178,220,159,385,74
4,7,3555,4,1005,269,-87,220,193,279,70
4,7,3556,4,1006,-148,-65,220,27,288,70
4,7,3557,4,1007,-131,-206,220,33,232,68
4,7,3558,4,1008,391,-462,220,242,129,63
4,7,3559,4,1009,387,-565,220,241,88,62
4,7,3560,4,1010,325,24,220,216,324,71
4,7,3561,4,1011,373,-322,220,235,185,66
4,7,3562,4,1012,-95,-49,220,48,294,70
4,7,3563,4,1013,73,-710,220,115,30,59
4,7,3564,4,1014,33,90,220,99,350,73
4,7,3565,4,1015,112,-119,220,131,266,69
4,7,3566,4,1016,-32,280,220,73,426,76
4,7,3567,4,1017,-95,190,220,48,390,74
4,7,3568,4,1018,147,158,220,145,377,74
4,7,3569,4,1019,9,-181,220,90,242,68
4,7,3570,4,1020,170,-182,220,154,241,68
4,7,3571,4,1021,73,-757,220,115,11,59
4,7,3572,4,1022,-89,271,220,50,422,76
4,7,3573,4,1023,382,-119,220,239,266,69
4,7,3574,4,1024,12,278,220,91,425,76
4,7,3575,4,1025,208,-104,220,169,272,69
4,7,3576,4,1026,49,-624,220,105,64,61
4,7,3577,4,1027,-15,-279,220,80,202,66
4,7,3578,4,1028,-9,-721,220,82,26,59
4,7,3579,4,1029,345,238,220,224,409,75
4,7,3580,4,1030,36,-180,220,100,242,68
4,7,3581,4,1031,95,-572,220,124,85,62
4,7,3582,4,1032,138,-217,220,141,227,67
4,7,3583,4,1033,293,-23,220,203,305,71
4,7,3584,4,1034,388,-672,220,241,45,60
4,7,3585,4,1035,78,-587,220,117,79,61
4,7,3586,4,1036,116,-625,220,132,64,61
4,7,3587,4,1037,370,-531,220,234,102,62
4,7,3588,4,1038,289,-342,220,202,177,65
4,7,3589,4,1039,151,-197,220,146,235,68
4,7,3590,4,1040,189,-435,220,161,140,64
4,7,3591,4,1041,-119,-23,220,38,305,71
4,7,3592,4,1042,76,-685,220,116,40,60
4,7,3593,4,1043,-83,-335,220,53,180,66
4,7,3594,4,1044,81,-21,220,119,306,71
4,7,3595,4,1045,232,-287,220,179,199,66
4,7,3596,4,1046,13,-222,220,91,225,67
4,7,3597,4,1047,339,98,220,221,353,73
4,7,3598,4,1048,285,-145,220,200,256,69
4,7,3599,4,1049,-144,-302,220,28,193,66
4,7,3600,4,1050,311,-448,220,210,135,64
4,7,3601,4,1051,162,19,220,151,321,71
4,7,3602,4,1052,370,-586,220,234,79,61
4,7,3603,4,1053,-159,-103,220,22,273,69
4,7,3604,4,1054,354,46,220,227,332,72
4,7,3605,4,1055,-11,-7,220,82,311,71
4,7,3606,4,1056,107,215,220,129,400,75
4,7,3607,4,1057,366,43,220,232,331,72
4,7,3608,4,1058,268,-149,220,193,254,69
4,7,3609,4,1059,307,120,220,209,362,73
4,7,3610,4,1060,388,-164,220,241,248,68
4,7,3611,4,1061,68,225,220,113,404,75
4,7,3612,4,1062,126,213,220,136,399,75
4,7,3613,4,1063,323,-148,220,215,255,69
4,7,3614,4,1064,293,-58,220,203,291,70
4,7,3615,4,1065,177,279,220,157,426,76
4,7,3616,4,1066,26,-69,220,96,286,70
4,7,3617,4,1067,292,-380,220,203,162,65
4,7,3618,4,1068,-178,24,220,15,324,71
4,7,3619,4,1069,102,-635,220,127,60,61
4,7,3620,4,1070,233,-570,220,179,86,62
4,7,3621,4,1071,193,-577,220,163,83,61
4,7,3622,4,1072,97,-693,220,125,37,60
4,7,3623,4,1073,238,61,220,181,338,72
4,7,3624,4,1074,153,-3,220,147,313,71
4,7,3625,4,1075,71,83,220,115,347,72
4,7,3626,4,1076,363,-408,220,231,151,64
4,7,3627,4,1077,304,302,220,208,435,76
4,7,3628,4,1078,46,-384,220,104,161,65
4,7,3629,4,1079,334,-95,220,220,276,70
4,7,3630,4,1080,-120,15,220,38,320,71
4,7,3631,4,1081,144,-693,220,143,37,60
4,7,3632,4,1082,-144,269,220,28,421,76
4,7,3633,4,1083,130,140,220,138,370,73
4,7,3634,4,1084,56,-539,220,108,98,62
4,7,3635,4,1085,361,-280,220,230,202,66
4,7,3636,4,1086,208,-422,220,169,145,64
4,7,3637,4,1087,-174,-71,220,16,286,70
4,7,3638,4,1088,-84,-350,220,52,174,65
4,7,3639,4,1089,53,-301,220,107,193,66
4,7,3640,4,1090,360,208,220,230,397,75
4,7,3641,4,1091,64,-679,220,112,42,60
4,7,3642,4,1092,392,-85,220,243,280,70
4,7,3643,4,1093,261,-288,220,190,199,66
4,7,3644,4,1094,-122,-330,220,37,182,66
4,7,3645,4,1095,355,-779,220,228,3,58
4,7,3646,4,1096,107,-33,220,129,301,71
4,7,3647,4,1097,107,-18,220,129,307,71
4,7,3648,4,1098,-58,-220,220,63,226,67
4,7,3649,4,1099,107,-196,220,129,236,68
4,7,3650,4,1100,-120,143,220,38,371,73
4,7,3651,4,1101,363,-714,220,231,28,59
4,7,3652,4,1102,392,261,220,243,418,75
4,7,3653,4,1103,2,-695,220,87,36,60
4,7,3654,4,1104,314,-23,220,212,305,71
4,7,3655,4,1105,311,191,220,210,390,74
4,7,3656,4,1106,204,265,220,168,420,75
4,7,3657,4,1107,-153,-582,220,25,81,61
4,7,3658,4,1108,189,-51,220,162,294,70
4,7,3659,4,1109,-90,-113,220,50,269,69
4,7,3660,4,1110,126,-63,220,136,289,70
4,7,3661,4,1111,175,-703,220,156,33,59
4,7,3662,4,1112,251,-741,220,187,18,59
4,7,3663,4,1113,295,-94,220,204,276,70
4,7,3664,4,1114,223,201,220,175,394,74
4,7,3665,4,1115,336,-107,220,221,271,69
4,7,3666,4,1116,-173,-227,220,17,223,67
4,7,3667,4,1117,295,-132,220,204,261,69
4,7,3668,4,1118,6,-259,220,88,210,67
4,7,3669,4,1119,329,-223,220,218,225,67
4,7,3670,4,1120,125,-703,220,136,33,59
4,7,3671,4,1121,303,-357,220,207,171,65
4,7,3672,4,1122,-72,-261,220,57,209,67
4,7,3673,4,1123,391,-248,220,243,215,67
4,7,3674,4,1124,396,-497,220,244,115,63
4,7,3675,4,1125,304,159,220,208,378,74
4,7,3676,4,1126,239,-350,220,182,174,65
4,7,3677,4,1127,382,-591,220,239,77,61
4,7,3678,4,1128,-34,-52,220,72,293,70
4,7,3679,4,1129,-135,-706,220,32,32,59
4,7,3680,4,1130,139,-744,220,142,16,59
4,7,3681,4,1131,228,-719,220,177,26,59
4,7,3682,4,1132,-82,-405,220,53,152,64
4,7,3683,4,1133,-194,-266,220,9,208,67
4,7,3684,4,1134,360,-187,220,230,239,68
4,7,3685,4,1135,219,296,220,174,432,76
4,7,3686,4,1136,252,-660,220,187,50,60
4,7,3687,4,1137,387,-721,220,241,26,59
4,7,3688,4,1138,155,-443,220,148,137,64
4,7,3689,4,1139,363,-125,220,231,264,69
4,7,3690,4,1140,214,227,220,172,405,75
4,7,3691,4,1141,259,-104,220,190,272,69
4,7,3692,4,1142,82,-264,220,119,208,67
4,7,3693,4,1143,327,-422,220,217,145,64
4,7,3694,4,1144,288,184,220,201,388,74
4,7,3695,4,1145,316,-642,220,212,57,60
4,7,3696,4,1146,256,-417,220,188,147,64
4,7,3697,4,1147,242,-582,220,183,81,61
4,7,3698,4,1148,385,207,220,240,397,75
4,7,3699,4,1149,87,26,220,121,324,72
4,7,3700,4,1150,57,-99,220,109,274,69
4,7,3701,4,1151,54,-214,220,108,228,68
4,7,3702,4,1152,165,140,220,152,370,73
4,7,3703,4,1153,-71,-382,220,58,161,65
4,7,3704,4,1154,72,155,220,115,376,74
4,7,3705,4,1155,153,-624,220,147,64,61
4,7,3706,4,1156,-107,-56,220,43,292,70
4,7,3707,4,1157,261,104,220,190,355,73
4,7,3708,4,1158,-51,-205,220,66,232,68
4,7,3709,4,1159,-92,300,220,49,434,76
4,7,3710,4,1160,152,-168,220,147,247,68
4,7,3711,4,1161,-192,-464,220,9,128,63
4,7,3712,4,1162,224,-241,220,176,218,67
4,7,3713,4,1163,53,101,220,107,354,73
4,7,3714,4,1164,-7,-198,220,83,235,68
4,7,3715,4,1165,-22,-624,220,77,65,61
4,7,3716,4,1166,160,-614,220,150,68,61
4,7,3717,4,1167,234,-100,220,180,274,69
4,7,3718,4,1168,144,-600,220,143,74,61
4,7,3719,4,1169,64,-315,220,112,188,66
4,7,3720,4,1170,33,-672,220,99,45,60
4,7,3721,4,1171,320,-577,220,214,83,62
4,7,3722,4,1172,32,-759,220,99,10,58
4,7,3723,4,1173,222,-410,220,175,150,64
4,7,3724,4,1174,372,-203,220,235,233,68
4,7,3725,4,1175,219,-502,220,174,113,63
4,7,3726,4,1176,-90,-395,220,50,156,65
4,7,3727,4,1177,296,-454,220,204,132,64
4,7,3728,4,1178,105,127,220,128,365,73
4,7,3729,4,1179,-133,158,220,33,377,74
4,7,3730,4,1180,350,-594,220,226,76,61
4,7,3731,4,1181,-175,-276,220,16,204,66
4,7,3732,4,1182,387,30,220,241,326,72
4,7,3733,4,1183,268,-62,220,193,289,70
4,7,3734,4,1184,-72,302,220,57,435,76
4,7,3735,4,1185,-98,-461,220,47,130,63
4,7,3736,4,1186,384,82,220,240,347,72
4,7,3737,4,1187,-91,-428,220,49,143,64
4,7,3738,4,1188,171,64,220,154,340,72
4,7,3739,4,1189,229,-475,220,178,124,63
4,7,3740,4,1190,264,174,220,192,384,74
4,7,3741,4,1191,32,-40,220,99,298,70
4,7,3742,4,1192,347,-110,220,225,270,69
4,7,3743,4,1193,220,-546,220,174,96,62
4,7,3744,4,1194,308,-273,220,209,205,67
4,7,3745,4,1195,-42,-414,220,69,148,64
4,7,3746,4,1196,276,-471,220,196,126,63
4,7,3747,4,1197,-134,83,220,32,347,72
4,7,3748,4,1198,-119,282,220,39,427,76
4,7,3749,4,1199,70,-479,220,114,122,63
4,7,3750,4,1200,-12,-139,220,81,259,69
4,7,3751,4,1201,207,-385,220,169,160,65
4,7,3752,4,1202,-55,-344,220,64,176,65
4,7,3753,4,1203,331,186,220,218,388,74
4,7,3754,4,1204,375,-150,220,236,254,69
4,7,3755,4,1205,168,224,220,153,404,75
4,7,3756,4,1206,-169,-475,220,18,124,63
4,7,3757,4,1207,-189,101,220,11,354,73
4,7,3758,4,1208,300,-586,220,206,80,61
4,7,3759,4,1209,57,-372,220,109,165,65
4,7,3760,4,1210,158,-330,220,149,182,66
4,7,3761,4,1211,-52,79,220,65,346,72
4,7,3762,4,1212,-147,-340,220,27,178,65
4,7,3763,4,1213,196,43,220,164,331,72
4,7,3764,4,1214,-7,-229,220,83,222,67
4,7,3765,4,1215,-97,-60,220,47,290,70
4,7,3766,4,1216,388,-368,220,241,167,65
4,7,3767,4,1217,277,-175,220,197,244,68
4,7,3768,4,1218,187,-710,220,161,30,59
4,7,3769,4,1219,215,256,220,172,417,75
4,7,3770,4,1220,73,-741,220,115,17,59
4,7,3771,4,1221,185,110,220,160,358,73
4,7,3772,4,1222,-91,-363,220,49,169,65
4,7,3773,4,1223,-87,-448,220,51,135,64
4,7,3774,4,1224,99,100,220,125,354,73
4,7,3775,4,1225,139,23,220,141,323,71
4,7,3776,4,1226,145,-370,220,144,166,65
4,7,3777,4,1227,29,40,220,97,330,72
4,7,3778,4,1228,194,-310,220,164,190,66
4,7,3779,4,1229,-174,192,220,17,391,74
4,7,3780,4,1230,-27,251,220,75,414,75
4,7,3781,4,1231,-122,-179,220,37,242,68
4,7,3782,4,1232,-139,-372,220,30,165,65
4,7,3783,4,1233,226,230,220,176,406,75
4,7,3784,4,1234,105,-50,220,128,294,70
4,7,3785,4,1235,248,133,220,185,367,73
4,7,3786,4,1236,370,-359,220,234,171,65
4,7,3787,4,1237,223,39,220,175,330,72
4,7,3788,4,1238,-51,-400,220,66,154,64
4,7,3789,4,1239,266,305,220,192,436,76
4,7,3790,4,1240,69,-561,220,114,90,62
4,7,3791,4,1241,341,271,220,223,422,76
4,7,3792,4,1242,-117,253,220,39,415,75
4,7,3793,4,1243,172,306,220,155,436,76
4,7,3794,4,1244,104,-287,220,128,199,66
4,7,3795,4,1245,268,-629,220,193,63,61
4,7,3796,4,1246,-36,-175,220,72,244,68
4,7,3797,4,1247,190,96,220,162,352,73
4,7,3798,4,1248,-59,-66,220,63,288,70
4,7,3799,4,1249,257,-301,220,189,194,66
4,7,3800,4,1250,223,-339,220,175,178,65
4,7,3801,4,1251,129,-382,220,138,161,65
4,7,3802,4,1252,332,-377,220,219,163,65
4,7,3803,4,1253,-47,298,220,67,433,76
4,7,3804,4,1254,290,135,220,202,368,73
4,7,3805,4,1255,373,-66,220,235,287,70
4,7,3806,4,1256,-183,-452,220,13,133,64
4,7,3807,4,1257,216,19,220,172,322,71
4,7,3808,4,1258,228,-431,220,177,142,64
4,7,3809,4,1259,270,-735,220,194,20,59
4,7,3810,4,1260,-209,-376,220,2,164,65
4,7,3811,4,1261,-62,-461,220,61,129,63
4,7,3812,4,1262,-67,-737,220,59,19,59
4,7,3813,4,1263,185,-776,220,160,3,58
4,7,3814,4,1264,343,-325,220,223,184,66
4,7,3815,4,1265,254,-545,220,188,96,62
4,7,3816,4,1266,-203,263,220,5,419,75
4,7,3817,4,1267,225,-320,220,176,186,66
4,7,3818,4,1268,153,103,220,147,355,73
4,7,3819,4,1269,134,-653,220,139,53,60
4,7,3820,4,1270,237,-681,220,181,42,60
4,7,3821,4,1271,-48,224,220,67,404,75
4,7,3822,4,1272,388,-432,220,241,141,64
4,7,3823,4,1273,370,220,220,234,402,75
4,7,3824,4,1274,-32,-741,220,73,18,59
4,7,3825,4,1275,31,-542,220,98,97,62
4,7,3826,4,1276,270,-331,220,194,182,66
4,7,3827,4,1277,-109,-420,220,42,146,64
4,7,3828,4,1278,58,-767,220,109,7,58
4,7,3829,4,1279,246,99,220,184,354,73
4,7,3830,4,1280,81,-426,220,118,143,64
4,7,3831,4,1281,148,-38,220,145,299,70
4,7,3832,4,1282,185,-64,220,160,288,70
4,7,3833,4,1283,37,-115,220,101,268,69
4,7,3834,4,1284,24,-30,220,96,302,71
4,7,3835,4,1285,-203,-13,220,5,309,71
4,7,3836,4,1286,27,-167,220,97,247,68
4,7,3837,4,1287,-15,-663,220,80,49,60
4,7,3838,4,1288,5,-332,220,88,181,66
4,7,3839,4,1289,-101,-747,220,46,15,59
4,7,3840,4,1290,269,-699,220,194,34,59
4,7,3841,4,1291,-135,-336,220,32,180,66
4,7,3842,4,1292,-63,-582,220,61,81,61
4,7,3843,4,1293,79,140,220,118,370,73
4,7,3844,4,1294,13,-578,220,91,83,61
4,7,3845,4,1295,390,-145,220,242,256,69
4,7,3846,4,1296,374,-628,220,235,63,61
4,7,3847,4,1297,-18,213,220,79,399,75
4,7,3848,4,1298,-159,175,220,23,384,74
4,7,3849,4,1299,-171,235,220,18,408,75
4,7,3850,4,1300,275,8,220,196,317,71
4,7,3851,4,1301,-24,-732,220,76,21,59
4,7,3852,4,1302,-53,139,220,65,370,73
4,7,3853,4,1303,30,-20,220,98,306,71
4,7,3854,4,1304,-12,-110,220,81,270,69
4,7,3855,4,1305,3,-380,220,87,162,65
4,7,3856,4,1306,-117,-655,220,39,52,60
4,7,3857,4,1307,-194,-91,220,9,278,70
4,7,3858,4,1308,235,-644,220,180,56,60
4,7,3859,4,1309,32,-82,220,99,281,70
4,7,3860,4,1310,74,271,220,116,422,76
4,7,3861,4,1311,366,-682,220,232,41,60
4,7,3862,4,1312,143,-359,220,143,170,65
4,7,3863,4,1313,178,-381,220,157,162,65
4,7,3864,4,1314,373,-103,220,235,273,69
4,7,3865,4,1315,110,47,220,130,333,72
4,7,3866,4,1316,-7,131,220,83,367,73
4,7,3867,4,1317,342,-507,220,223,111,63
4,7,3868,4,1318,-156,58,220,24,337,72
4,7,3869,4,1319,-205,100,220,4,354,73
4,7,3870,4,1320,222,-45,220,175,296,70
4,7,3871,4,1321,357,-295,220,229,196,66
4,7,3872,4,1322,281,-428,220,198,143,64
4,7,3873,4,1323,152,44,220,147,331,72
4,7,3874,4,1324,-49,155,220,67,376,74
4,7,3875,4,1325,262,-481,220,191,121,63
4,7,3876,4,1326,-94,145,220,48,372,73
4,7,3877,4,1327,129,-625,220,138,64,61
4,7,3878,4,1328,99,-336,220,126,180,65
4,7,3879,4,1329,120,176,220,134,384,74
4,7,3880,4,1330,349,176,220,226,384,74
4,7,3881,4,1331,385,149,220,240,374,74
4,7,3882,4,1332,-109,-133,220,43,261,69
4,7,3883,4,1333,-174,-393,220,16,157,65
4,7,3884,4,1334,205,-341,220,168,178,65
4,7,3885,4,1335,167,-298,220,153,195,66
4,7,3886,4,1336,-55,-434,220,64,140,64
4,7,3887,4,1337,-132,-192,220,33,237,68
4,7,3888,4,1338,362,-33,220,231,301,71
4,7,3889,4,1339,79,-347,220,118,175,65
4,7,3890,4,1340,350,-540,220,226,98,62
4,7,3891,4,1341,-32,-332,220,73,181,66
4,7,3892,4,1342,193,-466,220,163,127,63
4,7,3893,4,1343,-199,-170,220,6,246,68
4,7,3894,4,1344,21,-591,220,95,78,61
4,7,3895,4,1345,-194,-415,220,8,148,64
4,7,3896,4,1346,-81,-299,220,53,194,66
4,7,3897,4,1347,-196,208,220,8,397,75
4,7,3898,4,1348,387,-681,220,241,42,60
4,7,3899,4,1349,107,-513,220,129,109,63
4,7,3900,4,1350,-82,-751,220,53,14,59
4,7,3901,4,1351,257,-693,220,189,37,60
4,7,3902,4,1352,90,-466,220,122,128,63
4,7,3903,4,1353,348,-243,220,225,217,67
4,7,3904,4,1354,254,-221,220,188,226,67
4,7,3905,4,1355,-46,111,220,68,358,73
4,7,3906,4,1356,321,88,220,215,349,73
4,7,3907,4,1357,54,-418,220,108,147,64
4,7,3908,4,1358,11,213,220,90,399,75
4,7,3909,4,1359,72,-48,220,115,295,70
4,7,3910,4,1360,287,-298,220,201,195,66
4,7,3911,4,1361,213,-217,220,171,227,67
4,7,3912,4,1362,268,-210,220,193,230,68
4,7,3913,4,1363,344,-268,220,223,207,67
4,7,3914,4,1364,-199,-186,220,7,240,68
4,7,3915,4,1365,271,-679,220,194,42,60
4,7,3916,4,1366,-200,-300,220,6,194,66
4,7,3917,4,1367,111,-152,220,131,253,69
4,7,3918,4,1368,223,-674,220,175,44,60
4,7,3919,4,1369,19,-370,220,93,166,65
4,7,3920,4,1370,-8,-566,220,83,87,62
4,7,3921,4,1371,210,-661,220,170,50,60
4,7,3922,4,1372,35,-773,220,100,5,58
4,7,3923,4,1373,304,-434,220,207,141,64
4,7,3924,4,1374,286,-615,220,201,68,61
4,7,3925,4,1375,-203,-60,220,5,290,70
4,7,3926,4,1376,-27,-463,220,75,129,63
4,7,3927,4,1377,209,68,220,170,341,72
4,7,3928,4,1378,339,-468,220,222,127,63
4,7,3929,4,1379,317,59,220,213,337,72
4,7,3930,4,1380,32,-552,220,99,93,62
4,7,3931,4,1381,-92,-498,220,49,115,63
4,7,3932,4,1382,-30,22,220,74,323,71
4,7,3933,4,1383,332,-55,220,219,292,70
4,7,3934,4,1384,-205,-565,220,4,88,62
4,7,3935,4,1385,18,-699,220,93,34,59
4,7,3936,4,1386,-39,-267,220,70,207,67
4,7,3937,4,1387,270,-776,220,194,4,58
4,7,3938,4,1388,-10,190,220,82,390,74
4,7,3939,4,1389,-129,-639,220,35,59,60
4,7,3940,5,1,-737,-758,360,23,11,78
4,7,3941,5,2,-719,-764,360,30,9,78
4,7,3942,5,3,-698,-762,360,39,9,78
4,7,3943,5,4,-656,-758,360,55,11,78
4,7,3944,5,5,-664,-770,360,52,6,78
4,7,3945,5,6,-620,-755,360,70,12,78
4,7,3946,5,7,-563,-758,360,93,11,78
4,7,3947,5,8,-492,-778,360,121,3,78
4,7,3948,5,9,-430,-743,360,146,17,78
4,7,3949,5,10,-777,-735,360,7,20,78
4,7,3950,5,11,-731,-727,360,26,23,78
4,7,3951,5,12,-681,-704,360,46,32,79
4,7,3952,5,13,-654,-725,360,57,24,78
4,7,3953,5,14,-641,-714,360,61,28,79
4,7,3954,5,15,-668,-741,360,51,18,78
4,7,3955,5,16,-611,-732,360,74,21,78
4,7,3956,5,17,-522,-740,360,109,18,78
4,7,3957,5,18,-496,-728,360,119,23,78
4,7,3958,5,19,-452,-707,360,137,31,79
4,7,3959,5,20,-449,-730,360,139,22,78
4,7,3960,5,21,-429,-698,360,147,35,79
4,7,3961,5,22,-374,-711,360,169,30,79
4,7,3962,5,23,-284,-702,360,204,33,79
4,7,3963,5,24,-755,-680,360,16,42,79
4,7,3964,5,25,-740,-670,360,22,46,79
4,7,3965,5,26,-741,-686,360,22,40,79
4,7,3966,5,27,-694,-673,360,40,45,79
4,7,3967,5,28,-672,-685,360,49,40,79
4,7,3968,5,29,-680,-672,360,46,45,79
4,7,3969,5,30,-660,-682,360,54,41,79
4,7,3970,5,31,-617,-677,360,71,43,79
4,7,3971,5,32,-601,-670,360,78,46,79
4,7,3972,5,33,-601,-690,360,78,38,79
4,7,3973,5,34,-559,-668,360,94,47,79
4,7,3974,5,35,-570,-676,360,90,44,79
4,7,3975,5,36,-490,-669,360,122,46,79
4,7,3976,5,37,-458,-672,360,135,45,79
4,7,3977,5,38,-363,-675,360,173,44,79
4,7,3978,5,39,-381,-676,360,166,44,79
4,7,3979,5,40,-325,-654,360,188,52,80
4,7,3980,5,41,-324,-679,360,188,43,79
4,7,3981,5,42,-291,-686,360,201,39,79
4,7,3982,5,43,-241,-670,360,222,46,79
4,7,3983,5,44,-227,-668,360,227,47,79
4,7,3984,5,45,-209,-692,360,235,37,79
4,7,3985,5,46,-718,-633,360,31,61,80
4,7,3986,5,47,-727,-645,360,27,56,80
4,7,3987,5,48,-710,-648,360,34,55,80
4,7,3988,5,49,-692,-639,360,41,58,80
4,7,3989,5,50,-646,-636,360,60,60,80
4,7,3990,5,51,-658,-632,360,55,61,80
4,7,3991,5,52,-598,-632,360,79,61,80
4,7,3992,5,53,-564,-648,360,92,55,80
4,7,3993,5,54,-571,-637,360,90,59,80
4,7,3994,5,55,-534,-631,360,104,62,80
4,7,3995,5,56,-544,-632,360,100,61,80
4,7,3996,5,57,-529,-622,360,106,65,80
4,7,3997,5,58,-484,-643,360,124,57,80
4,7,3998,5,59,-511,-637,360,114,59,80
4,7,3999,5,60,-442,-646,360,141,56,80
4,7,4000,5,61,-419,-628,360,150,63,80
4,7,4001,5,62,-361,-635,360,174,60,80
4,7,4002,5,63,-383,-642,360,165,57,80
4,7,4003,5,64,-367,-619,360,171,66,80
4,7,4004,5,65,-336,-632,360,183,61,80
4,7,4005,5,66,-269,-660,360,210,50,79
4,7,4006,5,67,-721,-583,360,30,81,81
4,7,4007,5,68,-691,-598,360,42,75,80
4,7,4008,5,69,-680,-609,360,46,70,80
4,7,4009,5,70,-649,-603,360,58,73,80
4,7,4010,5,71,-602,-608,360,77,71,80
4,7,4011,5,72,-593,-583,360,81,81,81
4,7,4012,5,73,-576,-587,360,88,79,81
4,7,4013,5,74,-556,-603,360,96,73,80
4,7,4014,5,75,-561,-585,360,93,80,81
4,7,4015,5,76,-533,-607,360,105,71,80
4,7,4016,5,77,-528,-589,360,107,78,81
4,7,4017,5,78,-522,-601,360,109,73,80
4,7,4018,5,79,-444,-596,360,140,76,81
4,7,4019,5,80,-420,-594,360,150,76,81
4,7,4020,5,81,-407,-582,360,155,81,81
4,7,4021,5,82,-406,-608,360,155,71,80
4,7,4022,5,83,-390,-595,360,162,76,81
4,7,4023,5,84,-368,-580,360,171,82,81
4,7,4024,5,85,-353,-582,360,177,81,81
4,7,4025,5,86,-339,-601,360,182,74,80
4,7,4026,5,87,-321,-608,360,190,71,80
4,7,4027,5,88,-309,-600,360,194,74,80
4,7,4028,5,89,-283,-579,360,205,82,81
4,7,4029,5,90,-283,-592,360,205,77,81
4,7,4030,5,91,-243,-583,360,221,81,81
4,7,4031,5,92,-194,-603,360,240,73,80
4,7,4032,5,93,-765,-549,360,12,94,81
4,7,4033,5,94,-737,-567,360,23,87,81
4,7,4034,5,95,-680,-564,360,46,88,81
4,7,4035,5,96,-698,-575,360,39,84,81
4,7,4036,5,97,-669,-549,360,50,94,81
4,7,4037,5,98,-654,-549,360,56,94,81
4,7,4038,5,99,-638,-536,360,63,100,82
4,7,4039,5,100,-636,-551,360,63,93,81
4,7,4040,5,101,-650,-565,360,58,88,81
4,7,4041,5,102,-617,-562,360,71,89,81
4,7,4042,5,103,-563,-556,360,93,92,81
4,7,4043,5,104,-571,-552,360,90,93,81
4,7,4044,5,105,-555,-565,360,96,88,81
4,7,4045,5,106,-523,-556,360,109,92,81
4,7,4046,5,107,-532,-573,360,105,85,81
4,7,4047,5,108,-479,-548,360,126,95,81
4,7,4048,5,109,-451,-556,360,137,91,81
4,7,4049,5,110,-454,-572,360,136,85,81
4,7,4050,5,111,-441,-555,360,142,92,81
4,7,4051,5,112,-435,-568,360,144,87,81
4,7,4052,5,113,-423,-560,360,149,90,81
4,7,4053,5,114,-419,-547,360,150,95,81
4,7,4054,5,115,-405,-556,360,156,92,81
4,7,4055,5,116,-378,-552,360,167,93,81
4,7,4056,5,117,-364,-565,360,172,88,81
4,7,4057,5,118,-372,-551,360,169,94,81
4,7,4058,5,119,-343,-561,360,181,90,81
4,7,4059,5,120,-347,-544,360,179,96,81
4,7,4060,5,121,-303,-556,360,197,92,81
4,7,4061,5,122,-305,-570,360,196,86,81
4,7,4062,5,123,-289,-557,360,202,91,81
4,7,4063,5,124,-244,-559,360,220,90,81
4,7,4064,5,125,-244,-550,360,220,94,81
4,7,4065,5,126,-228,-568,360,227,87,81
4,7,4066,5,127,-718,-524,360,31,104,82
4,7,4067,5,128,-740,-514,360,22,108,82
4,7,4068,5,129,-722,-499,360,29,115,82
4,7,4069,5,130,-687,-508,360,43,111,82
4,7,4070,5,131,-683,-528,360,45,103,82
4,7,4071,5,132,-563,-507,360,93,111,82
4,7,4072,5,133,-580,-523,360,86,105,82
4,7,4073,5,134,-548,-515,360,99,108,82
4,7,4074,5,135,-523,-517,360,109,107,82
4,7,4075,5,136,-535,-517,360,104,107,82
4,7,4076,5,137,-522,-535,360,109,100,82
4,7,4077,5,138,-493,-532,360,121,101,82
4,7,4078,5,139,-484,-511,360,124,110,82
4,7,4079,5,140,-470,-537,360,130,99,82
4,7,4080,5,141,-448,-509,360,139,111,82
4,7,4081,5,142,-452,-534,360,137,100,82
4,7,4082,5,143,-463,-521,360,133,106,82
4,7,4083,5,144,-411,-532,360,154,101,82
4,7,4084,5,145,-361,-514,360,174,108,82
4,7,4085,5,146,-376,-515,360,168,108,82
4,7,4086,5,147,-321,-526,360,190,103,82
4,7,4087,5,148,-337,-529,360,183,102,82
4,7,4088,5,149,-325,-498,360,188,115,82
4,7,4089,5,150,-316,-542,360,192,97,81
4,7,4090,5,151,-316,-513,360,191,109,82
4,7,4091,5,152,-303,-516,360,197,108,82
4,7,4092,5,153,-289,-540,360,203,98,81
4,7,4093,5,154,-282,-524,360,205,104,82
4,7,4094,5,155,-295,-526,360,200,104,82
4,7,4095,5,156,-267,-523,360,211,105,82
4,7,4096,5,157,-269,-542,360,210,97,81
4,7,4097,5,158,-234,-507,360,224,111,82
4,7,4098,5,159,-739,-467,360,23,127,83
4,7,4099,5,160,-720,-477,360,30,123,82
4,7,4100,5,161,-707,-489,360,35,119,82
4,7,4101,5,162,-689,-490,360,42,118,82
4,7,4102,5,163,-696,-474,360,40,124,83
4,7,4103,5,164,-597,-478,360,79,123,82
4,7,4104,5,165,-566,-494,360,92,116,82
4,7,4105,5,166,-562,-483,360,93,121,82
4,7,4106,5,167,-528,-489,360,107,118,82
4,7,4107,5,168,-520,-467,360,110,127,83
4,7,4108,5,169,-485,-475,360,124,124,83
4,7,4109,5,170,-479,-495,360,126,116,82
4,7,4110,5,171,-476,-482,360,128,121,82
4,7,4111,5,172,-452,-471,360,137,126,83
4,7,4112,5,173,-447,-488,360,139,119,82
4,7,4113,5,174,-422,-490,360,149,118,82
4,7,4114,5,175,-420,-467,360,150,127,83
4,7,4115,5,176,-393,-480,360,161,122,82
4,7,4116,5,177,-348,-478,360,179,123,82
4,7,4117,5,178,-324,-483,360,188,121,82
4,7,4118,5,179,-319,-470,360,190,126,83
4,7,4119,5,180,-289,-462,360,202,129,83
4,7,4120,5,181,-304,-482,360,196,121,82
4,7,4121,5,182,-277,-486,360,207,120,82
4,7,4122,5,183,-264,-489,360,212,118,82
4,7,4123,5,184,-754,-421,360,16,146,83
4,7,4124,5,185,-759,-440,360,14,138,83
4,7,4125,5,186,-739,-431,360,22,141,83
4,7,4126,5,187,-716,-442,360,32,137,83
4,7,4127,5,188,-739,-454,360,23,133,83
4,7,4128,5,189,-697,-444,360,39,136,83
4,7,4129,5,190,-673,-432,360,49,141,83
4,7,4130,5,191,-668,-446,360,51,136,83
4,7,4131,5,192,-639,-441,360,62,138,83
4,7,4132,5,193,-656,-448,360,56,135,83
4,7,4133,5,194,-662,-453,360,53,133,83
4,7,4134,5,195,-536,-444,360,103,137,83
4,7,4135,5,196,-470,-433,360,130,141,83
4,7,4136,5,197,-452,-447,360,137,135,83
4,7,4137,5,198,-454,-426,360,137,143,83
4,7,4138,5,199,-423,-427,360,149,143,83
4,7,4139,5,200,-390,-430,360,162,142,83
4,7,4140,5,201,-382,-438,360,165,139,83
4,7,4141,5,202,-357,-437,360,175,139,83
4,7,4142,5,203,-371,-441,360,170,138,83
4,7,4143,5,204,-322,-435,360,189,140,83
4,7,4144,5,205,-318,-452,360,191,133,83
4,7,4145,5,206,-291,-429,360,202,143,83
4,7,4146,5,207,-287,-438,360,203,139,83
4,7,4147,5,208,-256,-452,360,216,133,83
4,7,4148,5,209,-194,-426,360,240,144,83
4,7,4149,5,210,-766,-412,360,12,149,84
4,7,4150,5,211,-723,-397,360,29,155,84
4,7,4151,5,212,-743,-388,360,21,159,84
4,7,4152,5,213,-726,-409,360,28,150,84
4,7,4153,5,214,-693,-399,360,41,154,84
4,7,4154,5,215,-704,-402,360,36,153,84
4,7,4155,5,216,-656,-413,360,56,149,84
4,7,4156,5,217,-661,-405,360,54,152,84
4,7,4157,5,218,-638,-416,360,63,148,84
4,7,4158,5,219,-620,-391,360,70,158,84
4,7,4159,5,220,-610,-405,360,74,152,84
4,7,4160,5,221,-591,-402,360,82,153,84
4,7,4161,5,222,-558,-381,360,95,161,84
4,7,4162,5,223,-571,-403,360,90,153,84
4,7,4163,5,224,-541,-418,360,102,147,83
4,7,4164,5,225,-481,-385,360,126,160,84
4,7,4165,5,226,-499,-401,360,118,154,84
4,7,4166,5,227,-450,-385,360,138,160,84
4,7,4167,5,228,-433,-406,360,145,152,84
4,7,4168,5,229,-458,-415,360,135,148,84
4,7,4169,5,230,-455,-396,360,136,155,84
4,7,4170,5,231,-405,-394,360,156,156,84
4,7,4171,5,232,-426,-392,360,148,157,84
4,7,4172,5,233,-382,-408,360,165,151,84
4,7,4173,5,234,-372,-407,360,169,151,84
4,7,4174,5,235,-359,-396,360,174,155,84
4,7,4175,5,236,-331,-411,360,186,150,84
4,7,4176,5,237,-282,-397,360,205,155,84
4,7,4177,5,238,-296,-411,360,200,150,84
4,7,4178,5,239,-313,-409,360,193,150,84
4,7,4179,5,240,-253,-394,360,217,157,84
4,7,4180,5,241,-259,-406,360,214,151,84
4,7,4181,5,242,-248,-414,360,219,148,84
4,7,4182,5,243,-270,-415,360,210,148,84
4,7,4183,5,244,-756,-365,360,16,168,84
4,7,4184,5,245,-783,-352,360,5,173,85
4,7,4185,5,246,-761,-353,360,13,173,85
4,7,4186,5,247,-738,-359,360,23,171,84
4,7,4187,5,248,-725,-358,360,28,171,84
4,7,4188,5,249,-696,-360,360,40,170,84
4,7,4189,5,250,-683,-360,360,45,170,84
4,7,4190,5,251,-665,-370,360,52,166,84
4,7,4191,5,252,-662,-360,360,53,170,84
4,7,4192,5,253,-597,-352,360,79,173,85
4,7,4193,5,254,-630,-372,360,66,165,84
4,7,4194,5,255,-608,-339,360,75,179,85
4,7,4195,5,256,-558,-362,360,95,169,84
4,7,4196,5,257,-579,-345,360,87,176,85
4,7,4197,5,258,-572,-367,360,89,167,84
4,7,4198,5,259,-510,-345,360,114,176,85
4,7,4199,5,260,-500,-365,360,118,168,84
4,7,4200,5,261,-490,-369,360,122,166,84
4,7,4201,5,262,-492,-350,360,121,174,85
4,7,4202,5,263,-459,-351,360,134,174,85
4,7,4203,5,264,-456,-376,360,136,164,84
4,7,4204,5,265,-439,-367,360,142,167,84
4,7,4205,5,266,-423,-357,360,149,171,84
4,7,4206,5,267,-377,-354,360,167,173,85
4,7,4207,5,268,-388,-365,360,163,168,84
4,7,4208,5,269,-333,-368,360,185,167,84
4,7,4209,5,270,-339,-355,360,182,172,85
4,7,4210,5,271,-320,-362,360,190,169,84
4,7,4211,5,272,-309,-350,360,194,174,85
4,7,4212,5,273,-287,-361,360,203,169,84
4,7,4213,5,274,-285,-346,360,204,176,85
4,7,4214,5,275,-245,-359,360,220,171,84
4,7,4215,5,276,-267,-364,360,211,168,84
4,7,4216,5,277,-245,-345,360,220,176,85
4,7,4217,5,278,-210,-369,360,234,166,84
4,7,4218,5,279,-766,-317,360,12,187,85
4,7,4219,5,280,-768,-329,360,11,183,85
4,7,4220,5,281,-728,-312,360,27,189,85
4,7,4221,5,282,-688,-325,360,43,184,85
4,7,4222,5,283,-625,-310,360,68,190,85
4,7,4223,5,284,-623,-332,360,69,181,85
4,7,4224,5,285,-565,-317,360,92,187,85
4,7,4225,5,286,-523,-309,360,109,190,85
4,7,4226,5,287,-501,-312,360,117,189,85
4,7,4227,5,288,-487,-323,360,123,185,85
4,7,4228,5,289,-492,-297,360,121,195,85
4,7,4229,5,290,-426,-329,360,147,183,85
4,7,4230,5,291,-447,-339,360,139,179,85
4,7,4231,5,292,-441,-323,360,141,185,85
4,7,4232,5,293,-465,-329,360,132,182,85
4,7,4233,5,294,-422,-320,360,149,186,85
4,7,4234,5,295,-402,-311,360,157,189,85
4,7,4235,5,296,-378,-314,360,167,188,85
4,7,4236,5,297,-358,-308,360,175,191,85
4,7,4237,5,298,-364,-322,360,172,185,85
4,7,4238,5,299,-319,-330,360,191,182,85
4,7,4239,5,300,-330,-335,360,186,180,85
4,7,4240,5,301,-300,-328,360,198,183,85
4,7,4241,5,302,-293,-314,360,201,188,85
4,7,4242,5,303,-249,-332,360,218,181,85
4,7,4243,5,304,-233,-323,360,225,185,85
4,7,4244,5,305,-773,-280,360,9,202,86
4,7,4245,5,306,-772,-266,360,9,208,86
4,7,4246,5,307,-787,-274,360,3,204,86
4,7,4247,5,308,-739,-290,360,22,198,86
4,7,4248,5,309,-740,-272,360,22,205,86
4,7,4249,5,310,-727,-285,360,27,200,86
4,7,4250,5,311,-677,-278,360,47,203,86
4,7,4251,5,312,-704,-271,360,36,206,86
4,7,4252,5,313,-656,-277,360,56,203,86
4,7,4253,5,314,-644,-294,360,60,196,86
4,7,4254,5,315,-621,-288,360,70,199,86
4,7,4255,5,316,-606,-263,360,76,209,86
4,7,4256,5,317,-560,-288,360,94,199,86
4,7,4257,5,318,-542,-267,360,101,207,86
4,7,4258,5,319,-537,-283,360,103,201,86
4,7,4259,5,320,-516,-296,360,112,195,85
4,7,4260,5,321,-532,-268,360,105,207,86
4,7,4261,5,322,-503,-278,360,117,203,86
4,7,4262,5,323,-481,-289,360,125,199,86
4,7,4263,5,324,-498,-290,360,119,198,86
4,7,4264,5,325,-507,-262,360,115,209,86
4,7,4265,5,326,-457,-274,360,135,204,86
4,7,4266,5,327,-446,-264,360,139,208,86
4,7,4267,5,328,-445,-281,360,140,201,86
4,7,4268,5,329,-395,-282,360,160,201,86
4,7,4269,5,330,-418,-273,360,151,205,86
4,7,4270,5,331,-360,-284,360,174,201,86
4,7,4271,5,332,-374,-265,360,168,208,86
4,7,4272,5,333,-315,-286,360,192,200,86
4,7,4273,5,334,-346,-261,360,180,210,86
4,7,4274,5,335,-282,-273,360,205,205,86
4,7,4275,5,336,-303,-285,360,197,200,86
4,7,4276,5,337,-291,-289,360,201,198,86
4,7,4277,5,338,-246,-277,360,220,203,86
4,7,4278,5,339,-189,-281,360,242,202,86
4,7,4279,5,340,-786,-236,360,3,220,87
4,7,4280,5,341,-759,-245,360,14,216,86
4,7,4281,5,342,-781,-245,360,6,216,86
4,7,4282,5,343,-732,-247,360,25,215,86
4,7,4283,5,344,-723,-232,360,29,221,87
4,7,4284,5,345,-655,-236,360,56,219,86
4,7,4285,5,346,-640,-236,360,62,219,86
4,7,4286,5,347,-605,-249,360,76,214,86
4,7,4287,5,348,-606,-231,360,76,222,87
4,7,4288,5,349,-595,-240,360,80,218,86
4,7,4289,5,350,-625,-227,360,68,223,87
4,7,4290,5,351,-572,-228,360,89,223,87
4,7,4291,5,352,-572,-249,360,89,214,86
4,7,4292,5,353,-587,-229,360,83,222,87
4,7,4293,5,354,-554,-220,360,97,226,87
4,7,4294,5,355,-542,-255,360,101,212,86
4,7,4295,5,356,-523,-226,360,109,223,87
4,7,4296,5,357,-510,-230,360,114,222,87
4,7,4297,5,358,-487,-246,360,123,216,86
4,7,4298,5,359,-477,-233,360,127,221,87
4,7,4299,5,360,-488,-237,360,123,219,86
4,7,4300,5,361,-453,-238,360,137,219,86
4,7,4301,5,362,-450,-253,360,138,213,86
4,7,4302,5,363,-437,-224,360,143,224,87
4,7,4303,5,364,-395,-251,360,160,214,86
4,7,4304,5,365,-420,-250,360,150,214,86
4,7,4305,5,366,-381,-233,360,165,221,87
4,7,4306,5,367,-334,-241,360,185,218,86
4,7,4307,5,368,-339,-231,360,182,221,87
4,7,4308,5,369,-299,-247,360,199,215,86
4,7,4309,5,370,-193,-244,360,241,216,86
4,7,4310,5,371,-758,-193,360,15,237,87
4,7,4311,5,372,-782,-217,360,5,227,87
4,7,4312,5,373,-725,-194,360,28,236,87
4,7,4313,5,374,-745,-225,360,20,224,87
4,7,4314,5,375,-689,-201,360,42,234,87
4,7,4315,5,376,-672,-195,360,49,236,87
4,7,4316,5,377,-693,-188,360,41,239,87
4,7,4317,5,378,-655,-195,360,56,236,87
4,7,4318,5,379,-655,-209,360,56,230,87
4,7,4319,5,380,-602,-207,360,77,231,87
4,7,4320,5,381,-612,-210,360,73,230,87
4,7,4321,5,382,-562,-202,360,93,233,87
4,7,4322,5,383,-571,-198,360,89,235,87
4,7,4323,5,384,-529,-211,360,106,230,87
4,7,4324,5,385,-526,-188,360,108,239,87
4,7,4325,5,386,-488,-200,360,123,234,87
4,7,4326,5,387,-505,-208,360,116,231,87
4,7,4327,5,388,-447,-194,360,139,236,87
4,7,4328,5,389,-457,-191,360,135,238,87
4,7,4329,5,390,-407,-206,360,155,232,87
4,7,4330,5,391,-339,-188,360,182,239,87
4,7,4331,5,392,-330,-204,360,186,233,87
4,7,4332,5,393,-343,-216,360,181,227,87
4,7,4333,5,394,-296,-191,360,200,238,87
4,7,4334,5,395,-260,-208,360,214,231,87
4,7,4335,5,396,-261,-193,360,214,237,87
4,7,4336,5,397,-256,-179,360,216,242,87
4,7,4337,5,398,-230,-182,360,226,241,87
4,7,4338,5,399,-220,-200,360,230,234,87
4,7,4339,5,400,-762,-160,360,13,250,88
4,7,4340,5,401,-769,-146,360,11,255,88
4,7,4341,5,402,-775,-170,360,8,246,88
4,7,4342,5,403,-709,-162,360,34,249,88
4,7,4343,5,404,-722,-164,360,29,248,88
4,7,4344,5,405,-697,-168,360,39,247,88
4,7,4345,5,406,-699,-142,360,39,257,88
4,7,4346,5,407,-683,-160,360,45,250,88
4,7,4347,5,408,-690,-144,360,42,256,88
4,7,4348,5,409,-641,-155,360,62,252,88
4,7,4349,5,410,-644,-167,360,60,247,88
4,7,4350,5,411,-657,-156,360,55,251,88
4,7,4351,5,412,-610,-172,360,74,245,88
4,7,4352,5,413,-630,-141,360,66,257,88
4,7,4353,5,414,-616,-155,360,72,252,88
4,7,4354,5,415,-581,-161,360,86,250,88
4,7,4355,5,416,-525,-154,360,108,252,88
4,7,4356,5,417,-497,-171,360,119,246,88
4,7,4357,5,418,-510,-173,360,114,245,88
4,7,4358,5,419,-483,-166,360,125,248,88
4,7,4359,5,420,-438,-173,360,143,245,88
4,7,4360,5,421,-436,-152,360,144,253,88
4,7,4361,5,422,-467,-148,360,131,255,88
4,7,4362,5,423,-406,-149,360,156,254,88
4,7,4363,5,424,-424,-157,360,149,251,88
4,7,4364,5,425,-427,-140,360,147,258,88
4,7,4365,5,426,-380,-153,360,166,253,88
4,7,4366,5,427,-358,-171,360,175,246,88
4,7,4367,5,428,-337,-150,360,183,254,88
4,7,4368,5,429,-292,-177,360,201,243,87
4,7,4369,5,430,-256,-151,360,215,254,88
4,7,4370,5,431,-240,-160,360,222,250,88
4,7,4371,5,432,-269,-151,360,210,254,88
4,7,4372,5,433,-208,-170,360,235,246,88
4,7,4373,5,434,-776,-139,360,8,259,88
4,7,4374,5,435,-772,-121,360,9,266,88
4,7,4375,5,436,-717,-112,360,31,269,89
4,7,4376,5,437,-734,-116,360,24,267,88
4,7,4377,5,438,-700,-117,360,38,267,88
4,7,4378,5,439,-641,-128,360,62,263,88
4,7,4379,5,440,-646,-107,360,60,271,89
4,7,4380,5,441,-596,-131,360,80,262,88
4,7,4381,5,442,-577,-114,360,87,268,89
4,7,4382,5,443,-520,-112,360,110,269,89
4,7,4383,5,444,-536,-112,360,104,269,89
4,7,4384,5,445,-543,-134,360,101,260,88
4,7,4385,5,446,-476,-120,360,128,266,88
4,7,4386,5,447,-496,-116,360,120,268,88
4,7,4387,5,448,-459,-126,360,134,264,88
4,7,4388,5,449,-443,-129,360,141,263,88
4,7,4389,5,450,-463,-98,360,133,275,89
4,7,4390,5,451,-421,-114,360,150,268,89
4,7,4391,5,452,-412,-126,360,153,264,88
4,7,4392,5,453,-363,-124,360,173,264,88
4,7,4393,5,454,-371,-130,360,170,262,88
4,7,4394,5,455,-358,-131,360,175,261,88
4,7,4395,5,456,-380,-123,360,166,265,88
4,7,4396,5,457,-320,-108,360,190,271,89
4,7,4397,5,458,-319,-137,360,190,259,88
4,7,4398,5,459,-323,-124,360,189,264,88
4,7,4399,5,460,-293,-113,360,201,269,89
4,7,4400,5,461,-777,-87,360,7,279,89
4,7,4401,5,462,-775,-75,360,8,284,89
4,7,4402,5,463,-731,-82,360,25,281,89
4,7,4403,5,464,-714,-89,360,32,278,89
4,7,4404,5,465,-682,-72,360,45,285,89
4,7,4405,5,466,-690,-65,360,42,288,89
4,7,4406,5,467,-689,-80,360,42,282,89
4,7,4407,5,468,-658,-70,360,55,286,89
4,7,4408,5,469,-628,-77,360,67,283,89
4,7,4409,5,470,-648,-87,360,59,279,89
4,7,4410,5,471,-602,-81,360,77,281,89
4,7,4411,5,472,-610,-77,360,74,283,89
4,7,4412,5,473,-613,-91,360,73,278,89
4,7,4413,5,474,-569,-72,360,90,285,89
4,7,4414,5,475,-527,-75,360,107,284,89
4,7,4415,5,476,-542,-95,360,101,276,89
4,7,4416,5,477,-480,-82,360,126,281,89
4,7,4417,5,478,-483,-94,360,125,276,89
4,7,4418,5,479,-487,-72,360,123,285,89
4,7,4419,5,480,-512,-83,360,113,281,89
4,7,4420,5,481,-454,-85,360,136,280,89
4,7,4421,5,482,-448,-95,360,139,276,89
4,7,4422,5,483,-448,-79,360,139,282,89
4,7,4423,5,484,-400,-78,360,158,283,89
4,7,4424,5,485,-354,-79,360,177,282,89
4,7,4425,5,486,-377,-89,360,167,278,89
4,7,4426,5,487,-370,-71,360,170,285,89
4,7,4427,5,488,-323,-90,360,189,278,89
4,7,4428,5,489,-339,-76,360,182,284,89
4,7,4429,5,490,-325,-78,360,188,283,89
4,7,4430,5,491,-309,-92,360,194,277,89
4,7,4431,5,492,-298,-77,360,199,283,89
4,7,4432,5,493,-241,-79,360,222,282,89
4,7,4433,5,494,-236,-93,360,224,277,89
4,7,4434,5,495,-220,-56,360,230,292,89
4,7,4435,5,496,-184,-89,360,244,279,89
4,7,4436,5,497,-776,-50,360,8,294,90
4,7,4437,5,498,-773,-36,360,9,300,90
4,7,4438,5,499,-750,-56,360,18,292,89
4,7,4439,5,500,-719,-29,360,30,302,90
4,7,4440,5,501,-709,-39,360,35,298,90
4,7,4441,5,502,-682,-45,360,45,296,90
4,7,4442,5,503,-696,-42,360,39,297,90
4,7,4443,5,504,-641,-42,360,61,297,90
4,7,4444,5,505,-668,-58,360,51,291,89
4,7,4445,5,506,-600,-58,360,78,291,89
4,7,4446,5,507,-613,-31,360,73,301,90
4,7,4447,5,508,-578,-46,360,87,296,90
4,7,4448,5,509,-578,-31,360,87,301,90
4,7,4449,5,510,-535,-51,360,104,293,90
4,7,4450,5,511,-523,-40,360,109,298,90
4,7,4451,5,512,-534,-33,360,105,301,90
4,7,4452,5,513,-499,-42,360,118,297,90
4,7,4453,5,514,-512,-42,360,113,297,90
4,7,4454,5,515,-451,-32,360,138,301,90
4,7,4455,5,516,-429,-32,360,146,301,90
4,7,4456,5,517,-410,-51,360,154,294,90
4,7,4457,5,518,-404,-37,360,156,299,90
4,7,4458,5,519,-373,-48,360,169,295,90
4,7,4459,5,520,-352,-40,360,177,298,90
4,7,4460,5,521,-328,-35,360,187,300,90
4,7,4461,5,522,-322,-43,360,189,297,90
4,7,4462,5,523,-339,-50,360,183,294,90
4,7,4463,5,524,-338,-33,360,183,301,90
4,7,4464,5,525,-292,-35,360,201,300,90
4,7,4465,5,526,-296,-55,360,199,292,89
4,7,4466,5,527,-269,-24,360,210,304,90
4,7,4467,5,528,-257,-53,360,215,293,90
4,7,4468,5,529,-725,-8,360,28,311,90
4,7,4469,5,530,-734,3,360,24,315,90
4,7,4470,5,531,-709,-9,360,34,310,90
4,7,4471,5,532,-682,6,360,45,316,91
4,7,4472,5,533,-698,-7,360,39,311,90
4,7,4473,5,534,-645,-1,360,60,313,90
4,7,4474,5,535,-664,1,360,53,314,90
4,7,4475,5,536,-626,-5,360,68,312,90
4,7,4476,5,537,-610,-1,360,74,314,90
4,7,4477,5,538,-560,8,360,94,317,91
4,7,4478,5,539,-581,13,360,85,319,91
4,7,4479,5,540,-516,15,360,112,320,91
4,7,4480,5,541,-514,-18,360,113,307,90
4,7,4481,5,542,-489,7,360,122,317,91
4,7,4482,5,543,-452,8,360,137,317,91
4,7,4483,5,544,-452,-12,360,137,309,90
4,7,4484,5,545,-420,-9,360,150,311,90
4,7,4485,5,546,-396,-3,360,159,313,90
4,7,4486,5,547,-352,-23,360,177,305,90
4,7,4487,5,548,-331,13,360,186,319,91
4,7,4488,5,549,-317,-13,360,191,309,90
4,7,4489,5,550,-327,-9,360,187,310,90
4,7,4490,5,551,-343,1,360,181,315,90
4,7,4491,5,552,-287,3,360,203,315,90
4,7,4492,5,553,-304,10,360,196,318,91
4,7,4493,5,554,-251,9,360,218,318,91
4,7,4494,5,555,-229,-3,360,226,313,90
4,7,4495,5,556,-182,-9,360,245,310,90
4,7,4496,5,557,-767,34,360,11,328,91
4,7,4497,5,558,-772,53,360,9,335,91
4,7,4498,5,559,-781,46,360,6,332,91
4,7,4499,5,560,-747,46,360,19,333,91
4,7,4500,5,561,-735,60,360,24,338,91
4,7,4501,5,562,-700,31,360,38,327,91
4,7,4502,5,563,-693,36,360,41,328,91
4,7,4503,5,564,-704,50,360,37,334,91
4,7,4504,5,565,-657,34,360,55,328,91
4,7,4505,5,566,-609,47,360,75,333,91
4,7,4506,5,567,-623,37,360,69,329,91
4,7,4507,5,568,-595,49,360,80,334,91
4,7,4508,5,569,-625,50,360,68,334,91
4,7,4509,5,570,-568,51,360,91,334,91
4,7,4510,5,571,-572,36,360,89,328,91
4,7,4511,5,572,-574,21,360,89,322,91
4,7,4512,5,573,-519,35,360,111,328,91
4,7,4513,5,574,-541,22,360,102,323,91
4,7,4514,5,575,-496,29,360,119,326,91
4,7,4515,5,576,-482,34,360,125,327,91
4,7,4516,5,577,-478,51,360,127,334,91
4,7,4517,5,578,-443,51,360,141,334,91
4,7,4518,5,579,-449,31,360,138,326,91
4,7,4519,5,580,-401,42,360,158,331,91
4,7,4520,5,581,-421,32,360,150,327,91
4,7,4521,5,582,-402,31,360,157,327,91
4,7,4522,5,583,-413,29,360,153,326,91
4,7,4523,5,584,-359,43,360,174,331,91
4,7,4524,5,585,-385,40,360,164,330,91
4,7,4525,5,586,-393,36,360,161,328,91
4,7,4526,5,587,-328,40,360,187,330,91
4,7,4527,5,588,-332,48,360,185,333,91
4,7,4528,5,589,-340,20,360,182,322,91
4,7,4529,5,590,-297,37,360,199,329,91
4,7,4530,5,591,-278,45,360,207,332,91
4,7,4531,5,592,-298,28,360,199,325,91
4,7,4532,5,593,-236,36,360,223,328,91
4,7,4533,5,594,-239,54,360,223,336,91
4,7,4534,5,595,-266,44,360,212,331,91
4,7,4535,5,596,-759,74,360,15,344,92
4,7,4536,5,597,-731,75,360,25,344,92
4,7,4537,5,598,-735,87,360,24,349,92
4,7,4538,5,599,-679,78,360,46,345,92
4,7,4539,5,600,-702,84,360,37,348,92
4,7,4540,5,601,-686,57,360,44,337,91
4,7,4541,5,602,-669,62,360,50,339,91
4,7,4542,5,603,-649,69,360,58,341,92
4,7,4543,5,604,-624,81,360,69,346,92
4,7,4544,5,605,-602,78,360,77,345,92
4,7,4545,5,606,-600,91,360,78,350,92
4,7,4546,5,607,-564,69,360,92,341,92
4,7,4547,5,608,-565,79,360,92,346,92
4,7,4548,5,609,-577,62,360,87,339,91
4,7,4549,5,610,-527,70,360,107,342,92
4,7,4550,5,611,-542,59,360,101,338,91
4,7,4551,5,612,-550,91,360,98,350,92
4,7,4552,5,613,-535,96,360,104,352,92
4,7,4553,5,614,-494,80,360,120,346,92
4,7,4554,5,615,-483,80,360,125,346,92
4,7,4555,5,616,-471,67,360,130,341,92
4,7,4556,5,617,-505,91,360,116,350,92
4,7,4557,5,618,-459,72,360,135,343,92
4,7,4558,5,619,-454,92,360,136,351,92
4,7,4559,5,620,-414,71,360,153,342,92
4,7,4560,5,621,-417,86,360,151,349,92
4,7,4561,5,622,-401,83,360,157,347,92
4,7,4562,5,623,-409,92,360,154,351,92
4,7,4563,5,624,-371,87,360,170,349,92
4,7,4564,5,625,-354,92,360,176,351,92
4,7,4565,5,626,-380,98,360,166,353,92
4,7,4566,5,627,-335,89,360,184,350,92
4,7,4567,5,628,-321,61,360,190,338,91
4,7,4568,5,629,-339,65,360,182,340,91
4,7,4569,5,630,-297,84,360,199,348,92
4,7,4570,5,631,-251,87,360,218,349,92
4,7,4571,5,632,-191,71,360,242,343,92
4,7,4572,5,633,-204,64,360,236,340,91
4,7,4573,5,634,-779,118,360,6,361,92
4,7,4574,5,635,-771,127,360,10,365,93
4,7,4575,5,636,-767,114,360,11,360,92
4,7,4576,5,637,-723,126,360,29,364,93
4,7,4577,5,638,-726,115,360,28,360,92
4,7,4578,5,639,-696,126,360,39,364,93
4,7,4579,5,640,-641,122,360,62,363,92
4,7,4580,5,641,-650,111,360,58,358,92
4,7,4581,5,642,-604,129,360,76,366,93
4,7,4582,5,643,-618,109,360,71,357,92
4,7,4583,5,644,-569,116,360,90,360,92
4,7,4584,5,645,-554,111,360,96,358,92
4,7,4585,5,646,-565,127,360,92,365,93
4,7,4586,5,647,-515,129,360,112,366,93
4,7,4587,5,648,-544,119,360,101,362,92
4,7,4588,5,649,-518,106,360,111,356,92
4,7,4589,5,650,-527,120,360,107,362,92
4,7,4590,5,651,-499,103,360,118,355,92
4,7,4591,5,652,-466,130,360,131,366,93
4,7,4592,5,653,-476,140,360,128,370,93
4,7,4593,5,654,-470,114,360,130,360,92
4,7,4594,5,655,-449,111,360,138,358,92
4,7,4595,5,656,-441,111,360,141,358,92
4,7,4596,5,657,-443,127,360,141,365,93
4,7,4597,5,658,-414,108,360,152,357,92
4,7,4598,5,659,-395,119,360,160,361,92
4,7,4599,5,660,-422,123,360,149,363,92
4,7,4600,5,661,-371,118,360,170,361,92
4,7,4601,5,662,-368,99,360,171,354,92
4,7,4602,5,663,-322,121,360,189,363,92
4,7,4603,5,664,-319,99,360,190,354,92
4,7,4604,5,665,-281,123,360,206,363,92
4,7,4605,5,666,-281,132,360,206,367,93
4,7,4606,5,667,-287,114,360,203,360,92
4,7,4607,5,668,-237,109,360,223,358,92
4,7,4608,5,669,-265,108,360,212,357,92
4,7,4609,5,670,-230,95,360,226,352,92
4,7,4610,5,671,-781,150,360,5,374,93
4,7,4611,5,672,-771,158,360,9,377,93
4,7,4612,5,673,-725,150,360,28,374,93
4,7,4613,5,674,-745,145,360,20,372,93
4,7,4614,5,675,-751,168,360,17,381,93
4,7,4615,5,676,-689,155,360,43,376,93
4,7,4616,5,677,-650,162,360,58,379,93
4,7,4617,5,678,-642,162,360,61,379,93
4,7,4618,5,679,-608,157,360,75,377,93
4,7,4619,5,680,-600,166,360,78,380,93
4,7,4620,5,681,-615,144,360,72,372,93
4,7,4621,5,682,-608,182,360,75,387,93
4,7,4622,5,683,-625,173,360,68,383,93
4,7,4623,5,684,-564,169,360,92,382,93
4,7,4624,5,685,-576,153,360,88,375,93
4,7,4625,5,686,-566,139,360,92,370,93
4,7,4626,5,687,-537,162,360,103,379,93
4,7,4627,5,688,-491,153,360,122,375,93
4,7,4628,5,689,-499,173,360,118,383,93
4,7,4629,5,690,-448,149,360,139,374,93
4,7,4630,5,691,-405,164,360,156,380,93
4,7,4631,5,692,-379,163,360,166,379,93
4,7,4632,5,693,-365,149,360,172,374,93
4,7,4633,5,694,-339,160,360,182,378,93
4,7,4634,5,695,-349,160,360,179,378,93
4,7,4635,5,696,-288,143,360,203,371,93
4,7,4636,5,697,-247,152,360,219,375,93
4,7,4637,5,698,-233,169,360,225,382,93
4,7,4638,5,699,-228,151,360,227,374,93
4,7,4639,5,700,-211,164,360,234,380,93
4,7,4640,5,701,-759,207,360,14,397,94
4,7,4641,5,702,-757,192,360,15,391,94
4,7,4642,5,703,-742,188,360,21,389,94
4,7,4643,5,704,-727,201,360,27,394,94
4,7,4644,5,705,-738,211,360,23,398,94
4,7,4645,5,706,-682,205,360,45,396,94
4,7,4646,5,707,-628,202,360,67,395,94
4,7,4647,5,708,-636,215,360,64,400,94
4,7,4648,5,709,-614,193,360,72,391,94
4,7,4649,5,710,-619,209,360,70,398,94
4,7,4650,5,711,-613,202,360,73,395,94
4,7,4651,5,712,-562,195,360,93,392,94
4,7,4652,5,713,-579,186,360,87,388,94
4,7,4653,5,714,-522,192,360,109,391,94
4,7,4654,5,715,-518,204,360,111,395,94
4,7,4655,5,716,-529,211,360,106,398,94
4,7,4656,5,717,-495,208,360,120,397,94
4,7,4657,5,718,-477,200,360,127,394,94
4,7,4658,5,719,-494,219,360,120,402,94
4,7,4659,5,720,-455,188,360,136,389,94
4,7,4660,5,721,-459,198,360,134,393,94
4,7,4661,5,722,-464,214,360,132,400,94
4,7,4662,5,723,-448,217,360,139,401,94
4,7,4663,5,724,-397,213,360,159,399,94
4,7,4664,5,725,-392,194,360,161,392,94
4,7,4665,5,726,-421,179,360,149,385,93
4,7,4666,5,727,-367,203,360,171,395,94
4,7,4667,5,728,-382,204,360,165,396,94
4,7,4668,5,729,-369,189,360,171,390,94
4,7,4669,5,730,-328,194,360,187,392,94
4,7,4670,5,731,-326,219,360,188,402,94
4,7,4671,5,732,-327,182,360,187,387,93
4,7,4672,5,733,-291,200,360,202,394,94
4,7,4673,5,734,-283,198,360,205,393,94
4,7,4674,5,735,-289,217,360,203,401,94
4,7,4675,5,736,-251,191,360,218,390,94
4,7,4676,5,737,-271,201,360,210,394,94
4,7,4677,5,738,-778,233,360,7,407,94
4,7,4678,5,739,-651,237,360,57,409,94
4,7,4679,5,740,-599,248,360,79,413,95
4,7,4680,5,741,-625,228,360,68,405,94
4,7,4681,5,742,-590,242,360,82,411,94
4,7,4682,5,743,-537,248,360,103,413,95
4,7,4683,5,744,-530,255,360,106,416,95
4,7,4684,5,745,-489,242,360,122,411,94
4,7,4685,5,746,-497,259,360,119,417,95
4,7,4686,5,747,-449,229,360,138,406,94
4,7,4687,5,748,-422,225,360,149,404,94
4,7,4688,5,749,-412,236,360,153,408,94
4,7,4689,5,750,-374,243,360,169,411,94
4,7,4690,5,751,-374,229,360,169,406,94
4,7,4691,5,752,-337,229,360,183,406,94
4,7,4692,5,753,-339,243,360,182,411,94
4,7,4693,5,754,-352,242,360,177,411,94
4,7,4694,5,755,-300,245,360,198,412,94
4,7,4695,5,756,-298,260,360,199,418,95
4,7,4696,5,757,-311,229,360,194,406,94
4,7,4697,5,758,-253,237,360,217,409,94
4,7,4698,5,759,-270,246,360,210,412,94
4,7,4699,5,760,-252,251,360,217,414,95
4,7,4700,5,761,-188,237,360,243,409,94
4,7,4701,5,762,-222,248,360,229,413,95
4,7,4702,5,763,-748,299,360,19,434,95
4,7,4703,5,764,-550,279,360,98,426,95
4,7,4704,5,765,-532,300,360,105,434,95
4,7,4705,5,766,-538,263,360,103,419,95
4,7,4706,5,767,-490,276,360,122,424,95
4,7,4707,5,768,-386,278,360,164,425,95
4,7,4708,5,769,-307,304,360,195,435,95
4,7,4709,5,770,-307,277,360,195,425,95
4,7,4710,5,771,-726,308,360,28,437,96
4,7,4711,5,772,-742,287,360,21,429,95
4,7,4712,5,773,-689,307,360,43,437,96
4,7,4713,5,774,-470,307,360,130,437,96
4,7,4714,5,775,-421,306,360,150,437,96
4,7,4715,5,776,-355,305,360,176,436,95
4,7,4716,5,777,-323,281,360,189,426,95
4,7,4717,5,778,-224,61,360,229,338,91
4,7,4718,5,779,-228,-259,360,227,210,86
4,7,4719,5,780,-221,183,360,230,387,93
4,7,4720,5,781,-639,-259,360,62,210,86
4,7,4721,5,782,-504,-703,360,116,33,79
4,7,4722,5,783,-350,-417,360,178,147,83
4,7,4723,5,784,-667,260,360,51,418,95
4,7,4724,5,785,-744,-98,360,20,275,89
4,7,4725,5,786,-389,146,360,163,372,93
4,7,4726,5,787,-549,-181,360,99,242,87
4,7,4727,5,788,-311,57,360,194,337,91
4,7,4728,5,789,-507,-144,360,115,256,88
4,7,4729,5,790,-198,55,360,239,336,91
4,7,4730,5,791,-435,-495,360,144,116,82
4,7,4731,5,792,-633,-502,360,65,113,82
4,7,4732,5,793,-468,-262,360,131,209,86
4,7,4733,5,794,-388,-24,360,163,304,90
4,7,4734,5,795,-711,20,360,34,322,91
4,7,4735,5,796,-357,261,360,175,418,95
4,7,4736,5,797,-388,-503,360,163,113,82
4,7,4737,5,798,-211,280,360,234,426,95
4,7,4738,5,799,-631,-661,360,66,50,79
4,7,4739,5,800,-211,94,360,234,352,92
4,7,4740,5,801,-210,-62,360,234,289,89
4,7,4741,5,802,-432,-261,360,145,209,86
4,7,4742,5,803,-268,-93,360,211,277,89
4,7,4743,5,804,-427,60,360,147,338,91
4,7,4744,5,805,-627,-337,360,67,179,85
4,7,4745,5,806,-552,64,360,97,340,91
4,7,4746,5,807,-513,-59,360,113,290,89
4,7,4747,5,808,-270,-141,360,210,258,88
4,7,4748,5,809,-675,-461,360,48,129,83
4,7,4749,5,810,-590,-376,360,82,164,84
4,7,4750,5,811,-471,256,360,130,417,95
4,7,4751,5,812,-197,-134,360,239,260,88
4,7,4752,5,813,-233,-219,360,225,227,87
4,7,4753,5,814,-390,-179,360,162,242,87
4,7,4754,5,815,-190,137,360,242,369,93
4,7,4755,5,816,-216,64,360,231,340,91
4,7,4756,5,817,-306,-464,360,196,128,83
4,7,4757,5,818,-510,281,360,114,426,95
4,7,4758,5,819,-272,144,360,209,372,93
4,7,4759,5,820,-632,-178,360,65,243,87
4,7,4760,5,821,-223,301,360,229,434,95
4,7,4761,5,822,-550,184,360,98,388,93
4,7,4762,5,823,-588,-332,360,83,181,85
4,7,4763,5,824,-552,139,360,97,370,93
4,7,4764,5,825,-434,299,360,144,433,95
4,7,4765,5,826,-515,-424,360,112,145,83
4,7,4766,5,827,-474,-416,360,128,148,84
4,7,4767,5,828,-708,-339,360,35,178,85
4,7,4768,5,829,-211,-95,360,234,276,89
4,7,4769,5,830,-670,-20,360,50,306,90
4,7,4770,5,831,-312,295,360,193,432,95
4,7,4771,5,832,-313,-102,360,193,273,89
4,7,4772,5,833,-507,-504,360,115,112,82
4,7,4773,5,834,-351,-618,360,178,67,80
4,7,4774,5,835,-201,-94,360,238,276,89
4,7,4775,5,836,-216,-221,360,232,226,87
4,7,4776,5,837,-470,180,360,130,386,93
4,7,4777,5,838,-506,26,360,116,324,91
4,7,4778,5,839,-352,-345,360,177,176,85
4,7,4779,5,840,-544,-583,360,100,81,81
4,7,4780,5,841,-705,-259,360,36,210,86
4,7,4781,5,842,-311,138,360,193,369,93
4,7,4782,5,843,-272,-337,360,209,179,85
4,7,4783,5,844,-237,-301,360,223,193,85
4,7,4784,5,845,-628,99,360,67,353,92
4,7,4785,5,846,-190,-226,360,242,224,87
4,7,4786,5,847,-590,-23,360,82,305,90
4,7,4787,5,848,-354,291,360,176,430,95
4,7,4788,5,849,-318,-580,360,191,82,81
4,7,4789,5,850,-216,-138,360,232,259,88
4,7,4790,5,851,-207,139,360,235,370,93
4,7,4791,5,852,-587,270,360,83,422,95
4,7,4792,5,853,-711,-371,360,34,165,84
4,7,4793,5,854,-714,-144,360,32,257,88
4,7,4794,5,855,-630,283,360,66,427,95
4,7,4795,5,856,-709,136,360,35,368,93
4,7,4796,5,857,-393,-339,360,161,179,85
4,7,4797,5,858,-319,260,360,190,418,95
4,7,4798,5,859,-200,-181,360,238,242,87
4,7,4799,5,860,-354,-212,360,176,229,87
4,7,4800,5,861,-590,-417,360,82,147,83
4,7,4801,5,862,-267,-220,360,211,226,87
4,7,4802,5,863,-201,-659,360,238,50,79
4,7,4803,5,864,-220,-539,360,230,98,81
4,7,4804,5,865,-201,273,360,238,423,95
4,7,4805,5,866,-189,-461,360,242,130,83
4,7,4806,5,867,-749,255,360,18,416,95
4,7,4807,5,868,-310,-302,360,194,193,85
4,7,4808,5,869,-708,-660,360,35,50,79
4,7,4809,5,870,-588,291,360,83,430,95
4,7,4810,5,871,-670,-494,360,50,117,82
4,7,4811,5,872,-203,-417,360,237,147,83
4,7,4812,5,873,-625,215,360,68,400,94
4,7,4813,5,874,-745,-377,360,20,163,84
4,7,4814,5,875,-624,-104,360,68,273,89
4,7,4815,5,876,-395,-700,360,160,34,79
4,7,4816,5,877,-748,-740,360,19,18,78
4,7,4817,5,878,-551,-695,360,98,36,79
4,7,4818,5,879,-714,-744,360,32,16,78
4,7,4819,5,880,-202,-387,360,237,159,84
4,7,4820,5,881,-713,301,360,33,435,95
4,7,4821,5,882,-217,-332,360,231,181,85
4,7,4822,5,883,-755,-769,360,16,6,78
4,7,4823,5,884,-552,-619,360,97,66,80
4,7,4824,5,885,-395,-57,360,160,291,89
4,7,4825,5,886,-593,-424,360,81,144,83
4,7,4826,5,887,-345,-103,360,180,273,89
4,7,4827,5,888,-383,-214,360,165,228,87
4,7,4828,5,889,-225,-41,360,228,298,90
4,7,4829,5,890,-393,-416,360,161,148,84
4,7,4830,5,891,-473,286,360,129,428,95
4,7,4831,5,892,-556,-344,360,96,176,85
4,7,4832,5,893,-430,-622,360,146,65,80
4,7,4833,5,894,-708,-21,360,35,306,90
4,7,4834,5,895,-426,-580,360,147,82,81
4,7,4835,5,896,-522,264,360,109,420,95
4,7,4836,5,897,-424,270,360,148,422,95
4,7,4837,5,898,-626,-426,360,68,143,83
4,7,4838,5,899,-669,-104,360,50,272,89
4,7,4839,5,900,-394,91,360,160,350,92
4,7,4840,5,901,-397,-375,360,159,164,84
4,7,4841,5,902,-277,-29,360,207,303,90
4,7,4842,5,903,-215,-464,360,232,128,83
4,7,4843,5,904,-386,298,360,164,433,95
4,7,4844,5,905,-235,138,360,224,369,93
4,7,4845,5,906,-710,270,360,34,422,95
4,7,4846,5,907,-635,-695,360,64,36,79
4,7,4847,5,908,-235,280,360,224,426,95
4,7,4848,5,909,-776,262,360,8,419,95
4,7,4849,5,910,-307,-189,360,195,238,87
4,7,4850,5,911,-319,-173,360,191,245,88
4,7,4851,5,912,-463,-544,360,133,96,81
4,7,4852,5,913,-623,-23,360,69,305,90
4,7,4853,5,914,-273,-434,360,209,141,83
4,7,4854,5,915,-623,-535,360,69,100,82
4,7,4855,5,916,-751,-340,360,18,178,85
4,7,4856,5,917,-755,142,360,16,371,93
4,7,4857,5,918,-630,303,360,66,435,95
4,7,4858,5,919,-546,-144,360,100,256,88
4,7,4859,5,920,-634,-387,360,64,159,84
4,7,4860,5,921,-678,216,360,47,400,94
4,7,4861,5,922,-467,-692,360,131,37,79
4,7,4862,5,923,-666,-612,360,52,69,80
4,7,4863,5,924,-756,-536,360,16,99,82
4,7,4864,5,925,-394,-626,360,160,64,80
4,7,4865,5,926,-215,-296,360,232,196,86
4,7,4866,5,927,-553,306,360,97,436,95
4,7,4867,5,928,-209,-275,360,234,204,86
4,7,4868,5,929,-436,-310,360,144,190,85
4,7,4869,5,930,-286,-93,360,204,277,89
4,7,4870,5,931,-559,-23,360,95,305,90
4,7,4871,5,932,-222,11,360,229,319,91
4,7,4872,5,933,-511,307,360,114,437,96
4,7,4873,5,934,-360,279,360,174,425,95
4,7,4874,5,935,-242,-261,360,221,210,86
4,7,4875,5,936,-206,-28,360,236,303,90
4,7,4876,5,937,-260,273,360,214,423,95
4,7,4877,5,938,-216,-72,360,231,285,89
4,7,4878,5,939,-593,-89,360,81,279,89
4,7,4879,5,940,-235,306,360,224,436,95
4,7,4880,5,941,-211,-40,360,234,298,90
4,7,4881,5,942,-438,-23,360,143,305,90
4,7,4882,5,943,-208,-8,360,235,311,90
4,7,4883,5,944,-392,-81,360,161,281,89
4,7,4884,5,945,-311,121,360,194,363,92
4,7,4885,5,946,-430,-192,360,146,237,87
4,7,4886,5,947,-260,22,360,214,323,91
4,7,4887,5,948,-365,295,360,172,432,95
4,7,4888,5,949,-318,-300,360,191,194,85
4,7,4889,5,950,-401,277,360,158,425,95
4,7,4890,5,951,-510,-602,360,114,73,80
4,7,4891,5,952,-364,-182,360,173,241,87
4,7,4892,5,953,-655,-99,360,56,275,89
4,7,4893,5,954,-667,306,360,51,436,95
4,7,4894,5,955,-568,-60,360,91,290,89
4,7,4895,5,956,-544,-59,360,100,290,89
4,7,4896,5,957,-394,-119,360,160,267,88
4,7,4897,5,958,-193,44,360,241,331,91
4,7,4898,5,959,-588,-314,360,83,188,85
4,7,4899,5,960,-469,-167,360,130,247,88
4,7,4900,5,961,-471,-195,360,129,236,87
4,7,4901,5,962,-459,103,360,135,355,92
4,7,4902,5,963,-293,-301,360,201,194,85
4,7,4903,5,964,-523,-258,360,109,211,86
4,7,4904,5,965,-406,299,360,156,434,95
4,7,4905,5,966,-458,63,360,135,339,91
4,7,4906,5,967,-547,-79,360,99,282,89
4,7,4907,5,968,-256,-24,360,216,304,90
4,7,4908,5,969,-490,-55,360,122,292,90
4,7,4909,5,970,-296,-225,360,200,224,87
4,7,4910,5,971,-606,-426,360,76,144,83
4,7,4911,5,972,-402,-419,360,157,146,83
4,7,4912,5,973,-216,5,360,232,316,90
4,7,4913,5,974,-269,306,360,210,436,95
4,7,4914,5,975,-268,-48,360,211,295,90
4,7,4915,5,976,-587,-491,360,83,118,82
4,7,4916,5,977,-273,-121,360,209,266,88
4,7,4917,5,978,-695,300,360,40,434,95
4,7,4918,5,979,-511,-551,360,114,93,81
4,7,4919,5,980,-588,-437,360,83,139,83
4,7,4920,5,981,-293,295,360,201,432,95
4,7,4921,5,982,-478,101,360,127,354,92
4,7,4922,5,983,-390,-491,360,162,118,82
4,7,4923,5,984,-204,1,360,236,314,90
4,7,4924,5,985,-232,-147,360,225,255,88
4,7,4925,5,986,-651,-139,360,58,258,88
4,7,4926,5,987,-409,176,360,155,385,93
4,7,4927,5,988,-775,16,360,8,320,91
4,7,4928,5,989,-497,-137,360,119,259,88
4,7,4929,5,990,-613,-455,360,73,132,83
4,7,4930,5,991,-434,-118,360,144,267,88
4,7,4931,5,992,-567,-621,360,91,66,80
4,7,4932,5,993,-341,137,360,181,369,93
4,7,4933,5,994,-365,-63,360,172,289,89
4,7,4934,5,995,-349,119,360,178,362,92
4,7,4935,5,996,-309,42,360,195,331,91
4,7,4936,5,997,-587,-200,360,83,234,87
4,7,4937,5,998,-690,-106,360,42,272,89
4,7,4938,5,999,-203,47,360,237,333,91
4,7,4939,5,1000,-585,-271,360,84,206,86
4,7,4940,5,1001,-625,-207,360,68,231,87
4,7,4941,5,1002,-459,-137,360,134,259,88
4,7,4942,5,1003,-551,34,360,98,327,91
4,7,4943,5,1004,-431,-45,360,146,296,90
4,7,4944,5,1005,-473,269,360,129,422,95
4,7,4945,5,1006,-257,299,360,215,434,95
4,7,4946,5,1007,-348,-52,360,179,293,90
4,7,4947,5,1008,-675,-212,360,48,229,87
4,7,4948,5,1009,-246,-143,360,220,257,88
4,7,4949,5,1010,-530,-344,360,106,176,85
4,7,4950,5,1011,-668,-31,360,51,302,90
4,7,4951,5,1012,-473,171,360,129,383,93
4,7,4952,5,1013,-455,261,360,136,418,95
4,7,4953,5,1014,-623,-273,360,69,205,86
4,7,4954,5,1015,-283,22,360,205,323,91
4,7,4955,5,1016,-493,185,360,121,388,93
4,7,4956,5,1017,-680,298,360,46,433,95
4,7,4957,5,1018,-483,222,360,125,403,94
4,7,4958,5,1019,-581,-299,360,86,194,85
4,7,4959,5,1020,-627,-522,360,67,105,82
4,7,4960,5,1021,-313,-248,360,193,215,86
4,7,4961,5,1022,-348,-150,360,179,254,88
4,7,4962,5,1023,-345,-163,360,180,249,88
4,7,4963,5,1024,-440,19,360,142,322,91
4,7,4964,5,1025,-270,286,360,210,428,95
4,7,4965,5,1026,-350,15,360,178,320,91
4,7,4966,5,1027,-615,-99,360,72,274,89
4,7,4967,5,1028,-668,-245,360,51,216,86
4,7,4968,5,1029,-600,-218,360,78,227,87
4,7,4969,5,1030,-466,-367,360,132,167,84
4,7,4970,5,1031,-218,-122,360,231,265,88
4,7,4971,5,1032,-273,-281,360,209,201,86
4,7,4972,5,1033,-667,-307,360,51,191,85
4,7,4973,5,1034,-204,155,360,237,376,93
4,7,4974,5,1035,-201,102,360,238,355,92
4,7,4975,5,1036,-609,-134,360,74,260,88
4,7,4976,5,1037,-444,61,360,140,338,91
4,7,4977,5,1038,-225,-116,360,228,268,88
4,7,4978,5,1039,-642,-305,360,61,192,85
4,7,4979,5,1040,-514,-116,360,113,267,88
4,7,4980,5,1041,-316,-34,360,191,300,90
4,7,4981,5,1042,-466,248,360,132,413,95
4,7,4982,5,1043,-485,298,360,124,433,95
4,7,4983,5,1044,-465,-108,360,132,271,89
4,7,4984,5,1045,-748,-288,360,19,199,86
4,7,4985,5,1046,-387,-453,360,163,133,83
4,7,4986,5,1047,-355,-92,360,176,277,89
4,7,4987,5,1048,-557,-655,360,95,52,80
4,7,4988,5,1049,-413,257,360,153,417,95
4,7,4989,5,1050,-363,-462,360,173,129,83
4,7,4990,5,1051,-408,-20,360,155,306,90
4,7,4991,5,1052,-544,-320,360,100,186,85
4,7,4992,5,1053,-333,-463,360,185,129,83
4,7,4993,5,1054,-355,-355,360,176,172,85
4,7,4994,5,1055,-192,-29,360,241,303,90
4,7,4995,5,1056,-395,-143,360,160,257,88
4,7,4996,5,1057,-193,16,360,241,320,91
4,7,4997,5,1058,-563,18,360,93,321,91
4,7,4998,5,1059,-512,-391,360,113,158,84
4,7,4999,5,1060,-734,-344,360,24,176,85
4,7,5000,5,1061,-387,251,360,163,415,95
4,7,5001,5,1062,-268,87,360,211,349,92
4,7,5002,5,1063,-468,-602,360,131,73,80
4,7,5003,5,1064,-243,-63,360,221,289,89
4,7,5004,5,1065,-490,-425,360,122,144,83
4,7,5005,5,1066,-512,296,360,113,433,95
4,7,5006,5,1067,-316,81,360,192,346,92
4,7,5007,5,1068,-494,-214,360,120,228,87
4,7,5008,5,1069,-635,-320,360,64,186,85
4,7,5009,5,1070,-632,-640,360,65,58,80
4,7,5010,5,1071,-544,-437,360,100,139,83
4,7,5011,5,1072,-497,-619,360,119,66,80
4,7,5012,5,1073,-452,138,360,137,369,93
4,7,5013,5,1074,-248,102,360,219,355,92
4,7,5014,5,1075,-699,-56,360,39,292,89
4,7,5015,5,1076,-425,-506,360,148,112,82
4,7,5016,5,1077,-617,-580,360,71,82,81
4,7,5017,5,1078,-464,293,360,132,431,95
4,7,5018,5,1079,-716,-326,360,32,184,85
4,7,5019,5,1080,-348,-396,360,179,155,84
4,7,5020,5,1081,-469,233,360,130,407,94
4,7,5021,5,1082,-451,-626,360,138,63,80
4,7,5022,5,1083,-485,20,360,124,322,91
4,7,5023,5,1084,-491,-492,360,122,117,82
4,7,5024,5,1085,-545,-204,360,100,232,87
4,7,5025,5,1086,-367,-223,360,171,225,87
4,7,5026,5,1087,-341,-137,360,182,259,88
4,7,5027,5,1088,-361,226,360,174,404,94
4,7,5028,5,1089,-431,-93,360,146,277,89
4,7,5029,5,1090,-374,147,360,168,373,93
4,7,5030,5,1091,-711,-181,360,34,242,87
4,7,5031,5,1092,-199,117,360,238,361,92
4,7,5032,5,1093,-588,-568,360,83,87,81
4,7,5033,5,1094,-544,-483,360,100,121,82
4,7,5034,5,1095,-581,-131,360,85,262,88
4,7,5035,5,1096,-222,165,360,229,380,93
4,7,5036,5,1097,-384,-576,360,164,83,81
4,7,5037,5,1098,-282,288,360,205,429,95
4,7,5038,5,1099,-249,286,360,218,428,95
4,7,5039,5,1100,-216,-84,360,232,281,89
4,7,5040,5,1101,-706,-286,360,36,200,86
4,7,5041,5,1102,-578,-18,360,87,307,90
4,7,5042,5,1103,-680,-382,360,46,161,84
4,7,5043,5,1104,-537,281,360,103,426,95
4,7,5044,5,1105,-509,-662,360,114,49,79
4,7,5045,5,1106,-439,139,360,143,370,93
4,7,5046,5,1107,-384,221,360,165,402,94
4,7,5047,5,1108,-735,254,360,24,416,95
4,7,5048,5,1109,-390,173,360,162,383,93
4,7,5049,5,1110,-654,54,360,56,336,91
4,7,5050,5,1111,-706,-235,360,36,220,87
4,7,5051,5,1112,-408,-545,360,155,96,81
4,7,5052,5,1113,-628,-44,360,67,296,90
4,7,5053,5,1114,-682,96,360,45,352,92
4,7,5054,5,1115,-350,-277,360,178,203,86
4,7,5055,5,1116,-508,-332,360,115,181,85
4,7,5056,5,1117,-778,175,360,7,384,93
4,7,5057,5,1118,-361,22,360,174,323,91
4,7,5058,5,1119,-604,-542,360,76,97,81
4,7,5059,5,1120,-679,-101,360,46,273,89
4,7,5060,5,1121,-578,-105,360,87,272,89
4,7,5061,5,1122,-487,-20,360,123,306,90
4,7,5062,5,1123,-197,-203,360,239,233,87
4,7,5063,5,1124,-748,-324,360,19,185,85
4,7,5064,5,1125,-424,-478,360,148,123,82
4,7,5065,5,1126,-692,-296,360,41,196,86
4,7,5066,5,1127,-644,222,360,60,403,94
4,7,5067,5,1128,-549,167,360,98,381,93
4,7,5068,5,1129,-434,153,360,144,375,93
4,7,5069,5,1130,-408,-98,360,155,275,89
4,7,5070,5,1131,-555,-531,360,96,101,82
4,7,5071,5,1132,-313,-235,360,193,220,87
4,7,5072,5,1133,-302,-173,360,197,245,88
4,7,5073,5,1134,-644,-618,360,60,67,80
4,7,5074,5,1135,-234,-247,360,224,215,86
4,7,5075,5,1136,-678,-501,360,47,114,82
4,7,5076,5,1137,-483,-573,360,125,85,81
4,7,5077,5,1138,-376,15,360,168,320,91
4,7,5078,5,1139,-257,-425,360,215,144,83
4,7,5079,5,1140,-345,-9,360,180,310,90
4,7,5080,5,1141,-513,-321,360,113,186,85
4,7,5081,5,1142,-483,-623,360,125,65,80
4,7,5082,5,1143,-336,270,360,184,422,95
4,7,5083,5,1144,-417,-659,360,151,50,79
4,7,5084,5,1145,-671,-150,360,49,254,88
4,7,5085,5,1146,-335,-423,360,184,145,83
4,7,5086,5,1147,-338,285,360,183,428,95
4,7,5087,5,1148,-346,73,360,180,343,92
4,7,5088,5,1149,-778,224,360,7,403,94
4,7,5089,5,1150,-454,-177,360,137,243,87
4,7,5090,5,1151,-548,247,360,99,413,95
4,7,5091,5,1152,-383,306,360,165,436,95
4,7,5092,5,1153,-633,-488,360,65,119,82
4,7,5093,5,1154,-763,296,360,13,432,95
4,7,5094,5,1155,-223,120,360,229,362,92
4,7,5095,5,1156,-509,60,360,115,338,91
4,7,5096,5,1157,-257,-94,360,215,276,89
4,7,5097,5,1158,-607,287,360,75,429,95
4,7,5098,5,1159,-637,272,360,63,423,95
4,7,5099,5,1160,-432,-676,360,145,43,79
4,7,5100,5,1161,-439,-456,360,142,132,83
4,7,5101,5,1162,-218,-385,360,231,160,84
4,7,5102,5,1163,-649,293,360,58,431,95
4,7,5103,5,1164,-584,301,360,84,435,95
4,7,5104,5,1165,-539,-225,360,102,224,87
4,7,5105,5,1166,-707,-192,360,35,237,87
4,7,5106,5,1167,-571,-462,360,90,129,83
4,7,5107,5,1168,-433,8,360,145,317,91
4,7,5108,5,1169,-411,-218,360,154,227,87
4,7,5109,5,1170,-300,-539,360,198,98,81
4,7,5110,5,1171,-393,-263,360,161,209,86
4,7,5111,5,1172,-668,-633,360,51,61,80
4,7,5112,5,1173,-427,-371,360,147,166,84
4,7,5113,5,1174,-617,-659,360,71,51,79
4,7,5114,5,1175,-759,-106,360,14,271,89
4,7,5115,5,1176,-270,-472,360,210,125,83
4,7,5116,5,1177,-451,-458,360,137,131,83
4,7,5117,5,1178,-313,187,360,193,389,94
4,7,5118,5,1179,-478,-216,360,127,228,87
4,7,5119,5,1180,-311,153,360,194,375,93
4,7,5120,5,1181,-674,-234,360,48,220,87
4,7,5121,5,1182,-289,-416,360,202,148,84
4,7,5122,5,1183,-531,-24,360,105,304,90
4,7,5123,5,1184,-629,-511,360,66,110,82
4,7,5124,5,1185,-603,21,360,77,323,91
4,7,5125,5,1186,-595,-467,360,80,127,83
4,7,5126,5,1187,-244,-105,360,221,272,89
4,7,5127,5,1188,-777,-413,360,7,149,84
4,7,5128,5,1189,-734,-175,360,25,244,88
4,7,5129,5,1190,-273,-194,360,209,237,87
4,7,5130,5,1191,-349,220,360,178,402,94
4,7,5131,5,1192,-382,-533,360,165,101,82
4,7,5132,5,1193,-425,-73,360,148,285,89
4,7,5133,5,1194,-543,-162,360,101,249,88
4,7,5134,5,1195,-687,15,360,43,320,91
4,7,5135,5,1196,-681,-258,360,45,211,86
4,7,5136,5,1197,-433,-249,360,145,214,86
4,7,5137,5,1198,-235,-286,360,224,199,86
4,7,5138,5,1199,-650,254,360,58,416,95
4,7,5139,5,1200,-202,-147,360,237,255,88
4,7,5140,5,1201,-695,95,360,40,352,92
4,7,5141,5,1202,-404,140,360,156,370,93
4,7,5142,5,1203,-425,197,360,148,393,94
4,7,5143,5,1204,-729,139,360,27,370,93
4,7,5144,5,1205,-712,186,360,33,388,93
4,7,5145,5,1206,-503,-516,360,117,107,82
4,7,5146,5,1207,-221,82,360,230,347,92
4,7,5147,5,1208,-273,73,360,209,343,92
4,7,5148,5,1209,-220,-490,360,230,118,82
4,7,5149,5,1210,-536,-467,360,104,127,83
4,7,5150,5,1211,-276,-244,360,208,216,86
4,7,5151,5,1212,-721,99,360,30,354,92
4,7,5152,5,1213,-576,97,360,88,353,92
4,7,5153,5,1214,-453,289,360,137,429,95
4,7,5154,5,1215,-726,62,360,28,339,91
4,7,5155,5,1216,-597,-528,360,79,103,82
4,7,5156,5,1217,-747,91,360,19,350,92
4,7,5157,5,1218,-649,-227,360,58,223,87
4,7,5158,5,1219,-696,-226,360,39,224,87
4,7,5159,5,1220,-400,-302,360,158,193,85
4,7,5160,5,1221,-591,71,360,82,343,92
4,7,5161,5,1222,-218,38,360,231,329,91
4,7,5162,5,1223,-671,-521,360,50,106,82
4,7,5163,5,1224,-353,196,360,177,392,94
4,7,5164,5,1225,-602,224,360,77,403,94
4,7,5165,5,1226,-361,-257,360,173,211,86
4,7,5166,5,1227,-509,-357,360,114,171,84
4,7,5167,5,1228,-726,221,360,28,403,94
4,7,5168,5,1229,-220,-243,360,230,217,86
4,7,5169,5,1230,-636,-607,360,64,71,80
4,7,5170,5,1231,-714,42,360,32,331,91
4,7,5171,5,1232,-560,-106,360,94,271,89
4,7,5172,5,1233,-247,-506,360,219,111,82
4,7,5173,5,1234,-528,-92,360,107,277,89
4,7,5174,5,1235,-497,-336,360,119,179,85
4,7,5175,5,1236,-254,18,360,217,321,91
4,7,5176,5,1237,-330,-616,360,186,68,80
4,7,5177,5,1238,-268,62,360,211,339,91
4,7,5178,5,1239,-474,-274,360,128,205,86
4,7,5179,5,1240,-196,-401,360,240,154,84
4,7,5180,5,1241,-774,-187,360,8,239,87
4,7,5181,5,1242,-528,-426,360,107,144,83
4,7,5182,5,1243,-529,138,360,106,369,93
4,7,5183,5,1244,-692,-372,360,41,165,84
4,7,5184,5,1245,-433,-603,360,145,73,80
4,7,5185,5,1246,-708,-727,360,35,23,78
4,7,5186,5,1247,-644,60,360,61,338,91
4,7,5187,5,1248,-517,-490,360,111,118,82
4,7,5188,5,1249,-580,-536,360,86,99,82
4,7,5189,5,1250,-591,197,360,82,393,94
4,7,5190,5,1251,-757,-226,360,15,224,87
4,7,5191,5,1252,-526,-374,360,108,164,84
4,7,5192,5,1253,-405,-664,360,156,48,79
4,7,5193,5,1254,-347,-239,360,179,218,86
4,7,5194,5,1255,-592,110,360,81,358,92
4,7,5195,5,1256,-654,-377,360,56,163,84
4,7,5196,5,1257,-762,-297,360,13,195,85
4,7,5197,5,1258,-648,96,360,59,352,92
4,7,5198,5,1259,-357,-472,360,175,125,83
4,7,5199,5,1260,-513,-577,360,113,83,81
4,7,5200,5,1261,-242,-464,360,221,129,83
4,7,5201,5,1262,-442,-615,360,141,68,80
4,7,5202,5,1263,-630,66,360,66,340,92
4,7,5203,5,1264,-276,14,360,207,319,91
4,7,5204,5,1265,-318,-558,360,191,91,81
4,7,5205,5,1266,-250,-574,360,218,84,81
4,7,5206,5,1267,-494,58,360,120,337,91
4,7,5207,5,1268,-406,-255,360,156,212,86
4,7,5208,5,1269,-223,-310,360,229,190,85
4,7,5209,5,1270,-345,-520,360,180,106,82
4,7,5210,5,1271,-238,-431,360,223,142,83
4,7,5211,5,1272,-310,168,360,194,381,93
4,7,5212,5,1273,-669,-6,360,50,312,90
4,7,5213,5,1274,-765,-25,360,12,304,90
4,7,5214,5,1275,-681,-659,360,46,51,79
4,7,5215,5,1276,-737,268,360,23,421,95
4,7,5216,5,1277,-748,227,360,19,405,94
4,7,5217,5,1278,-283,-380,360,205,162,84
4,7,5218,5,1279,-749,-245,360,18,216,86
4,7,5219,5,1280,-731,-221,360,25,225,87
4,7,5220,5,1281,-654,-496,360,56,116,82
4,7,5221,5,1282,-759,-498,360,14,115,82
4,7,5222,5,1283,-311,-476,360,194,123,83
4,7,5223,5,1284,-767,275,360,11,424,95
4,7,5224,5,1285,-537,-332,360,103,181,85
4,7,5225,5,1286,-276,156,360,208,376,93
4,7,5226,5,1287,-334,-294,360,185,196,86
4,7,5227,5,1288,-565,-181,360,92,242,87
4,7,5228,5,1289,-192,-47,360,241,295,90
4,7,5229,5,1290,-746,-30,360,20,302,90
4,7,5230,5,1291,-338,-581,360,183,82,81
4,7,5231,5,1292,-787,-26,360,3,304,90
4,7,5232,5,1293,-550,-293,360,98,197,86
4,7,5233,5,1294,-720,-54,360,30,292,90
4,7,5234,5,1295,-199,193,360,238,391,94
4,7,5235,5,1296,-590,-774,360,82,4,78
4,7,5236,5,1297,-400,-512,360,158,109,82
4,7,5237,5,1298,-727,-461,360,27,130,83
4,7,5238,5,1299,-420,-178,360,150,243,87
4,7,5239,5,1300,-448,274,360,139,424,95
4,7,5240,5,1301,-233,226,360,225,404,94
4,7,5241,5,1302,-517,4,360,111,316,90
4,7,5242,5,1303,-779,306,360,6,437,96
4,7,5243,5,1304,-637,-674,360,63,44,79
4,7,5244,5,1305,-654,-465,360,56,128,83
4,7,5245,5,1306,-591,-112,360,82,269,89
4,7,5246,5,1307,-664,153,360,52,375,93
4,7,5247,5,1308,-409,226,360,154,404,94
4,7,5248,5,1309,-311,-154,360,193,253,88
4,7,5249,5,1310,-415,-376,360,152,164,84
4,7,5250,5,1311,-586,-159,360,83,250,88
4,7,5251,5,1312,-225,-274,360,228,204,86
4,7,5252,5,1313,-212,-159,360,233,250,88
4,7,5253,5,1314,-693,-693,360,41,37,79
4,7,5254,5,1315,-560,294,360,94,432,95
4,7,5255,5,1316,-705,-505,360,36,112,82
4,7,5256,5,1317,-501,-566,360,118,87,81
4,7,5257,5,1318,-191,-312,360,242,189,85
4,7,5258,5,1319,-435,247,360,144,413,95
4,7,5259,5,1320,-252,221,360,217,402,94
4,7,5260,5,1321,-528,-652,360,107,53,80
4,7,5261,5,1322,-347,46,360,179,332,91
4,7,5262,5,1323,-666,283,360,52,427,95
4,7,5263,5,1324,-752,-724,360,17,24,78
4,7,5264,5,1325,-515,226,360,112,405,94
4,7,5265,5,1326,-468,-216,360,131,228,87
4,7,5266,5,1327,-424,15,360,149,320,91
4,7,5267,5,1328,-717,238,360,31,409,94
4,7,5268,5,1329,-208,250,360,235,414,95
4,7,5269,5,1330,-709,112,360,34,359,92
4,7,5270,5,1331,-733,26,360,25,325,91
4,7,5271,5,1332,-628,27,360,67,325,91
4,7,5272,5,1333,-330,-390,360,186,158,84
4,7,5273,5,1334,-779,-101,360,6,274,89
4,7,5274,5,1335,-213,-444,360,233,136,83
4,7,5275,5,1336,-219,232,360,230,407,94
4,7,5276,5,1337,-431,-446,360,146,136,83
4,7,5277,5,1338,-704,-130,360,36,262,88
4,7,5278,5,1339,-670,21,360,50,322,91
4,7,5279,5,1340,-470,-18,360,130,307,90
4,7,5280,5,1341,-756,-400,360,16,154,84
4,7,5281,5,1342,-626,-710,360,68,30,79
4,7,5282,5,1343,-477,-707,360,127,31,79
4,7,5283,5,1344,-563,219,360,93,402,94
4,7,5284,5,1345,-271,-4,360,210,312,90
4,7,5285,5,1346,-527,-174,360,107,244,88
4,7,5286,5,1347,-201,-320,360,238,186,85
4,7,5287,5,1348,-728,300,360,27,434,95
4,7,5288,5,1349,-768,96,360,11,352,92
4,7,5289,5,1350,-462,-626,360,133,64,80
4,7,5290,5,1351,-231,-553,360,226,93,81
4,7,5291,5,1352,-234,-491,360,224,118,82
4,7,5292,5,1353,-430,-548,360,146,95,81
4,7,5293,5,1354,-778,135,360,7,368,93
4,7,5294,5,1355,-476,-724,360,128,24,78
4,7,5295,5,1356,-209,177,360,235,385,93
4,7,5296,5,1357,-201,232,360,238,407,94
4,7,5297,5,1358,-545,-247,360,100,215,86
4,7,5298,5,1359,-692,177,360,41,385,93
4,7,5299,5,1360,-485,139,360,124,369,93
4,7,5300,5,1361,-353,-628,360,177,63,80
4,7,5301,5,1362,-472,-657,360,129,51,79
4,7,5302,5,1363,-544,228,360,101,405,94
4,7,5303,5,1364,-658,-698,360,55,35,79
4,7,5304,5,1365,-529,176,360,107,384,93
4,7,5305,5,1366,-749,-603,360,18,73,80
4,7,5306,5,1367,-644,-335,360,60,180,85
4,7,5307,5,1368,-607,262,360,75,419,95
4,7,5308,5,1369,-309,-643,360,195,57,80
4,7,5309,5,1370,-638,25,360,63,324,91
4,7,5310,5,1371,-426,-344,360,148,176,85
4,7,5311,5,1372,-707,-462,360,35,129,83
4,7,5312,5,1373,-440,-68,360,142,287,89
4,7,5313,5,1374,-264,-304,360,213,192,85
4,7,5314,5,1375,-196,250,360,240,414,95
4,7,5315,5,1376,-230,-461,360,226,130,83
4,7,5316,5,1377,-701,-562,360,38,89,81
4,7,5317,5,1378,-599,-28,360,78,303,90
4,7,5318,5,1379,-443,-377,360,141,163,84
4,7,5319,5,1380,-359,108,360,174,357,92
4,7,5320,5,1381,-627,-575,360,67,84,81
4,7,5321,5,1382,-753,63,360,17,339,91
4,7,5322,5,1383,-346,-717,360,180,27,79
4,7,5323,5,1384,-627,-596,360,67,76,81
4,7,5324,5,1385,-314,-756,360,193,11,78
4,7,5325,5,1386,-707,-478,360,35,123,82
4,7,5326,5,1387,-579,-702,360,86,33,79
4,7,5327,5,1388,-536,-741,360,104,18,78
4,7,5328,5,1389,-288,-654,360,203,52,80
4,7,5329,5,1390,-696,142,360,40,371,93
4,7,5330,5,1391,-334,-704,360,185,32,79
4,7,5331,5,1392,-700,286,360,38,428,95
4,7,5332,5,1393,-586,-641,360,83,58,80
4,7,5333,5,1394,-464,-47,360,133,295,90
4,7,5334,5,1395,-301,-388,360,198,159,84
4,7,5335,5,1396,-349,-568,360,178,87,81
4,7,5336,5,1397,-258,-382,360,215,161,84
4,7,5337,5,1398,-671,-420,360,50,146,83
4,7,5338,5,1399,-311,215,360,194,400,94
4,7,5339,5,1400,-624,-612,360,69,69,80
4,7,5340,5,1401,-185,299,360,244,434,95
4,7,5341,5,1402,-278,-669,360,207,47,79
4,7,5342,5,1403,-746,-81,360,19,281,89
4,7,5343,5,1404,-232,-540,360,225,98,81
4,7,5344,5,1405,-784,-132,360,4,261,88
4,7,5345,5,1406,-585,-286,360,84,200,86
4,7,5346,5,1407,-782,-259,360,5,210,86
4,7,5347,5,1408,-201,-225,360,237,224,87
4,7,5348,5,1409,-723,-133,360,29,261,88
4,7,5349,5,1410,-201,291,360,237,430,95
4,7,5350,5,1411,-574,-267,360,88,207,86
4,7,5351,5,1412,-664,-329,360,52,183,85
4,7,5352,5,1413,-435,-689,360,144,38,79
4,7,5353,5,1414,-261,-335,360,213,180,85
4,7,5354,5,1415,-192,178,360,241,385,93
4,7,5355,5,1416,-385,-295,360,164,196,86
4,7,5356,5,1417,-701,252,360,37,415,95
4,7,5357,5,1418,-781,-452,360,6,133,83
4,7,5358,5,1419,-637,-768,360,63,7,78
4,7,5359,5,1420,-215,-767,360,232,7,78
4,7,5360,6,1,-66,-758,360,59,11,97
4,7,5361,6,2,-69,-742,360,58,17,97
4,7,5362,6,3,-25,-752,360,76,13,97
4,7,5363,6,4,-34,-766,360,72,7,97
4,7,5364,6,5,-11,-757,360,82,11,97
4,7,5365,6,6,11,-757,360,90,11,97
4,7,5366,6,7,2,-756,360,87,12,97
4,7,5367,6,8,26,-768,360,97,7,97
4,7,5368,6,9,51,-745,360,106,16,97
4,7,5369,6,10,63,-752,360,111,13,97
4,7,5370,6,11,41,-748,360,102,15,97
4,7,5371,6,12,82,-781,360,119,1,97
4,7,5372,6,13,102,-768,360,127,7,97
4,7,5373,6,14,84,-777,360,120,3,97
4,7,5374,6,15,126,-777,360,136,3,97
4,7,5375,6,16,146,-778,360,144,3,97
4,7,5376,6,17,179,-755,360,158,12,97
4,7,5377,6,18,204,-779,360,168,3,97
4,7,5378,6,19,248,-753,360,185,13,97
4,7,5379,6,20,-132,-715,360,33,28,98
4,7,5380,6,21,-120,-713,360,38,29,98
4,7,5381,6,22,-54,-723,360,64,25,98
4,7,5382,6,23,-19,-719,360,78,26,98
4,7,5383,6,24,-24,-702,360,76,33,98
4,7,5384,6,25,18,-723,360,93,25,98
4,7,5385,6,26,60,-714,360,110,28,98
4,7,5386,6,27,46,-707,360,104,31,98
4,7,5387,6,28,36,-704,360,100,32,98
4,7,5388,6,29,101,-726,360,126,24,98
4,7,5389,6,30,83,-716,360,119,27,98
4,7,5390,6,31,145,-714,360,144,28,98
4,7,5391,6,32,134,-714,360,139,29,98
4,7,5392,6,33,159,-707,360,150,31,98
4,7,5393,6,34,173,-724,360,155,24,98
4,7,5394,6,35,212,-716,360,171,28,98
4,7,5395,6,36,258,-721,360,189,26,98
4,7,5396,6,37,335,-731,360,220,22,98
4,7,5397,6,38,316,-703,360,212,33,98
4,7,5398,6,39,342,-709,360,223,30,98
4,7,5399,6,40,327,-719,360,217,27,98
4,7,5400,6,41,-148,-675,360,27,44,99
4,7,5401,6,42,-148,-687,360,27,39,98
4,7,5402,6,43,-70,-673,360,58,45,99
4,7,5403,6,44,-25,-690,360,76,38,98
4,7,5404,6,45,-11,-681,360,82,42,98
4,7,5405,6,46,8,-689,360,89,39,98
4,7,5406,6,47,54,-690,360,108,38,98
4,7,5407,6,48,57,-681,360,109,42,98
4,7,5408,6,49,93,-684,360,123,40,98
4,7,5409,6,50,138,-673,360,141,45,99
4,7,5410,6,51,178,-680,360,157,42,98
4,7,5411,6,52,169,-668,360,154,47,99
4,7,5412,6,53,204,-668,360,168,47,99
4,7,5413,6,54,254,-681,360,188,42,98
4,7,5414,6,55,253,-670,360,187,46,99
4,7,5415,6,56,288,-686,360,201,40,98
4,7,5416,6,57,326,-670,360,216,46,99
4,7,5417,6,58,339,-691,360,222,38,98
4,7,5418,6,59,-187,-644,360,11,56,99
4,7,5419,6,60,-132,-663,360,33,49,99
4,7,5420,6,61,-121,-642,360,38,57,99
4,7,5421,6,62,-79,-652,360,54,53,99
4,7,5422,6,63,-78,-630,360,55,62,99
4,7,5423,6,64,-46,-637,360,68,59,99
4,7,5424,6,65,-32,-651,360,73,53,99
4,7,5425,6,66,-8,-628,360,83,63,99
4,7,5426,6,67,-13,-641,360,81,58,99
4,7,5427,6,68,11,-641,360,91,57,99
4,7,5428,6,69,41,-638,360,102,59,99
4,7,5429,6,70,51,-648,360,106,55,99
4,7,5430,6,71,71,-637,360,114,59,99
4,7,5431,6,72,120,-635,360,134,60,99
4,7,5432,6,73,196,-648,360,164,55,99
4,7,5433,6,74,198,-633,360,165,61,99
4,7,5434,6,75,240,-637,360,182,59,99
4,7,5435,6,76,260,-637,360,190,59,99
4,7,5436,6,77,318,-639,360,213,59,99
4,7,5437,6,78,-196,-601,360,8,74,100
4,7,5438,6,79,-186,-583,360,11,81,100
4,7,5439,6,80,-103,-595,360,45,76,100
4,7,5440,6,81,-117,-600,360,39,74,100
4,7,5441,6,82,-106,-608,360,44,71,100
4,7,5442,6,83,-56,-589,360,64,78,100
4,7,5443,6,84,-30,-591,360,74,78,100
4,7,5444,6,85,-34,-599,360,72,74,100
4,7,5445,6,86,-25,-618,360,76,67,99
4,7,5446,6,87,9,-618,360,90,67,99
4,7,5447,6,88,63,-605,360,111,72,100
4,7,5448,6,89,80,-591,360,118,77,100
4,7,5449,6,90,103,-612,360,127,69,100
4,7,5450,6,91,101,-600,360,126,74,100
4,7,5451,6,92,122,-591,360,135,78,100
4,7,5452,6,93,142,-595,360,143,76,100
4,7,5453,6,94,176,-593,360,156,77,100
4,7,5454,6,95,258,-597,360,189,75,100
4,7,5455,6,96,240,-611,360,182,69,100
4,7,5456,6,97,230,-588,360,178,79,100
4,7,5457,6,98,301,-603,360,206,73,100
4,7,5458,6,99,284,-607,360,200,71,100
4,7,5459,6,100,332,-602,360,219,73,100
4,7,5460,6,101,-183,-570,360,13,86,100
4,7,5461,6,102,-149,-558,360,26,91,100
4,7,5462,6,103,-166,-564,360,20,88,100
4,7,5463,6,104,-89,-575,360,50,84,100
4,7,5464,6,105,-89,-544,360,50,96,101
4,7,5465,6,106,-79,-554,360,54,93,101
4,7,5466,6,107,34,-542,360,100,97,101
4,7,5467,6,108,56,-556,360,108,91,101
4,7,5468,6,109,64,-550,360,112,94,101
4,7,5469,6,110,67,-566,360,113,88,100
4,7,5470,6,111,101,-571,360,126,86,100
4,7,5471,6,112,103,-548,360,127,95,101
4,7,5472,6,113,91,-569,360,123,86,100
4,7,5473,6,114,79,-545,360,118,96,101
4,7,5474,6,115,110,-561,360,130,90,100
4,7,5475,6,116,164,-564,360,152,88,100
4,7,5476,6,117,175,-551,360,156,94,101
4,7,5477,6,118,204,-563,360,168,89,100
4,7,5478,6,119,261,-563,360,191,89,100
4,7,5479,6,120,237,-569,360,181,86,100
4,7,5480,6,121,277,-560,360,197,90,100
4,7,5481,6,122,296,-552,360,204,93,101
4,7,5482,6,123,329,-567,360,217,87,100
4,7,5483,6,124,340,-557,360,222,91,101
4,7,5484,6,125,317,-555,360,213,92,101
4,7,5485,6,126,-206,-527,360,4,103,101
4,7,5486,6,127,-132,-501,360,33,114,101
4,7,5487,6,128,-162,-516,360,21,108,101
4,7,5488,6,129,-77,-512,360,55,109,101
4,7,5489,6,130,-65,-511,360,60,109,101
4,7,5490,6,131,-72,-531,360,57,102,101
4,7,5491,6,132,-36,-509,360,72,111,101
4,7,5492,6,133,20,-511,360,94,110,101
4,7,5493,6,134,8,-509,360,89,111,101
4,7,5494,6,135,8,-542,360,89,97,101
4,7,5495,6,136,24,-535,360,96,100,101
4,7,5496,6,137,44,-509,360,104,111,101
4,7,5497,6,138,56,-534,360,109,100,101
4,7,5498,6,139,58,-517,360,109,107,101
4,7,5499,6,140,75,-511,360,116,109,101
4,7,5500,6,141,41,-521,360,102,106,101
4,7,5501,6,142,86,-526,360,120,104,101
4,7,5502,6,143,103,-538,360,127,99,101
4,7,5503,6,144,134,-527,360,139,103,101
4,7,5504,6,145,141,-501,360,142,114,101
4,7,5505,6,146,168,-525,360,153,104,101
4,7,5506,6,147,160,-510,360,150,110,101
4,7,5507,6,148,217,-523,360,173,105,101
4,7,5508,6,149,193,-522,360,163,105,101
4,7,5509,6,150,252,-525,360,187,104,101
4,7,5510,6,151,239,-523,360,182,105,101
4,7,5511,6,152,229,-500,360,178,114,101
4,7,5512,6,153,284,-517,360,200,107,101
4,7,5513,6,154,281,-542,360,198,97,101
4,7,5514,6,155,306,-514,360,208,108,101
4,7,5515,6,156,346,-530,360,224,102,101
4,7,5516,6,157,395,-510,360,244,110,101
4,7,5517,6,158,-202,-475,360,5,124,102
4,7,5518,6,159,-184,-479,360,12,123,102
4,7,5519,6,160,-153,-482,360,25,121,102
4,7,5520,6,161,-165,-462,360,20,129,102
4,7,5521,6,162,-131,-490,360,34,118,102
4,7,5522,6,163,-106,-479,360,44,122,102
4,7,5523,6,164,-123,-476,360,37,124,102
4,7,5524,6,165,-41,-489,360,70,118,102
4,7,5525,6,166,2,-464,360,87,128,102
4,7,5526,6,167,-5,-484,360,84,120,102
4,7,5527,6,168,110,-470,360,130,126,102
4,7,5528,6,169,110,-481,360,130,122,102
4,7,5529,6,170,127,-472,360,137,125,102
4,7,5530,6,171,126,-486,360,136,120,102
4,7,5531,6,172,154,-496,360,148,116,102
4,7,5532,6,173,186,-486,360,161,120,102
4,7,5533,6,174,213,-476,360,171,124,102
4,7,5534,6,175,200,-475,360,166,124,102
4,7,5535,6,176,261,-490,360,190,118,102
4,7,5536,6,177,248,-473,360,185,125,102
4,7,5537,6,178,228,-485,360,177,120,102
4,7,5538,6,179,291,-487,360,202,119,102
4,7,5539,6,180,347,-493,360,225,117,102
4,7,5540,6,181,366,-501,360,232,114,101
4,7,5541,6,182,396,-495,360,244,116,102
4,7,5542,6,183,379,-485,360,238,120,102
4,7,5543,6,184,-198,-430,360,7,142,103
4,7,5544,6,185,-143,-440,360,29,138,102
4,7,5545,6,186,-162,-438,360,21,139,102
4,7,5546,6,187,-119,-433,360,38,141,103
4,7,5547,6,188,-90,-445,360,50,136,102
4,7,5548,6,189,-65,-435,360,60,140,103
4,7,5549,6,190,-43,-443,360,69,137,102
4,7,5550,6,191,-29,-447,360,74,135,102
4,7,5551,6,192,17,-433,360,93,141,103
4,7,5552,6,193,6,-438,360,88,139,102
4,7,5553,6,194,60,-438,360,110,139,102
4,7,5554,6,195,58,-420,360,109,146,103
4,7,5555,6,196,42,-424,360,103,144,103
4,7,5556,6,197,83,-442,360,119,137,102
4,7,5557,6,198,111,-455,360,130,132,102
4,7,5558,6,199,95,-431,360,124,141,103
4,7,5559,6,200,132,-433,360,139,141,103
4,7,5560,6,201,134,-441,360,140,138,102
4,7,5561,6,202,122,-445,360,135,136,102
4,7,5562,6,203,175,-442,360,156,137,102
4,7,5563,6,204,189,-427,360,162,143,103
4,7,5564,6,205,207,-449,360,169,134,102
4,7,5565,6,206,199,-447,360,166,135,102
4,7,5566,6,207,247,-437,360,185,139,103
4,7,5567,6,208,234,-443,360,180,137,102
4,7,5568,6,209,274,-425,360,196,144,103
4,7,5569,6,210,295,-439,360,204,138,102
4,7,5570,6,211,-184,-404,360,12,152,103
4,7,5571,6,212,-182,-388,360,13,159,103
4,7,5572,6,213,-139,-395,360,31,156,103
4,7,5573,6,214,-169,-391,360,18,158,103
4,7,5574,6,215,-129,-415,360,34,148,103
4,7,5575,6,216,-94,-404,360,48,153,103
4,7,5576,6,217,-110,-399,360,42,155,103
4,7,5577,6,218,-75,-393,360,56,157,103
4,7,5578,6,219,-67,-408,360,59,151,103
4,7,5579,6,220,-43,-402,360,69,153,103
4,7,5580,6,221,13,-387,360,91,159,103
4,7,5581,6,222,15,-401,360,92,154,103
4,7,5582,6,223,26,-382,360,96,161,103
4,7,5583,6,224,5,-402,360,88,153,103
4,7,5584,6,225,45,-401,360,104,153,103
4,7,5585,6,226,89,-406,360,122,151,103
4,7,5586,6,227,83,-396,360,119,156,103
4,7,5587,6,228,122,-401,360,135,154,103
4,7,5588,6,229,139,-404,360,142,152,103
4,7,5589,6,230,154,-421,360,148,146,103
4,7,5590,6,231,140,-424,360,142,144,103
4,7,5591,6,232,163,-392,360,151,157,103
4,7,5592,6,233,178,-405,360,157,152,103
4,7,5593,6,234,206,-399,360,168,155,103
4,7,5594,6,235,257,-401,360,189,153,103
4,7,5595,6,236,237,-414,360,181,148,103
4,7,5596,6,237,246,-400,360,184,154,103
4,7,5597,6,238,287,-376,360,201,163,104
4,7,5598,6,239,280,-410,360,198,150,103
4,7,5599,6,240,308,-403,360,209,153,103
4,7,5600,6,241,340,-409,360,222,151,103
4,7,5601,6,242,322,-410,360,215,150,103
4,7,5602,6,243,346,-388,360,224,159,103
4,7,5603,6,244,-153,-363,360,25,169,104
4,7,5604,6,245,-157,-374,360,23,164,104
4,7,5605,6,246,-141,-353,360,30,173,104
4,7,5606,6,247,-118,-341,360,39,177,104
4,7,5607,6,248,-105,-352,360,44,173,104
4,7,5608,6,249,-65,-367,360,60,167,104
4,7,5609,6,250,-73,-350,360,57,174,104
4,7,5610,6,251,-57,-363,360,63,169,104
4,7,5611,6,252,3,-358,360,87,171,104
4,7,5612,6,253,15,-370,360,92,166,104
4,7,5613,6,254,57,-361,360,109,170,104
4,7,5614,6,255,35,-345,360,100,176,104
4,7,5615,6,256,49,-340,360,106,178,104
4,7,5616,6,257,89,-347,360,121,175,104
4,7,5617,6,258,94,-357,360,123,171,104
4,7,5618,6,259,71,-339,360,115,179,104
4,7,5619,6,260,111,-357,360,131,171,104
4,7,5620,6,261,163,-374,360,151,165,104
4,7,5621,6,262,193,-380,360,163,162,103
4,7,5622,6,263,163,-364,360,151,168,104
4,7,5623,6,264,215,-372,360,172,165,104
4,7,5624,6,265,200,-365,360,166,168,104
4,7,5625,6,266,226,-382,360,176,161,103
4,7,5626,6,267,252,-365,360,187,168,104
4,7,5627,6,268,240,-362,360,182,169,104
4,7,5628,6,269,251,-351,360,186,174,104
4,7,5629,6,270,310,-378,360,210,163,103
4,7,5630,6,271,276,-342,360,196,177,104
4,7,5631,6,272,333,-365,360,219,168,104
4,7,5632,6,273,318,-362,360,213,169,104
4,7,5633,6,274,332,-349,360,219,174,104
4,7,5634,6,275,-183,-310,360,13,190,105
4,7,5635,6,276,-199,-320,360,6,186,104
4,7,5636,6,277,-143,-322,360,29,185,104
4,7,5637,6,278,-116,-321,360,40,186,104
4,7,5638,6,279,-71,-312,360,58,189,105
4,7,5639,6,280,-66,-330,360,60,182,104
4,7,5640,6,281,-21,-320,360,78,186,104
4,7,5641,6,282,0,-324,360,86,185,104
4,7,5642,6,283,22,-324,360,95,184,104
4,7,5643,6,284,10,-313,360,90,189,105
4,7,5644,6,285,59,-310,360,110,190,105
4,7,5645,6,286,45,-315,360,104,188,105
4,7,5646,6,287,30,-316,360,98,188,105
4,7,5647,6,288,40,-302,360,102,193,105
4,7,5648,6,289,74,-322,360,116,185,104
4,7,5649,6,290,97,-316,360,125,188,105
4,7,5650,6,291,98,-300,360,125,194,105
4,7,5651,6,292,85,-323,360,120,185,104
4,7,5652,6,293,81,-308,360,118,191,105
4,7,5653,6,294,129,-328,360,137,183,104
4,7,5654,6,295,162,-318,360,151,187,104
4,7,5655,6,296,224,-320,360,175,186,104
4,7,5656,6,297,198,-303,360,165,193,105
4,7,5657,6,298,252,-329,360,187,182,104
4,7,5658,6,299,246,-312,360,184,189,105
4,7,5659,6,300,285,-316,360,200,188,105
4,7,5660,6,301,306,-315,360,208,188,105
4,7,5661,6,302,306,-332,360,208,181,104
4,7,5662,6,303,330,-325,360,218,184,104
4,7,5663,6,304,336,-317,360,221,187,104
4,7,5664,6,305,349,-334,360,225,180,104
4,7,5665,6,306,-194,-266,360,8,208,105
4,7,5666,6,307,-104,-279,360,45,202,105
4,7,5667,6,308,-112,-268,360,41,207,105
4,7,5668,6,309,-72,-293,360,57,197,105
4,7,5669,6,310,-27,-292,360,75,197,105
4,7,5670,6,311,-32,-276,360,73,203,105
4,7,5671,6,312,17,-300,360,93,194,105
4,7,5672,6,313,25,-283,360,96,201,105
4,7,5673,6,314,-11,-303,360,82,193,105
4,7,5674,6,315,-10,-281,360,82,202,105
4,7,5675,6,316,4,-287,360,87,199,105
4,7,5676,6,317,51,-275,360,107,204,105
4,7,5677,6,318,100,-286,360,126,200,105
4,7,5678,6,319,86,-286,360,121,200,105
4,7,5679,6,320,125,-279,360,136,203,105
4,7,5680,6,321,129,-296,360,138,195,105
4,7,5681,6,322,169,-272,360,154,205,105
4,7,5682,6,323,162,-282,360,151,201,105
4,7,5683,6,324,153,-288,360,147,199,105
4,7,5684,6,325,217,-265,360,173,208,105
4,7,5685,6,326,218,-278,360,173,203,105
4,7,5686,6,327,195,-277,360,164,203,105
4,7,5687,6,328,250,-287,360,186,199,105
4,7,5688,6,329,235,-270,360,180,206,105
4,7,5689,6,330,249,-268,360,186,207,105
4,7,5690,6,331,230,-286,360,178,200,105
4,7,5691,6,332,283,-274,360,199,205,105
4,7,5692,6,333,273,-299,360,195,194,105
4,7,5693,6,334,339,-303,360,222,193,105
4,7,5694,6,335,370,-298,360,234,195,105
4,7,5695,6,336,-194,-243,360,8,217,106
4,7,5696,6,337,-143,-250,360,29,214,106
4,7,5697,6,338,-144,-228,360,28,223,106
4,7,5698,6,339,-168,-257,360,19,211,105
4,7,5699,6,340,-156,-235,360,23,220,106
4,7,5700,6,341,-116,-254,360,40,213,106
4,7,5701,6,342,-103,-254,360,45,212,106
4,7,5702,6,343,-125,-242,360,36,217,106
4,7,5703,6,344,-65,-239,360,60,218,106
4,7,5704,6,345,-41,-249,360,69,214,106
4,7,5705,6,346,27,-231,360,97,221,106
4,7,5706,6,347,3,-235,360,87,220,106
4,7,5707,6,348,50,-229,360,106,222,106
4,7,5708,6,349,57,-244,360,109,216,106
4,7,5709,6,350,95,-238,360,124,219,106
4,7,5710,6,351,84,-225,360,120,224,106
4,7,5711,6,352,96,-254,360,124,212,106
4,7,5712,6,353,133,-230,360,139,222,106
4,7,5713,6,354,111,-219,360,130,226,106
4,7,5714,6,355,158,-227,360,149,223,106
4,7,5715,6,356,161,-239,360,150,218,106
4,7,5716,6,357,172,-225,360,155,224,106
4,7,5717,6,358,216,-250,360,172,214,106
4,7,5718,6,359,199,-230,360,166,222,106
4,7,5719,6,360,197,-250,360,165,214,106
4,7,5720,6,361,244,-247,360,184,215,106
4,7,5721,6,362,242,-225,360,183,224,106
4,7,5722,6,363,227,-222,360,177,225,106
4,7,5723,6,364,262,-255,360,191,212,106
4,7,5724,6,365,279,-259,360,197,211,105
4,7,5725,6,366,294,-219,360,204,226,106
4,7,5726,6,367,389,-253,360,241,213,106
4,7,5727,6,368,-181,-191,360,14,238,107
4,7,5728,6,369,-197,-208,360,7,231,106
4,7,5729,6,370,-143,-191,360,29,238,107
4,7,5730,6,371,-156,-186,360,24,240,107
4,7,5731,6,372,-166,-200,360,20,234,106
4,7,5732,6,373,-108,-181,360,43,242,107
4,7,5733,6,374,-23,-214,360,77,228,106
4,7,5734,6,375,-17,-190,360,79,238,107
4,7,5735,6,376,32,-191,360,99,238,107
4,7,5736,6,377,89,-212,360,122,229,106
4,7,5737,6,378,98,-208,360,125,231,106
4,7,5738,6,379,77,-209,360,117,230,106
4,7,5739,6,380,82,-196,360,119,236,107
4,7,5740,6,381,127,-191,360,137,238,107
4,7,5741,6,382,131,-204,360,139,232,106
4,7,5742,6,383,160,-210,360,150,230,106
4,7,5743,6,384,211,-197,360,171,235,106
4,7,5744,6,385,216,-183,360,172,241,107
4,7,5745,6,386,210,-211,360,170,229,106
4,7,5746,6,387,258,-201,360,189,234,106
4,7,5747,6,388,251,-191,360,186,238,107
4,7,5748,6,389,236,-205,360,180,232,106
4,7,5749,6,390,236,-185,360,180,240,107
4,7,5750,6,391,278,-193,360,197,237,107
4,7,5751,6,392,285,-204,360,200,233,106
4,7,5752,6,393,270,-202,360,194,233,106
4,7,5753,6,394,332,-190,360,219,238,107
4,7,5754,6,395,-182,-170,360,13,246,107
4,7,5755,6,396,-195,-139,360,8,258,107
4,7,5756,6,397,-190,-153,360,10,253,107
4,7,5757,6,398,-143,-164,360,29,249,107
4,7,5758,6,399,-167,-150,360,19,254,107
4,7,5759,6,400,-149,-145,360,26,256,107
4,7,5760,6,401,-106,-163,360,43,249,107
4,7,5761,6,402,-88,-140,360,51,258,107
4,7,5762,6,403,-82,-167,360,53,247,107
4,7,5763,6,404,-38,-168,360,71,247,107
4,7,5764,6,405,14,-161,360,92,250,107
4,7,5765,6,406,5,-167,360,88,247,107
4,7,5766,6,407,32,-149,360,99,255,107
4,7,5767,6,408,99,-146,360,126,256,107
4,7,5768,6,409,86,-172,360,120,245,107
4,7,5769,6,410,139,-154,360,142,252,107
4,7,5770,6,411,127,-170,360,137,246,107
4,7,5771,6,412,123,-143,360,135,257,107
4,7,5772,6,413,177,-156,360,157,252,107
4,7,5773,6,414,155,-182,360,148,241,107
4,7,5774,6,415,220,-158,360,174,251,107
4,7,5775,6,416,188,-170,360,161,246,107
4,7,5776,6,417,258,-154,360,189,252,107
4,7,5777,6,418,298,-149,360,205,254,107
4,7,5778,6,419,340,-145,360,222,256,107
4,7,5779,6,420,330,-161,360,218,250,107
4,7,5780,6,421,395,-141,360,244,257,107
4,7,5781,6,422,381,-162,360,238,249,107
4,7,5782,6,423,-180,-122,360,14,265,108
4,7,5783,6,424,-199,-109,360,7,270,108
4,7,5784,6,425,-155,-120,360,24,266,108
4,7,5785,6,426,-163,-131,360,21,262,108
4,7,5786,6,427,-144,-112,360,29,269,108
4,7,5787,6,428,-98,-105,360,47,272,108
4,7,5788,6,429,-109,-129,360,42,263,108
4,7,5789,6,430,-119,-105,360,38,272,108
4,7,5790,6,431,-71,-118,360,58,267,108
4,7,5791,6,432,-59,-126,360,62,263,108
4,7,5792,6,433,-28,-131,360,75,262,108
4,7,5793,6,434,-42,-128,360,69,263,108
4,7,5794,6,435,18,-131,360,93,262,108
4,7,5795,6,436,6,-128,360,88,263,108
4,7,5796,6,437,45,-129,360,104,263,108
4,7,5797,6,438,56,-135,360,109,260,108
4,7,5798,6,439,50,-116,360,106,268,108
4,7,5799,6,440,69,-124,360,114,264,108
4,7,5800,6,441,85,-129,360,120,262,108
4,7,5801,6,442,81,-108,360,119,271,108
4,7,5802,6,443,98,-129,360,125,262,108
4,7,5803,6,444,114,-125,360,132,264,108
4,7,5804,6,445,142,-127,360,143,263,108
4,7,5805,6,446,137,-117,360,141,267,108
4,7,5806,6,447,122,-117,360,135,267,108
4,7,5807,6,448,167,-107,360,153,271,108
4,7,5808,6,449,156,-129,360,148,262,108
4,7,5809,6,450,152,-107,360,147,271,108
4,7,5810,6,451,261,-115,360,190,268,108
4,7,5811,6,452,293,-121,360,203,266,108
4,7,5812,6,453,321,-125,360,214,264,108
4,7,5813,6,454,328,-107,360,217,271,108
4,7,5814,6,455,396,-103,360,244,273,108
4,7,5815,6,456,-183,-85,360,13,280,108
4,7,5816,6,457,-192,-84,360,9,281,108
4,7,5817,6,458,-194,-69,360,8,286,109
4,7,5818,6,459,-179,-64,360,14,288,109
4,7,5819,6,460,-155,-87,360,24,279,108
4,7,5820,6,461,-166,-78,360,20,283,108
4,7,5821,6,462,-132,-72,360,33,285,109
4,7,5822,6,463,-149,-70,360,26,286,109
4,7,5823,6,464,-122,-79,360,37,282,108
4,7,5824,6,465,-107,-78,360,43,283,108
4,7,5825,6,466,-61,-87,360,62,279,108
4,7,5826,6,467,-70,-79,360,58,282,108
4,7,5827,6,468,-28,-91,360,75,278,108
4,7,5828,6,469,-43,-88,360,69,279,108
4,7,5829,6,470,1,-78,360,87,283,108
4,7,5830,6,471,11,-77,360,90,283,108
4,7,5831,6,472,13,-91,360,91,278,108
4,7,5832,6,473,2,-69,360,87,286,109
4,7,5833,6,474,47,-91,360,105,277,108
4,7,5834,6,475,46,-77,360,104,283,108
4,7,5835,6,476,46,-64,360,104,288,109
4,7,5836,6,477,79,-88,360,118,279,108
4,7,5837,6,478,71,-80,360,114,282,108
4,7,5838,6,479,129,-86,360,138,279,108
4,7,5839,6,480,140,-84,360,142,281,108
4,7,5840,6,481,134,-101,360,140,274,108
4,7,5841,6,482,176,-84,360,157,281,108
4,7,5842,6,483,176,-96,360,157,276,108
4,7,5843,6,484,201,-99,360,166,274,108
4,7,5844,6,485,223,-72,360,175,285,109
4,7,5845,6,486,203,-75,360,167,284,109
4,7,5846,6,487,225,-99,360,176,275,108
4,7,5847,6,488,256,-92,360,188,277,108
4,7,5848,6,489,302,-87,360,207,279,108
4,7,5849,6,490,294,-78,360,204,283,108
4,7,5850,6,491,-183,-36,360,13,300,109
4,7,5851,6,492,-205,-26,360,4,304,109
4,7,5852,6,493,-191,-49,360,9,295,109
4,7,5853,6,494,-169,-31,360,18,301,109
4,7,5854,6,495,-137,-31,360,31,302,109
4,7,5855,6,496,-148,-46,360,27,296,109
4,7,5856,6,497,-101,-35,360,46,300,109
4,7,5857,6,498,-120,-33,360,38,301,109
4,7,5858,6,499,-108,-16,360,43,308,109
4,7,5859,6,500,-80,-33,360,54,301,109
4,7,5860,6,501,-38,-40,360,71,298,109
4,7,5861,6,502,-25,-36,360,76,300,109
4,7,5862,6,503,-43,-29,360,69,302,109
4,7,5863,6,504,4,-42,360,87,297,109
4,7,5864,6,505,27,-53,360,97,293,109
4,7,5865,6,506,39,-52,360,102,293,109
4,7,5866,6,507,38,-36,360,101,300,109
4,7,5867,6,508,100,-31,360,126,301,109
4,7,5868,6,509,83,-45,360,119,296,109
4,7,5869,6,510,137,-29,360,141,302,109
4,7,5870,6,511,174,-36,360,156,300,109
4,7,5871,6,512,181,-46,360,158,296,109
4,7,5872,6,513,212,-34,360,171,300,109
4,7,5873,6,514,218,-55,360,173,292,109
4,7,5874,6,515,260,-38,360,190,299,109
4,7,5875,6,516,233,-40,360,179,298,109
4,7,5876,6,517,290,-31,360,202,302,109
4,7,5877,6,518,300,-21,360,206,306,109
4,7,5878,6,519,282,-53,360,199,293,109
4,7,5879,6,520,300,-50,360,206,294,109
4,7,5880,6,521,339,-46,360,222,296,109
4,7,5881,6,522,-190,4,360,10,316,110
4,7,5882,6,523,-198,15,360,7,320,110
4,7,5883,6,524,-185,13,360,12,319,110
4,7,5884,6,525,-159,2,360,23,315,110
4,7,5885,6,526,-151,0,360,26,314,110
4,7,5886,6,527,-120,7,360,38,317,110
4,7,5887,6,528,-120,-3,360,38,313,110
4,7,5888,6,529,-43,4,360,69,315,110
4,7,5889,6,530,-31,7,360,74,317,110
4,7,5890,6,531,4,-10,360,88,310,110
4,7,5891,6,532,62,-8,360,111,311,110
4,7,5892,6,533,46,-3,360,104,313,110
4,7,5893,6,534,34,11,360,99,318,110
4,7,5894,6,535,80,8,360,118,317,110
4,7,5895,6,536,90,1,360,122,315,110
4,7,5896,6,537,128,-8,360,137,311,110
4,7,5897,6,538,131,6,360,138,317,110
4,7,5898,6,539,162,-12,360,151,309,110
4,7,5899,6,540,172,3,360,155,315,110
4,7,5900,6,541,215,-2,360,172,313,110
4,7,5901,6,542,231,-3,360,179,313,110
4,7,5902,6,543,197,7,360,165,317,110
4,7,5903,6,544,204,-13,360,167,309,110
4,7,5904,6,545,215,18,360,172,321,110
4,7,5905,6,546,243,-3,360,183,313,110
4,7,5906,6,547,255,2,360,188,315,110
4,7,5907,6,548,292,8,360,203,317,110
4,7,5908,6,549,301,-11,360,206,310,110
4,7,5909,6,550,289,-8,360,201,311,110
4,7,5910,6,551,317,8,360,213,317,110
4,7,5911,6,552,334,-5,360,220,312,110
4,7,5912,6,553,327,-17,360,217,307,109
4,7,5913,6,554,336,17,360,220,321,110
4,7,5914,6,555,388,0,360,241,314,110
4,7,5915,6,556,397,0,360,245,314,110
4,7,5916,6,557,-199,48,360,6,333,111
4,7,5917,6,558,-178,42,360,15,331,110
4,7,5918,6,559,-204,23,360,4,323,110
4,7,5919,6,560,-140,46,360,30,332,111
4,7,5920,6,561,-161,33,360,21,327,110
4,7,5921,6,562,-155,45,360,24,332,111
4,7,5922,6,563,-122,32,360,37,327,110
4,7,5923,6,564,-114,25,360,40,324,110
4,7,5924,6,565,-85,31,360,52,326,110
4,7,5925,6,566,-25,34,360,76,328,110
4,7,5926,6,567,-40,41,360,70,330,110
4,7,5927,6,568,-17,46,360,79,332,111
4,7,5928,6,569,1,26,360,86,325,110
4,7,5929,6,570,52,20,360,107,322,110
4,7,5930,6,571,99,58,360,126,337,111
4,7,5931,6,572,92,37,360,123,329,110
4,7,5932,6,573,130,47,360,138,333,111
4,7,5933,6,574,125,64,360,136,340,111
4,7,5934,6,575,179,36,360,158,328,110
4,7,5935,6,576,174,22,360,156,323,110
4,7,5936,6,577,169,62,360,154,339,111
4,7,5937,6,578,220,50,360,174,334,111
4,7,5938,6,579,205,52,360,168,335,111
4,7,5939,6,580,192,37,360,163,329,110
4,7,5940,6,581,252,39,360,187,330,110
4,7,5941,6,582,334,43,360,219,331,110
4,7,5942,6,583,336,31,360,221,326,110
4,7,5943,6,584,353,33,360,227,327,110
4,7,5944,6,585,397,53,360,245,335,111
4,7,5945,6,586,-181,67,360,14,341,111
4,7,5946,6,587,-206,73,360,4,343,111
4,7,5947,6,588,-196,76,360,7,344,111
4,7,5948,6,589,-160,90,360,22,350,111
4,7,5949,6,590,-148,77,360,27,345,111
4,7,5950,6,591,-145,85,360,28,348,111
4,7,5951,6,592,-115,72,360,40,343,111
4,7,5952,6,593,-127,89,360,35,350,111
4,7,5953,6,594,-114,60,360,40,338,111
4,7,5954,6,595,-132,64,360,33,340,111
4,7,5955,6,596,-98,83,360,47,347,111
4,7,5956,6,597,-68,80,360,59,346,111
4,7,5957,6,598,-81,72,360,53,343,111
4,7,5958,6,599,10,89,360,90,350,111
4,7,5959,6,600,-12,86,360,81,348,111
4,7,5960,6,601,47,79,360,105,345,111
4,7,5961,6,602,29,92,360,97,351,111
4,7,5962,6,603,106,76,360,128,344,111
4,7,5963,6,604,139,85,360,142,348,111
4,7,5964,6,605,119,78,360,133,345,111
4,7,5965,6,606,132,76,360,139,344,111
4,7,5966,6,607,182,89,360,159,350,111
4,7,5967,6,608,211,95,360,171,352,111
4,7,5968,6,609,209,69,360,169,342,111
4,7,5969,6,610,197,91,360,165,351,111
4,7,5970,6,611,195,75,360,164,344,111
4,7,5971,6,612,246,81,360,184,346,111
4,7,5972,6,613,242,96,360,183,353,111
4,7,5973,6,614,255,68,360,188,341,111
4,7,5974,6,615,230,86,360,178,349,111
4,7,5975,6,616,295,83,360,204,347,111
4,7,5976,6,617,270,80,360,194,346,111
4,7,5977,6,618,269,101,360,193,354,111
4,7,5978,6,619,328,90,360,217,350,111
4,7,5979,6,620,385,72,360,240,343,111
4,7,5980,6,621,-181,127,360,14,365,112
4,7,5981,6,622,-194,106,360,8,356,112
4,7,5982,6,623,-205,99,360,4,354,111
4,7,5983,6,624,-182,116,360,13,360,112
4,7,5984,6,625,-184,104,360,12,356,111
4,7,5985,6,626,-164,120,360,20,362,112
4,7,5986,6,627,-141,105,360,30,356,111
4,7,5987,6,628,-120,104,360,38,356,111
4,7,5988,6,629,-108,104,360,43,355,111
4,7,5989,6,630,-128,112,360,35,359,112
4,7,5990,6,631,-78,125,360,55,364,112
4,7,5991,6,632,-60,114,360,62,359,112
4,7,5992,6,633,-48,110,360,67,358,112
4,7,5993,6,634,-22,121,360,77,362,112
4,7,5994,6,635,-44,130,360,68,366,112
4,7,5995,6,636,11,122,360,90,363,112
4,7,5996,6,637,-6,121,360,84,362,112
4,7,5997,6,638,50,116,360,106,361,112
4,7,5998,6,639,37,140,360,101,370,112
4,7,5999,6,640,132,130,360,139,366,112
4,7,6000,6,641,184,135,360,160,368,112
4,7,6001,6,642,168,132,360,153,367,112
4,7,6002,6,643,218,132,360,173,367,112
4,7,6003,6,644,210,119,360,170,362,112
4,7,6004,6,645,247,109,360,185,358,112
4,7,6005,6,646,236,129,360,180,366,112
4,7,6006,6,647,257,139,360,189,369,112
4,7,6007,6,648,294,120,360,203,362,112
4,7,6008,6,649,282,128,360,199,365,112
4,7,6009,6,650,328,120,360,217,362,112
4,7,6010,6,651,314,123,360,212,363,112
4,7,6011,6,652,347,115,360,225,360,112
4,7,6012,6,653,-192,155,360,9,376,112
4,7,6013,6,654,-188,166,360,11,380,113
4,7,6014,6,655,-145,176,360,28,384,113
4,7,6015,6,656,-97,160,360,47,378,112
4,7,6016,6,657,-107,150,360,43,374,112
4,7,6017,6,658,-75,170,360,56,382,113
4,7,6018,6,659,20,164,360,94,380,112
4,7,6019,6,660,-1,160,360,86,378,112
4,7,6020,6,661,62,169,360,111,382,113
4,7,6021,6,662,61,152,360,111,375,112
4,7,6022,6,663,40,153,360,102,375,112
4,7,6023,6,664,91,163,360,122,379,112
4,7,6024,6,665,74,160,360,115,378,112
4,7,6025,6,666,130,158,360,138,377,112
4,7,6026,6,667,133,149,360,139,374,112
4,7,6027,6,668,138,175,360,141,384,113
4,7,6028,6,669,176,168,360,156,381,113
4,7,6029,6,670,162,160,360,151,378,112
4,7,6030,6,671,216,171,360,172,382,113
4,7,6031,6,672,242,148,360,183,373,112
4,7,6032,6,673,262,151,360,191,374,112
4,7,6033,6,674,280,159,360,198,378,112
4,7,6034,6,675,332,173,360,219,383,113
4,7,6035,6,676,334,153,360,220,375,112
4,7,6036,6,677,313,150,360,211,374,112
4,7,6037,6,678,352,153,360,227,375,112
4,7,6038,6,679,372,148,360,235,373,112
4,7,6039,6,680,-204,196,360,4,392,113
4,7,6040,6,681,-182,206,360,13,396,113
4,7,6041,6,682,-192,192,360,9,391,113
4,7,6042,6,683,-147,192,360,27,391,113
4,7,6043,6,684,-158,198,360,23,393,113
4,7,6044,6,685,-101,192,360,46,391,113
4,7,6045,6,686,-105,177,360,44,385,113
4,7,6046,6,687,-58,207,360,63,397,113
4,7,6047,6,688,-77,200,360,55,394,113
4,7,6048,6,689,-52,222,360,65,403,113
4,7,6049,6,690,-43,195,360,69,392,113
4,7,6050,6,691,-22,188,360,77,389,113
4,7,6051,6,692,10,205,360,90,396,113
4,7,6052,6,693,71,197,360,114,393,113
4,7,6053,6,694,87,194,360,121,392,113
4,7,6054,6,695,103,188,360,127,389,113
4,7,6055,6,696,102,206,360,127,397,113
4,7,6056,6,697,125,199,360,136,394,113
4,7,6057,6,698,125,188,360,136,389,113
4,7,6058,6,699,123,210,360,135,398,113
4,7,6059,6,700,156,194,360,149,392,113
4,7,6060,6,701,243,207,360,183,397,113
4,7,6061,6,702,259,194,360,190,392,113
4,7,6062,6,703,275,195,360,196,392,113
4,7,6063,6,704,285,205,360,200,396,113
4,7,6064,6,705,337,194,360,221,392,113
4,7,6065,6,706,-185,244,360,12,411,114
4,7,6066,6,707,-199,243,360,6,411,114
4,7,6067,6,708,-148,250,360,27,414,114
4,7,6068,6,709,-91,242,360,50,411,114
4,7,6069,6,710,-100,218,360,46,401,113
4,7,6070,6,711,-114,221,360,40,402,113
4,7,6071,6,712,-86,219,360,52,402,113
4,7,6072,6,713,-74,234,360,56,408,114
4,7,6073,6,714,-58,236,360,63,408,114
4,7,6074,6,715,-75,246,360,56,412,114
4,7,6075,6,716,-27,252,360,75,415,114
4,7,6076,6,717,18,232,360,93,407,114
4,7,6077,6,718,59,234,360,110,408,114
4,7,6078,6,719,38,255,360,101,416,114
4,7,6079,6,720,50,247,360,106,413,114
4,7,6080,6,721,76,254,360,116,416,114
4,7,6081,6,722,94,229,360,124,406,114
4,7,6082,6,723,144,244,360,144,411,114
4,7,6083,6,724,114,232,360,131,407,114
4,7,6084,6,725,156,231,360,148,406,114
4,7,6085,6,726,158,241,360,149,411,114
4,7,6086,6,727,178,247,360,157,413,114
4,7,6087,6,728,214,246,360,172,412,114
4,7,6088,6,729,200,229,360,166,406,114
4,7,6089,6,730,247,238,360,185,409,114
4,7,6090,6,731,264,218,360,192,401,113
4,7,6091,6,732,230,221,360,178,403,113
4,7,6092,6,733,256,218,360,188,401,113
4,7,6093,6,734,289,235,360,201,408,114
4,7,6094,6,735,336,228,360,221,405,114
4,7,6095,6,736,394,246,360,244,412,114
4,7,6096,6,737,-203,268,360,5,421,114
4,7,6097,6,738,-177,262,360,15,419,114
4,7,6098,6,739,-116,263,360,40,419,114
4,7,6099,6,740,-63,275,360,61,424,114
4,7,6100,6,741,-63,297,360,61,433,115
4,7,6101,6,742,59,264,360,110,420,114
4,7,6102,6,743,91,279,360,122,426,114
4,7,6103,6,744,241,273,360,182,423,114
4,7,6104,6,745,278,280,360,197,426,114
4,7,6105,6,746,-200,306,360,6,436,115
4,7,6106,6,747,-171,274,360,17,423,114
4,7,6107,6,748,-107,308,360,43,437,115
4,7,6108,6,749,-71,306,360,58,437,115
4,7,6109,6,750,-30,297,360,74,433,115
4,7,6110,6,751,148,303,360,145,435,115
4,7,6111,6,752,189,295,360,162,432,115
4,7,6112,6,753,328,308,360,217,437,115
4,7,6113,6,754,355,-502,360,228,113,101
4,7,6114,6,755,-46,265,360,67,420,114
4,7,6115,6,756,356,-627,360,228,63,99
4,7,6116,6,757,352,-216,360,227,228,106
4,7,6117,6,758,194,-417,360,164,147,103
4,7,6118,6,759,261,-701,360,190,34,98
4,7,6119,6,760,381,214,360,238,399,113
4,7,6120,6,761,229,-699,360,178,34,98
4,7,6121,6,762,150,-542,360,146,97,101
4,7,6122,6,763,115,221,360,132,402,113
4,7,6123,6,764,266,294,360,192,431,115
4,7,6124,6,765,-8,-695,360,83,36,98
4,7,6125,6,766,377,-21,360,237,305,109
4,7,6126,6,767,32,293,360,99,431,115
4,7,6127,6,768,231,261,360,178,418,114
4,7,6128,6,769,71,-661,360,114,50,99
4,7,6129,6,770,361,59,360,230,337,111
4,7,6130,6,771,364,-98,360,232,275,108
4,7,6131,6,772,-47,-183,360,67,241,107
4,7,6132,6,773,149,292,360,146,431,115
4,7,6133,6,774,275,-177,360,196,243,107
4,7,6134,6,775,149,-223,360,146,225,106
4,7,6135,6,776,227,183,360,177,387,113
4,7,6136,6,777,386,-96,360,240,275,108
4,7,6137,6,778,183,286,360,159,428,114
4,7,6138,6,779,-44,-260,360,68,210,105
4,7,6139,6,780,378,288,360,237,429,115
4,7,6140,6,781,-173,-215,360,17,228,106
4,7,6141,6,782,228,299,360,177,434,115
4,7,6142,6,783,302,99,360,207,353,111
4,7,6143,6,784,371,-697,360,234,35,98
4,7,6144,6,785,377,-141,360,237,258,107
4,7,6145,6,786,-11,-176,360,82,244,107
4,7,6146,6,787,311,293,360,210,431,115
4,7,6147,6,788,-85,-300,360,52,194,105
4,7,6148,6,789,-175,57,360,16,337,111
4,7,6149,6,790,347,102,360,225,355,111
4,7,6150,6,791,-8,-705,360,83,32,98
4,7,6151,6,792,-54,-95,360,64,276,108
4,7,6152,6,793,150,-299,360,146,194,105
4,7,6153,6,794,360,278,360,230,425,114
4,7,6154,6,795,-175,-17,360,16,307,109
4,7,6155,6,796,389,-305,360,241,192,105
4,7,6156,6,797,360,18,360,230,321,110
4,7,6157,6,798,103,-335,360,127,180,104
4,7,6158,6,799,269,21,360,194,322,110
4,7,6159,6,800,196,140,360,164,370,112
4,7,6160,6,801,344,272,360,224,423,114
4,7,6161,6,802,-11,-374,360,81,165,104
4,7,6162,6,803,-13,260,360,81,418,114
4,7,6163,6,804,109,289,360,130,430,115
4,7,6164,6,805,368,-741,360,233,18,97
4,7,6165,6,806,227,105,360,177,356,111
4,7,6166,6,807,389,-535,360,242,100,101
4,7,6167,6,808,-43,-704,360,69,32,98
4,7,6168,6,809,148,-580,360,145,82,100
4,7,6169,6,810,153,141,360,147,371,112
4,7,6170,6,811,71,102,360,114,355,111
4,7,6171,6,812,-52,176,360,65,384,113
4,7,6172,6,813,74,282,360,115,427,114
4,7,6173,6,814,229,144,360,177,371,112
4,7,6174,6,815,383,59,360,239,338,111
4,7,6175,6,816,108,-734,360,129,20,98
4,7,6176,6,817,-130,-340,360,34,178,104
4,7,6177,6,818,34,-621,360,100,65,99
4,7,6178,6,819,381,-342,360,238,177,104
4,7,6179,6,820,-12,59,360,81,338,111
4,7,6180,6,821,362,-700,360,231,34,98
4,7,6181,6,822,30,-337,360,98,179,104
4,7,6182,6,823,-128,296,360,35,432,115
4,7,6183,6,824,365,-61,360,232,289,109
4,7,6184,6,825,196,-615,360,164,68,100
4,7,6185,6,826,-126,-696,360,36,36,98
4,7,6186,6,827,364,258,360,232,417,114
4,7,6187,6,828,368,182,360,233,387,113
4,7,6188,6,829,-85,-262,360,52,209,105
4,7,6189,6,830,109,-24,360,129,304,109
4,7,6190,6,831,262,183,360,191,387,113
4,7,6191,6,832,-6,-578,360,84,83,100
4,7,6192,6,833,388,-178,360,241,243,107
4,7,6193,6,834,-89,-99,360,50,274,108
4,7,6194,6,835,-4,-660,360,84,50,99
4,7,6195,6,836,393,223,360,243,403,113
4,7,6196,6,837,-121,-295,360,38,196,105
4,7,6197,6,838,-43,287,360,69,429,115
4,7,6198,6,839,309,-344,360,210,176,104
4,7,6199,6,840,-130,-176,360,34,244,107
4,7,6200,6,841,189,-143,360,162,257,107
4,7,6201,6,842,266,-661,360,192,50,99
4,7,6202,6,843,186,-739,360,160,19,97
4,7,6203,6,844,-125,-458,360,36,131,102
4,7,6204,6,845,-174,-299,360,16,195,105
4,7,6205,6,846,114,100,360,131,354,111
4,7,6206,6,847,-91,-183,360,50,241,107
4,7,6207,6,848,68,-186,360,113,240,107
4,7,6208,6,849,-98,19,360,47,322,110
4,7,6209,6,850,-128,187,360,35,389,113
4,7,6210,6,851,-84,15,360,52,320,110
4,7,6211,6,852,-85,-462,360,52,129,102
4,7,6212,6,853,-13,99,360,81,353,111
4,7,6213,6,854,359,-342,360,229,177,104
4,7,6214,6,855,384,139,360,240,370,112
4,7,6215,6,856,-82,296,360,53,432,115
4,7,6216,6,857,225,-301,360,176,193,105
4,7,6217,6,858,34,-461,360,99,129,102
4,7,6218,6,859,-83,105,360,53,356,111
4,7,6219,6,860,355,-420,360,228,146,103
4,7,6220,6,861,318,-571,360,213,86,100
4,7,6221,6,862,344,-456,360,224,132,102
4,7,6222,6,863,264,-338,360,192,179,104
4,7,6223,6,864,-41,-740,360,70,18,97
4,7,6224,6,865,67,-218,360,113,227,106
4,7,6225,6,866,29,-656,360,97,52,99
4,7,6226,6,867,358,3,360,229,315,110
4,7,6227,6,868,35,-184,360,100,240,107
4,7,6228,6,869,-135,134,360,32,367,112
4,7,6229,6,870,28,-215,360,97,228,106
4,7,6230,6,871,-10,277,360,82,425,114
4,7,6231,6,872,-92,-23,360,49,305,109
4,7,6232,6,873,24,-265,360,96,208,105
4,7,6233,6,874,206,263,360,169,419,114
4,7,6234,6,875,-50,-381,360,66,162,103
4,7,6235,6,876,182,-186,360,159,240,107
4,7,6236,6,877,195,-703,360,164,33,98
4,7,6237,6,878,-99,-380,360,46,162,103
4,7,6238,6,879,351,-105,360,226,272,108
4,7,6239,6,880,65,-263,360,112,209,105
4,7,6240,6,881,264,-133,360,192,261,108
4,7,6241,6,882,305,-428,360,208,143,103
4,7,6242,6,883,232,-459,360,179,130,102
4,7,6243,6,884,265,-58,360,192,291,109
4,7,6244,6,885,109,-504,360,130,112,101
4,7,6245,6,886,-174,25,360,16,324,110
4,7,6246,6,887,146,-630,360,144,62,99
4,7,6247,6,888,-12,225,360,81,404,113
4,7,6248,6,889,378,263,360,237,419,114
4,7,6249,6,890,150,-59,360,146,291,109
4,7,6250,6,891,-206,-106,360,3,271,108
4,7,6251,6,892,151,-459,360,146,130,102
4,7,6252,6,893,63,-733,360,111,21,98
4,7,6253,6,894,362,306,360,231,437,115
4,7,6254,6,895,347,-613,360,225,69,100
4,7,6255,6,896,68,57,360,113,337,111
4,7,6256,6,897,-125,-382,360,36,161,103
4,7,6257,6,898,306,-612,360,208,69,100
4,7,6258,6,899,-17,-14,360,79,308,110
4,7,6259,6,900,-125,134,360,36,368,112
4,7,6260,6,901,319,-67,360,213,287,109
4,7,6261,6,902,-89,141,360,50,370,112
4,7,6262,6,903,115,-579,360,132,82,100
4,7,6263,6,904,234,-341,360,179,178,104
4,7,6264,6,905,75,-60,360,116,290,109
4,7,6265,6,906,65,-24,360,112,304,109
4,7,6266,6,907,318,258,360,213,417,114
4,7,6267,6,908,144,218,360,143,401,113
4,7,6268,6,909,141,-509,360,142,110,101
4,7,6269,6,910,225,-258,360,176,211,105
4,7,6270,6,911,-5,-540,360,84,98,101
4,7,6271,6,912,300,182,360,206,387,113
4,7,6272,6,913,354,-321,360,228,186,104
4,7,6273,6,914,351,-125,360,226,264,108
4,7,6274,6,915,353,-730,360,227,22,98
4,7,6275,6,916,350,221,360,226,402,113
4,7,6276,6,917,365,-237,360,232,219,106
4,7,6277,6,918,387,-428,360,241,143,103
4,7,6278,6,919,355,-290,360,228,198,105
4,7,6279,6,920,183,-609,360,159,70,100
4,7,6280,6,921,-91,173,360,50,383,113
4,7,6281,6,922,112,304,360,131,436,115
4,7,6282,6,923,395,-369,360,244,166,104
4,7,6283,6,924,81,308,360,118,437,115
4,7,6284,6,925,170,-176,360,154,244,107
4,7,6285,6,926,237,-774,360,181,4,97
4,7,6286,6,927,395,294,360,244,431,115
4,7,6287,6,928,387,-35,360,241,300,109
4,7,6288,6,929,162,286,360,151,428,115
4,7,6289,6,930,161,279,360,150,426,114
4,7,6290,6,931,79,-739,360,117,18,97
4,7,6291,6,932,245,-61,360,184,289,109
4,7,6292,6,933,374,-472,360,236,125,102
4,7,6293,6,934,320,291,360,214,430,115
4,7,6294,6,935,21,277,360,94,425,114
4,7,6295,6,936,189,-78,360,161,283,108
4,7,6296,6,937,-79,-57,360,54,291,109
4,7,6297,6,938,395,101,360,244,354,111
4,7,6298,6,939,397,-419,360,245,146,103
4,7,6299,6,940,387,-408,360,241,151,103
4,7,6300,6,941,-50,-50,360,66,294,109
4,7,6301,6,942,244,286,360,183,428,115
4,7,6302,6,943,266,122,360,193,363,112
4,7,6303,6,944,30,-491,360,98,118,102
4,7,6304,6,945,159,220,360,150,402,113
4,7,6305,6,946,-22,-256,360,77,211,105
4,7,6306,6,947,-9,-4,360,82,312,110
4,7,6307,6,948,108,-197,360,129,235,106
4,7,6308,6,949,324,299,360,216,433,115
4,7,6309,6,950,27,-169,360,97,247,107
4,7,6310,6,951,29,209,360,98,398,113
4,7,6311,6,952,12,282,360,91,427,114
4,7,6312,6,953,296,-135,360,205,260,108
4,7,6313,6,954,188,-728,360,161,23,98
4,7,6314,6,955,118,141,360,133,370,112
4,7,6315,6,956,30,-638,360,98,59,99
4,7,6316,6,957,397,-57,360,245,291,109
4,7,6317,6,958,-29,282,360,74,427,114
4,7,6318,6,959,30,-556,360,98,92,101
4,7,6319,6,960,309,-681,360,210,42,98
4,7,6320,6,961,365,-555,360,232,92,101
4,7,6321,6,962,62,-56,360,111,292,109
4,7,6322,6,963,-47,-307,360,67,191,105
4,7,6323,6,964,54,-263,360,107,209,105
4,7,6324,6,965,377,114,360,237,360,112
4,7,6325,6,966,91,100,360,122,354,111
4,7,6326,6,967,363,-691,360,231,37,98
4,7,6327,6,968,-90,-355,360,50,172,104
4,7,6328,6,969,194,308,360,164,437,115
4,7,6329,6,970,108,148,360,129,373,112
4,7,6330,6,971,15,-186,360,92,239,107
4,7,6331,6,972,274,-8,360,196,311,110
4,7,6332,6,973,144,-659,360,143,50,99
4,7,6333,6,974,25,306,360,96,437,115
4,7,6334,6,975,299,-464,360,206,128,102
4,7,6335,6,976,363,-154,360,231,252,107
4,7,6336,6,977,-6,-720,360,84,26,98
4,7,6337,6,978,91,258,360,122,417,114
4,7,6338,6,979,215,256,360,172,416,114
4,7,6339,6,980,-29,-14,360,74,308,110
4,7,6340,6,981,229,198,360,178,393,113
4,7,6341,6,982,-189,-19,360,10,306,109
4,7,6342,6,983,372,-8,360,235,311,110
4,7,6343,6,984,376,-781,360,236,2,97
4,7,6344,6,985,-8,247,360,83,413,114
4,7,6345,6,986,43,297,360,103,433,115
4,7,6346,6,987,123,280,360,135,426,114
4,7,6347,6,988,134,-220,360,140,226,106
4,7,6348,6,989,184,189,360,160,390,113
4,7,6349,6,990,187,-644,360,161,56,99
4,7,6350,6,991,324,279,360,216,426,114
4,7,6351,6,992,330,-463,360,218,129,102
4,7,6352,6,993,337,-99,360,221,274,108
4,7,6353,6,994,373,-127,360,235,263,108
4,7,6354,6,995,346,292,360,224,431,115
4,7,6355,6,996,134,-139,360,140,259,107
4,7,6356,6,997,-34,183,360,72,387,113
4,7,6357,6,998,204,-140,360,168,258,107
4,7,6358,6,999,25,-479,360,96,123,102
4,7,6359,6,1000,385,112,360,240,359,112
4,7,6360,6,1001,237,-140,360,181,258,107
4,7,6361,6,1002,225,-130,360,176,262,108
4,7,6362,6,1003,368,-515,360,233,108,101
4,7,6363,6,1004,228,-686,360,177,40,98
4,7,6364,6,1005,70,-285,360,114,200,105
4,7,6365,6,1006,359,-194,360,230,236,107
4,7,6366,6,1007,-185,59,360,12,338,111
4,7,6367,6,1008,286,257,360,201,417,114
4,7,6368,6,1009,392,-380,360,243,162,103
4,7,6369,6,1010,321,-341,360,214,178,104
4,7,6370,6,1011,350,85,360,226,348,111
4,7,6371,6,1012,29,-398,360,97,155,103
4,7,6372,6,1013,-203,-61,360,5,289,109
4,7,6373,6,1014,-132,-12,360,33,309,110
4,7,6374,6,1015,382,-750,360,239,14,97
4,7,6375,6,1016,140,-574,360,142,84,100
4,7,6376,6,1017,185,-226,360,160,223,106
4,7,6377,6,1018,-10,306,360,82,436,115
4,7,6378,6,1019,359,-547,360,230,95,101
4,7,6379,6,1020,197,180,360,165,386,113
4,7,6380,6,1021,55,218,360,108,401,113
4,7,6381,6,1022,288,-102,360,201,273,108
4,7,6382,6,1023,169,261,360,154,418,114
4,7,6383,6,1024,359,-435,360,229,140,103
4,7,6384,6,1025,55,-297,360,108,195,105
4,7,6385,6,1026,321,-583,360,214,81,100
4,7,6386,6,1027,24,36,360,96,328,110
4,7,6387,6,1028,220,275,360,174,424,114
4,7,6388,6,1029,68,244,360,113,412,114
4,7,6389,6,1030,231,207,360,178,397,113
4,7,6390,6,1031,-133,-151,360,33,254,107
4,7,6391,6,1032,291,-341,360,202,178,104
4,7,6392,6,1033,32,-714,360,99,29,98
4,7,6393,6,1034,-42,-105,360,69,272,108
4,7,6394,6,1035,64,-671,360,111,45,99
4,7,6395,6,1036,369,162,360,234,379,112
4,7,6396,6,1037,-20,-177,360,78,243,107
4,7,6397,6,1038,-92,45,360,49,332,111
4,7,6398,6,1039,234,-512,360,180,109,101
4,7,6399,6,1040,151,85,360,147,348,111
4,7,6400,6,1041,378,-379,360,237,162,103
4,7,6401,6,1042,225,-472,360,176,125,102
4,7,6402,6,1043,184,-445,360,160,136,102
4,7,6403,6,1044,-145,-19,360,28,306,109
4,7,6404,6,1045,274,247,360,195,413,114
4,7,6405,6,1046,372,-82,360,235,281,108
4,7,6406,6,1047,-71,60,360,57,338,111
4,7,6407,6,1048,178,-653,360,157,53,99
4,7,6408,6,1049,194,243,360,164,411,114
4,7,6409,6,1050,227,32,360,177,327,110
4,7,6410,6,1051,123,-459,360,135,130,102
4,7,6411,6,1052,279,224,360,198,404,113
4,7,6412,6,1053,256,-741,360,189,18,97
4,7,6413,6,1054,25,258,360,96,417,114
4,7,6414,6,1055,376,195,360,236,392,113
4,7,6415,6,1056,151,-692,360,146,37,98
4,7,6416,6,1057,216,-143,360,173,257,107
4,7,6417,6,1058,171,-22,360,154,305,109
4,7,6418,6,1059,-91,-54,360,50,292,109
4,7,6419,6,1060,284,-465,360,200,128,102
4,7,6420,6,1061,-64,-21,360,61,306,109
4,7,6421,6,1062,388,-471,360,241,125,102
4,7,6422,6,1063,204,-460,360,168,130,102
4,7,6423,6,1064,84,-663,360,120,49,99
4,7,6424,6,1065,-84,-724,360,52,24,98
4,7,6425,6,1066,390,-71,360,242,286,109
4,7,6426,6,1067,356,-407,360,229,151,103
4,7,6427,6,1068,128,-741,360,137,18,97
4,7,6428,6,1069,48,-579,360,105,83,100
4,7,6429,6,1070,-43,239,360,69,410,114
4,7,6430,6,1071,-190,291,360,10,430,115
4,7,6431,6,1072,7,-220,360,89,226,106
4,7,6432,6,1073,351,-155,360,226,252,107
4,7,6433,6,1074,317,-90,360,213,278,108
4,7,6434,6,1075,50,256,360,106,416,114
4,7,6435,6,1076,236,-555,360,180,92,101
4,7,6436,6,1077,363,-589,360,231,78,100
4,7,6437,6,1078,89,-507,360,121,111,101
4,7,6438,6,1079,335,61,360,220,338,111
4,7,6439,6,1080,-89,191,360,50,391,113
4,7,6440,6,1081,-94,-701,360,49,34,98
4,7,6441,6,1082,206,-56,360,168,292,109
4,7,6442,6,1083,374,-45,360,236,296,109
4,7,6443,6,1084,188,-208,360,161,231,106
4,7,6444,6,1085,123,-699,360,135,34,98
4,7,6445,6,1086,13,-17,360,91,307,109
4,7,6446,6,1087,-89,-194,360,51,236,107
4,7,6447,6,1088,217,-23,360,173,305,109
4,7,6448,6,1089,-91,-172,360,49,245,107
4,7,6449,6,1090,-150,95,360,26,352,111
4,7,6450,6,1091,71,-609,360,115,71,100
4,7,6451,6,1092,-65,-263,360,60,209,105
4,7,6452,6,1093,380,-700,360,238,34,98
4,7,6453,6,1094,-26,-106,360,76,272,108
4,7,6454,6,1095,364,232,360,232,407,114
4,7,6455,6,1096,7,-145,360,89,256,107
4,7,6456,6,1097,-90,-69,360,50,286,109
4,7,6457,6,1098,190,-625,360,162,64,99
4,7,6458,6,1099,186,-566,360,160,88,100
4,7,6459,6,1100,372,72,360,235,343,111
4,7,6460,6,1101,347,75,360,225,344,111
4,7,6461,6,1102,24,-22,360,96,305,109
4,7,6462,6,1103,395,-26,360,244,304,109
4,7,6463,6,1104,-207,-137,360,3,259,107
4,7,6464,6,1105,252,-18,360,187,307,109
4,7,6465,6,1106,-129,-130,360,34,262,108
4,7,6466,6,1107,351,-59,360,226,290,109
4,7,6467,6,1108,207,-619,360,169,66,99
4,7,6468,6,1109,-54,-277,360,64,203,105
4,7,6469,6,1110,354,-12,360,228,309,110
4,7,6470,6,1111,31,-86,360,98,279,108
4,7,6471,6,1112,82,223,360,119,403,113
4,7,6472,6,1113,-99,-419,360,46,146,103
4,7,6473,6,1114,-71,-456,360,58,132,102
4,7,6474,6,1115,173,176,360,155,384,113
4,7,6475,6,1116,7,-667,360,89,47,99
4,7,6476,6,1117,0,177,360,86,385,113
4,7,6477,6,1118,38,-137,360,101,259,107
4,7,6478,6,1119,195,-176,360,164,244,107
4,7,6479,6,1120,-21,-341,360,78,178,104
4,7,6480,6,1121,157,102,360,149,355,111
4,7,6481,6,1122,-11,-218,360,82,227,106
4,7,6482,6,1123,171,-345,360,155,176,104
4,7,6483,6,1124,-70,-140,360,58,258,107
4,7,6484,6,1125,108,-276,360,129,203,105
4,7,6485,6,1126,0,-104,360,86,272,108
4,7,6486,6,1127,-64,53,360,61,335,111
4,7,6487,6,1128,36,-381,360,100,162,103
4,7,6488,6,1129,83,145,360,119,372,112
4,7,6489,6,1130,194,159,360,164,378,112
4,7,6490,6,1131,277,-152,360,197,253,107
4,7,6491,6,1132,-23,138,360,77,369,112
4,7,6492,6,1133,107,127,360,129,365,112
4,7,6493,6,1134,-134,-274,360,32,204,105
4,7,6494,6,1135,28,-1,360,97,314,110
4,7,6495,6,1136,123,-339,360,135,178,104
4,7,6496,6,1137,145,-192,360,144,237,107
4,7,6497,6,1138,-118,-222,360,39,225,106
4,7,6498,6,1139,-170,-272,360,18,205,105
4,7,6499,6,1140,255,-102,360,188,273,108
4,7,6500,6,1141,38,-612,360,101,69,100
4,7,6501,6,1142,95,18,360,124,321,110
4,7,6502,6,1143,108,-662,360,129,49,99
4,7,6503,6,1144,377,-359,360,237,170,104
4,7,6504,6,1145,-190,142,360,10,371,112
4,7,6505,6,1146,-78,-381,360,55,161,103
4,7,6506,6,1147,12,-583,360,91,81,100
4,7,6507,6,1148,232,45,360,179,332,111
4,7,6508,6,1149,-138,24,360,31,323,110
4,7,6509,6,1150,348,-176,360,225,244,107
4,7,6510,6,1151,52,178,360,107,385,113
4,7,6511,6,1152,266,-606,360,193,72,100
4,7,6512,6,1153,378,-186,360,237,239,107
4,7,6513,6,1154,67,8,360,113,317,110
4,7,6514,6,1155,334,-265,360,220,208,105
4,7,6515,6,1156,-105,63,360,44,339,111
4,7,6516,6,1157,115,-689,360,132,38,98
4,7,6517,6,1158,30,170,360,98,382,113
4,7,6518,6,1159,-99,-342,360,46,177,104
4,7,6519,6,1160,172,-623,360,155,65,99
4,7,6520,6,1161,242,-537,360,183,99,101
4,7,6521,6,1162,288,-503,360,201,113,101
4,7,6522,6,1163,-38,-620,360,71,66,99
4,7,6523,6,1164,-49,-480,360,66,122,102
4,7,6524,6,1165,18,218,360,93,401,113
4,7,6525,6,1166,265,-551,360,192,94,101
4,7,6526,6,1167,349,56,360,226,336,111
4,7,6527,6,1168,-51,-151,360,66,254,107
4,7,6528,6,1169,349,-253,360,225,213,106
4,7,6529,6,1170,-160,-300,360,22,194,105
4,7,6530,6,1171,349,-33,360,226,301,109
4,7,6531,6,1172,157,-665,360,149,48,99
4,7,6532,6,1173,-143,-418,360,29,147,103
4,7,6533,6,1174,340,-62,360,222,289,109
4,7,6534,6,1175,-11,-119,360,82,266,108
4,7,6535,6,1176,71,-358,360,115,171,104
4,7,6536,6,1177,303,278,360,207,425,114
4,7,6537,6,1178,-45,-355,360,68,172,104
4,7,6538,6,1179,127,-256,360,137,212,106
4,7,6539,6,1180,107,-112,360,129,269,108
4,7,6540,6,1181,-121,-59,360,38,291,109
4,7,6541,6,1182,91,-101,360,122,274,108
4,7,6542,6,1183,101,95,360,126,352,111
4,7,6543,6,1184,361,43,360,230,331,110
4,7,6544,6,1185,-7,-329,360,83,182,104
4,7,6545,6,1186,-49,-429,360,66,143,103
4,7,6546,6,1187,-170,148,360,18,373,112
4,7,6547,6,1188,361,97,360,230,353,111
4,7,6548,6,1189,-160,172,360,22,383,113
4,7,6549,6,1190,75,-238,360,116,219,106
4,7,6550,6,1191,188,-110,360,161,270,108
4,7,6551,6,1192,282,-138,360,199,259,107
4,7,6552,6,1193,187,-368,360,161,167,104
4,7,6553,6,1194,191,-400,360,163,154,103
4,7,6554,6,1195,-76,-222,360,55,225,106
4,7,6555,6,1196,-51,-317,360,65,187,104
4,7,6556,6,1197,-92,-10,360,49,310,110
4,7,6557,6,1198,276,180,360,196,386,113
4,7,6558,6,1199,-15,303,360,80,435,115
4,7,6559,6,1200,-45,-561,360,68,90,100
4,7,6560,6,1201,254,-424,360,188,145,103
4,7,6561,6,1202,268,-73,360,193,285,109
4,7,6562,6,1203,263,167,360,191,381,113
4,7,6563,6,1204,313,109,360,211,357,112
4,7,6564,6,1205,-89,-517,360,50,107,101
4,7,6565,6,1206,162,-732,360,151,21,98
4,7,6566,6,1207,-54,-554,360,64,92,101
4,7,6567,6,1208,329,-143,360,218,257,107
4,7,6568,6,1209,383,-293,360,239,197,105
4,7,6569,6,1210,88,63,360,121,339,111
4,7,6570,6,1211,-85,-205,360,52,232,106
4,7,6571,6,1212,180,-504,360,158,112,101
4,7,6572,6,1213,322,-492,360,215,117,102
4,7,6573,6,1214,204,-264,360,167,208,105
4,7,6574,6,1215,-90,-320,360,50,186,104
4,7,6575,6,1216,144,-450,360,144,134,102
4,7,6576,6,1217,121,-60,360,134,290,109
4,7,6577,6,1218,66,-450,360,112,134,102
4,7,6578,6,1219,-11,-57,360,81,291,109
4,7,6579,6,1220,-6,-593,360,84,77,100
4,7,6580,6,1221,313,30,360,211,326,110
4,7,6581,6,1222,-204,-298,360,4,195,105
4,7,6582,6,1223,294,293,360,204,431,115
4,7,6583,6,1224,-35,-224,360,72,224,106
4,7,6584,6,1225,153,115,360,147,360,112
4,7,6585,6,1226,92,-465,360,123,128,102
4,7,6586,6,1227,116,49,360,132,333,111
4,7,6587,6,1228,153,-91,360,147,278,108
4,7,6588,6,1229,287,18,360,201,321,110
4,7,6589,6,1230,247,-496,360,185,116,102
4,7,6590,6,1231,123,304,360,135,435,115
4,7,6591,6,1232,183,304,360,159,436,115
4,7,6592,6,1233,-72,-499,360,57,114,101
4,7,6593,6,1234,261,-162,360,190,249,107
4,7,6594,6,1235,301,-584,360,206,80,100
4,7,6595,6,1236,-34,-536,360,72,100,101
4,7,6596,6,1237,-185,-377,360,12,163,104
4,7,6597,6,1238,329,-379,360,218,162,103
4,7,6598,6,1239,-53,160,360,65,378,112
4,7,6599,6,1240,363,-523,360,231,105,101
4,7,6600,6,1241,39,36,360,102,328,110
4,7,6601,6,1242,350,-90,360,226,278,108
4,7,6602,6,1243,-174,-592,360,16,77,100
4,7,6603,6,1244,266,-448,360,192,135,102
4,7,6604,6,1245,-199,-375,360,6,164,104
4,7,6605,6,1246,-183,-135,360,13,260,108
4,7,6606,6,1247,373,-260,360,235,210,105
4,7,6607,6,1248,76,-141,360,116,258,107
4,7,6608,6,1249,60,-458,360,110,131,102
4,7,6609,6,1250,203,-492,360,167,117,102
4,7,6610,6,1251,375,-399,360,236,155,103
4,7,6611,6,1252,303,160,360,207,378,112
4,7,6612,6,1253,191,27,360,162,325,110
4,7,6613,6,1254,63,-101,360,111,274,108
4,7,6614,6,1255,-172,-448,360,17,135,102
4,7,6615,6,1256,18,-453,360,93,133,102
4,7,6616,6,1257,-194,176,360,8,384,113
4,7,6617,6,1258,-153,138,360,25,369,112
4,7,6618,6,1259,82,-537,360,119,99,101
4,7,6619,6,1260,350,-240,360,226,218,106
4,7,6620,6,1261,-88,205,360,51,396,113
4,7,6621,6,1262,-136,-87,360,32,279,108
4,7,6622,6,1263,-10,-737,360,82,19,98
4,7,6623,6,1264,348,-189,360,225,238,107
4,7,6624,6,1265,35,188,360,100,389,113
4,7,6625,6,1266,116,-83,360,132,281,108
4,7,6626,6,1267,-191,264,360,9,420,114
4,7,6627,6,1268,-171,80,360,18,346,111
4,7,6628,6,1269,216,-572,360,172,85,100
4,7,6629,6,1270,370,-593,360,234,77,100
4,7,6630,6,1271,-19,71,360,78,343,111
4,7,6631,6,1272,285,100,360,200,354,111
4,7,6632,6,1273,-70,-700,360,58,34,98
4,7,6633,6,1274,-168,-682,360,19,41,98
4,7,6634,6,1275,272,-727,360,195,23,98
4,7,6635,6,1276,170,-62,360,154,289,109
4,7,6636,6,1277,373,-436,360,235,140,103
4,7,6637,6,1278,247,302,360,185,435,115
4,7,6638,6,1279,-139,-139,360,30,258,107
4,7,6639,6,1280,-24,-373,360,76,165,104
4,7,6640,6,1281,381,-513,360,238,109,101
4,7,6641,6,1282,108,-178,360,129,243,107
4,7,6642,6,1283,118,-721,360,133,26,98
4,7,6643,6,1284,-111,-700,360,42,34,98
4,7,6644,6,1285,26,-35,360,96,300,109
4,7,6645,6,1286,266,-764,360,192,8,97
4,7,6646,6,1287,28,192,360,97,391,113
4,7,6647,6,1288,16,-737,360,92,19,98
4,7,6648,6,1289,-85,-487,360,52,119,102
4,7,6649,6,1290,322,185,360,215,388,113
4,7,6650,6,1291,228,-425,360,177,144,103
4,7,6651,6,1292,314,-34,360,211,301,109
4,7,6652,6,1293,112,-148,360,131,255,107
4,7,6653,6,1294,96,-627,360,124,63,99
4,7,6654,6,1295,271,-360,360,194,170,104
4,7,6655,6,1296,143,-243,360,143,217,106
4,7,6656,6,1297,368,208,360,233,397,113
4,7,6657,6,1298,151,261,360,146,418,114
4,7,6658,6,1299,209,-420,360,170,146,103
4,7,6659,6,1300,182,-306,360,159,192,105
4,7,6660,6,1301,351,-680,360,227,42,98
4,7,6661,6,1302,-162,-58,360,21,291,109
4,7,6662,6,1303,68,-416,360,113,148,103
4,7,6663,6,1304,37,-577,360,101,83,100
4,7,6664,6,1305,279,-384,360,198,160,103
4,7,6665,6,1306,-170,-482,360,18,121,102
4,7,6666,6,1307,-88,-124,360,51,264,108
4,7,6667,6,1308,-54,-251,360,64,214,106
4,7,6668,6,1309,-19,-295,360,78,196,105
4,7,6669,6,1310,-86,-423,360,51,145,103
4,7,6670,6,1311,-34,102,360,72,355,111
4,7,6671,6,1312,144,73,360,144,343,111
4,7,6672,6,1313,306,-527,360,208,103,101
4,7,6673,6,1314,343,-279,360,223,202,105
4,7,6674,6,1315,143,-278,360,143,203,105
4,7,6675,6,1316,111,-44,360,130,296,109
4,7,6676,6,1317,132,21,360,139,322,110
4,7,6677,6,1318,154,-4,360,148,312,110
4,7,6678,6,1319,-169,250,360,18,414,114
4,7,6679,6,1320,111,214,360,130,400,113
4,7,6680,6,1321,196,-129,360,164,263,108
4,7,6681,6,1322,330,-419,360,218,146,103
4,7,6682,6,1323,-144,-334,360,28,180,104
4,7,6683,6,1324,101,-380,360,126,162,103
4,7,6684,6,1325,-104,291,360,44,430,115
4,7,6685,6,1326,268,55,360,193,336,111
4,7,6686,6,1327,87,-270,360,121,206,105
4,7,6687,6,1328,155,-403,360,148,153,103
4,7,6688,6,1329,306,-183,360,208,241,107
4,7,6689,6,1330,292,-258,360,203,211,105
4,7,6690,6,1331,-127,-513,360,35,109,101
4,7,6691,6,1332,-52,77,360,65,345,111
4,7,6692,6,1333,370,-712,360,234,29,98
4,7,6693,6,1334,383,36,360,239,328,110
4,7,6694,6,1335,55,-702,360,108,33,98
4,7,6695,6,1336,135,251,360,140,414,114
4,7,6696,6,1337,13,56,360,91,336,111
4,7,6697,6,1338,101,-69,360,126,286,109
4,7,6698,6,1339,209,-338,360,169,179,104
4,7,6699,6,1340,389,178,360,242,385,113
4,7,6700,6,1341,-71,-575,360,58,84,100
4,7,6701,6,1342,351,-399,360,226,154,103
4,7,6702,6,1343,57,-175,360,109,244,107
4,7,6703,6,1344,-145,222,360,28,403,113
4,7,6704,6,1345,-88,-588,360,51,79,100
4,7,6705,6,1346,264,-281,360,192,202,105
4,7,6706,6,1347,259,-621,360,190,66,99
4,7,6707,6,1348,50,-624,360,106,64,99
4,7,6708,6,1349,25,20,360,96,322,110
4,7,6709,6,1350,373,-321,360,235,186,104
4,7,6710,6,1351,328,-215,360,217,228,106
4,7,6711,6,1352,73,-523,360,115,105,101
4,7,6712,6,1353,344,128,360,224,365,112
4,7,6713,6,1354,383,-454,360,239,132,102
4,7,6714,6,1355,373,-308,360,235,191,105
4,7,6715,6,1356,296,64,360,204,340,111
4,7,6716,6,1357,-175,-231,360,16,222,106
4,7,6717,6,1358,-94,265,360,48,420,114
4,7,6718,6,1359,372,-537,360,235,99,101
4,7,6719,6,1360,13,-342,360,91,177,104
4,7,6720,6,1361,-65,-423,360,60,145,103
4,7,6721,6,1362,254,-218,360,188,227,106
4,7,6722,6,1363,53,305,360,107,436,115
4,7,6723,6,1364,378,-603,360,237,73,100
4,7,6724,6,1365,-157,-576,360,23,83,100
4,7,6725,6,1366,289,-703,360,202,33,98
4,7,6726,6,1367,-9,-346,360,82,176,104
4,7,6727,6,1368,80,-425,360,118,144,103
4,7,6728,6,1369,-162,-698,360,21,35,98
4,7,6729,6,1370,-127,249,360,35,414,114
4,7,6730,6,1371,-140,301,360,30,434,115
4,7,6731,6,1372,146,-344,360,144,177,104
4,7,6732,6,1373,93,302,360,123,435,115
4,7,6733,6,1374,304,-279,360,208,202,105
4,7,6734,6,1375,373,-725,360,235,24,98
4,7,6735,6,1376,267,-397,360,193,155,103
4,7,6736,6,1377,389,-280,360,242,202,105
4,7,6737,6,1378,194,211,360,164,398,113
4,7,6738,6,1379,42,103,360,103,355,111
4,7,6739,6,1380,353,172,360,227,383,113
4,7,6740,6,1381,-146,-464,360,28,128,102
4,7,6741,6,1382,47,143,360,105,371,112
4,7,6742,6,1383,-57,139,360,63,370,112
4,7,6743,6,1384,-96,-715,360,48,28,98
4,7,6744,6,1385,326,221,360,217,402,113
4,7,6745,6,1386,288,-774,360,201,4,97
4,7,6746,6,1387,281,-583,360,199,81,100
4,7,6747,6,1388,-59,252,360,62,415,114
4,7,6748,6,1389,115,-657,360,132,51,99
4,7,6749,6,1390,-159,301,360,22,434,115
4,7,6750,6,1391,-60,7,360,62,317,110
4,7,6751,6,1392,189,108,360,162,357,112
4,7,6752,6,1393,121,-568,360,134,87,100
4,7,6753,6,1394,183,-672,360,159,45,99
4,7,6754,6,1395,-13,178,360,81,385,113
4,7,6755,6,1396,222,72,360,175,343,111
4,7,6756,6,1397,121,-649,360,134,55,99
4,7,6757,6,1398,-12,-462,360,81,129,102
4,7,6758,6,1399,161,-484,360,150,120,102
4,7,6759,6,1400,-168,-670,360,19,46,99
4,7,6760,6,1401,142,-317,360,143,187,104
4,7,6761,6,1402,-167,-552,360,19,93,101
4,7,6762,6,1403,-12,-138,360,81,259,107
4,7,6763,6,1404,-156,273,360,23,423,114
4,7,6764,6,1405,386,-496,360,241,116,102
4,7,6765,6,1406,-6,-447,360,84,135,102
4,7,6766,6,1407,358,-266,360,229,207,105
4,7,6767,6,1408,149,-765,360,146,8,97
4,7,6768,6,1409,362,-626,360,231,63,99
4,7,6769,6,1410,359,-571,360,230,86,100
4,7,6770,6,1411,48,-765,360,105,8,97
4,7,6771,7,1,-481,-753,500,126,13,117
4,7,6772,7,2,-388,-752,500,163,13,117
4,7,6773,7,3,-272,-742,500,209,17,117
4,7,6774,7,4,-780,-739,500,6,18,117
4,7,6775,7,5,-613,-711,500,73,29,117
4,7,6776,7,6,-527,-720,500,107,26,117
4,7,6777,7,7,-450,-727,500,138,23,117
4,7,6778,7,8,-257,-720,500,215,26,117
4,7,6779,7,9,-775,-676,500,8,44,118
4,7,6780,7,10,-774,-660,500,8,50,118
4,7,6781,7,11,-728,-679,500,27,42,118
4,7,6782,7,12,-683,-688,500,45,39,118
4,7,6783,7,13,-701,-669,500,37,47,118
4,7,6784,7,14,-570,-677,500,90,43,118
4,7,6785,7,15,-405,-691,500,156,37,118
4,7,6786,7,16,-300,-680,500,198,42,118
4,7,6787,7,17,-249,-679,500,218,42,118
4,7,6788,7,18,-770,-647,500,10,55,118
4,7,6789,7,19,-539,-626,500,102,64,119
4,7,6790,7,20,-545,-622,500,100,65,119
4,7,6791,7,21,-487,-649,500,123,55,118
4,7,6792,7,22,-353,-625,500,177,64,119
4,7,6793,7,23,-326,-631,500,188,61,119
4,7,6794,7,24,-772,-604,500,9,72,119
4,7,6795,7,25,-644,-602,500,60,73,119
4,7,6796,7,26,-563,-600,500,93,74,119
4,7,6797,7,27,-527,-612,500,107,69,119
4,7,6798,7,28,-484,-593,500,124,77,119
4,7,6799,7,29,-469,-597,500,131,75,119
4,7,6800,7,30,-406,-603,500,156,73,119
4,7,6801,7,31,-370,-596,500,170,76,119
4,7,6802,7,32,-339,-608,500,182,71,119
4,7,6803,7,33,-299,-617,500,198,67,119
4,7,6804,7,34,-284,-598,500,204,75,119
4,7,6805,7,35,-191,-604,500,242,73,119
4,7,6806,7,36,-647,-547,500,59,95,120
4,7,6807,7,37,-603,-562,500,77,89,120
4,7,6808,7,38,-618,-570,500,71,86,120
4,7,6809,7,39,-578,-576,500,87,83,120
4,7,6810,7,40,-564,-574,500,92,84,120
4,7,6811,7,41,-373,-559,500,169,90,120
4,7,6812,7,42,-344,-549,500,180,94,120
4,7,6813,7,43,-325,-556,500,188,92,120
4,7,6814,7,44,-333,-568,500,185,87,120
4,7,6815,7,45,-289,-554,500,202,92,120
4,7,6816,7,46,-298,-544,500,199,96,120
4,7,6817,7,47,-252,-555,500,217,92,120
4,7,6818,7,48,-653,-512,500,57,109,121
4,7,6819,7,49,-628,-502,500,67,113,121
4,7,6820,7,50,-544,-520,500,100,106,120
4,7,6821,7,51,-535,-524,500,104,105,120
4,7,6822,7,52,-489,-517,500,122,107,121
4,7,6823,7,53,-487,-531,500,123,101,120
4,7,6824,7,54,-414,-519,500,153,106,120
4,7,6825,7,55,-400,-509,500,158,110,121
4,7,6826,7,56,-404,-533,500,156,101,120
4,7,6827,7,57,-375,-508,500,168,111,121
4,7,6828,7,58,-387,-538,500,163,99,120
4,7,6829,7,59,-325,-510,500,188,110,121
4,7,6830,7,60,-303,-532,500,197,101,120
4,7,6831,7,61,-770,-478,500,10,123,121
4,7,6832,7,62,-678,-484,500,47,120,121
4,7,6833,7,63,-701,-479,500,38,122,121
4,7,6834,7,64,-564,-457,500,92,131,122
4,7,6835,7,65,-521,-469,500,110,126,121
4,7,6836,7,66,-498,-481,500,119,122,121
4,7,6837,7,67,-411,-487,500,154,119,121
4,7,6838,7,68,-413,-499,500,153,115,121
4,7,6839,7,69,-341,-485,500,182,120,121
4,7,6840,7,70,-328,-484,500,187,120,121
4,7,6841,7,71,-289,-473,500,202,125,121
4,7,6842,7,72,-296,-487,500,200,119,121
4,7,6843,7,73,-282,-487,500,205,119,121
4,7,6844,7,74,-254,-473,500,216,125,121
4,7,6845,7,75,-271,-475,500,210,124,121
4,7,6846,7,76,-187,-481,500,243,121,121
4,7,6847,7,77,-770,-445,500,10,136,122
4,7,6848,7,78,-720,-440,500,30,138,122
4,7,6849,7,79,-731,-453,500,26,133,122
4,7,6850,7,80,-710,-420,500,34,146,122
4,7,6851,7,81,-688,-436,500,43,140,122
4,7,6852,7,82,-635,-453,500,64,133,122
4,7,6853,7,83,-621,-437,500,69,139,122
4,7,6854,7,84,-603,-444,500,77,136,122
4,7,6855,7,85,-612,-433,500,73,141,122
4,7,6856,7,86,-440,-458,500,142,131,121
4,7,6857,7,87,-408,-438,500,155,139,122
4,7,6858,7,88,-327,-452,500,187,133,122
4,7,6859,7,89,-207,-445,500,235,136,122
4,7,6860,7,90,-770,-386,500,10,159,123
4,7,6861,7,91,-640,-406,500,62,152,122
4,7,6862,7,92,-608,-397,500,75,155,123
4,7,6863,7,93,-523,-395,500,109,156,123
4,7,6864,7,94,-484,-403,500,124,153,122
4,7,6865,7,95,-450,-392,500,138,157,123
4,7,6866,7,96,-450,-407,500,138,151,122
4,7,6867,7,97,-459,-390,500,134,158,123
4,7,6868,7,98,-428,-409,500,147,151,122
4,7,6869,7,99,-325,-395,500,188,156,123
4,7,6870,7,100,-300,-410,500,198,150,122
4,7,6871,7,101,-254,-384,500,216,160,123
4,7,6872,7,102,-768,-366,500,11,168,123
4,7,6873,7,103,-723,-366,500,29,168,123
4,7,6874,7,104,-699,-367,500,39,167,123
4,7,6875,7,105,-693,-351,500,41,174,123
4,7,6876,7,106,-669,-352,500,50,173,123
4,7,6877,7,107,-650,-365,500,58,168,123
4,7,6878,7,108,-626,-345,500,68,176,123
4,7,6879,7,109,-565,-350,500,92,174,123
4,7,6880,7,110,-517,-358,500,111,171,123
4,7,6881,7,111,-494,-353,500,120,173,123
4,7,6882,7,112,-455,-357,500,136,171,123
4,7,6883,7,113,-461,-348,500,133,175,123
4,7,6884,7,114,-445,-359,500,140,170,123
4,7,6885,7,115,-332,-359,500,185,171,123
4,7,6886,7,116,-757,-336,500,15,179,124
4,7,6887,7,117,-725,-324,500,28,185,124
4,7,6888,7,118,-742,-333,500,21,181,124
4,7,6889,7,119,-677,-331,500,47,182,124
4,7,6890,7,120,-697,-337,500,39,179,124
4,7,6891,7,121,-651,-323,500,58,185,124
4,7,6892,7,122,-515,-333,500,112,181,124
4,7,6893,7,123,-526,-339,500,108,179,123
4,7,6894,7,124,-446,-337,500,140,179,123
4,7,6895,7,125,-432,-313,500,145,189,124
4,7,6896,7,126,-332,-315,500,185,188,124
4,7,6897,7,127,-311,-326,500,194,183,124
4,7,6898,7,128,-350,-324,500,178,184,124
4,7,6899,7,129,-298,-328,500,199,183,124
4,7,6900,7,130,-286,-322,500,204,185,124
4,7,6901,7,131,-300,-313,500,198,189,124
4,7,6902,7,132,-758,-284,500,15,200,124
4,7,6903,7,133,-727,-288,500,27,199,124
4,7,6904,7,134,-688,-276,500,43,204,125
4,7,6905,7,135,-684,-286,500,44,199,124
4,7,6906,7,136,-657,-300,500,55,194,124
4,7,6907,7,137,-525,-283,500,108,201,124
4,7,6908,7,138,-417,-276,500,151,203,125
4,7,6909,7,139,-401,-272,500,158,205,125
4,7,6910,7,140,-366,-288,500,172,199,124
4,7,6911,7,141,-290,-283,500,202,201,124
4,7,6912,7,142,-218,-272,500,231,205,125
4,7,6913,7,143,-215,-286,500,232,199,124
4,7,6914,7,144,-784,-262,500,4,209,125
4,7,6915,7,145,-779,-237,500,6,219,125
4,7,6916,7,146,-673,-252,500,49,213,125
4,7,6917,7,147,-705,-235,500,36,220,125
4,7,6918,7,148,-604,-238,500,76,219,125
4,7,6919,7,149,-584,-251,500,84,214,125
4,7,6920,7,150,-526,-252,500,108,213,125
4,7,6921,7,151,-543,-257,500,101,211,125
4,7,6922,7,152,-488,-243,500,123,217,125
4,7,6923,7,153,-488,-227,500,123,223,125
4,7,6924,7,154,-387,-245,500,163,216,125
4,7,6925,7,155,-326,-237,500,188,219,125
4,7,6926,7,156,-310,-228,500,194,223,125
4,7,6927,7,157,-248,-232,500,219,221,125
4,7,6928,7,158,-212,-250,500,233,214,125
4,7,6929,7,159,-759,-216,500,15,227,126
4,7,6930,7,160,-689,-198,500,42,235,126
4,7,6931,7,161,-608,-190,500,75,238,126
4,7,6932,7,162,-591,-178,500,81,243,126
4,7,6933,7,163,-572,-191,500,89,238,126
4,7,6934,7,164,-522,-205,500,109,232,126
4,7,6935,7,165,-501,-221,500,118,226,125
4,7,6936,7,166,-441,-200,500,142,234,126
4,7,6937,7,167,-460,-211,500,134,229,126
4,7,6938,7,168,-428,-178,500,147,243,126
4,7,6939,7,169,-421,-206,500,150,232,126
4,7,6940,7,170,-398,-202,500,159,233,126
4,7,6941,7,171,-337,-208,500,183,231,126
4,7,6942,7,172,-242,-198,500,221,235,126
4,7,6943,7,173,-253,-192,500,217,237,126
4,7,6944,7,174,-779,-147,500,6,255,127
4,7,6945,7,175,-772,-172,500,9,245,126
4,7,6946,7,176,-725,-152,500,28,253,127
4,7,6947,7,177,-654,-157,500,56,251,126
4,7,6948,7,178,-567,-148,500,91,255,127
4,7,6949,7,179,-555,-142,500,96,257,127
4,7,6950,7,180,-564,-159,500,92,250,126
4,7,6951,7,181,-518,-169,500,111,246,126
4,7,6952,7,182,-537,-148,500,103,255,127
4,7,6953,7,183,-491,-160,500,121,250,126
4,7,6954,7,184,-499,-165,500,118,248,126
4,7,6955,7,185,-475,-141,500,128,258,127
4,7,6956,7,186,-452,-164,500,137,248,126
4,7,6957,7,187,-405,-173,500,156,245,126
4,7,6958,7,188,-372,-168,500,169,247,126
4,7,6959,7,189,-285,-158,500,204,251,126
4,7,6960,7,190,-244,-165,500,220,248,126
4,7,6961,7,191,-245,-145,500,220,256,127
4,7,6962,7,192,-699,-110,500,38,270,127
4,7,6963,7,193,-647,-115,500,59,268,127
4,7,6964,7,194,-664,-116,500,52,268,127
4,7,6965,7,195,-592,-126,500,81,264,127
4,7,6966,7,196,-560,-133,500,94,261,127
4,7,6967,7,197,-580,-118,500,86,267,127
4,7,6968,7,198,-535,-114,500,104,268,127
4,7,6969,7,199,-527,-131,500,107,262,127
4,7,6970,7,200,-478,-109,500,127,270,127
4,7,6971,7,201,-447,-102,500,139,273,127
4,7,6972,7,202,-404,-125,500,156,264,127
4,7,6973,7,203,-422,-103,500,149,273,127
4,7,6974,7,204,-368,-113,500,171,269,127
4,7,6975,7,205,-327,-127,500,187,263,127
4,7,6976,7,206,-290,-125,500,202,264,127
4,7,6977,7,207,-288,-100,500,203,274,127
4,7,6978,7,208,-240,-129,500,222,262,127
4,7,6979,7,209,-229,-100,500,226,274,127
4,7,6980,7,210,-778,-72,500,7,285,128
4,7,6981,7,211,-732,-65,500,25,288,128
4,7,6982,7,212,-693,-87,500,41,279,128
4,7,6983,7,213,-615,-81,500,72,282,128
4,7,6984,7,214,-592,-81,500,81,282,128
4,7,6985,7,215,-536,-77,500,104,283,128
4,7,6986,7,216,-416,-87,500,152,279,128
4,7,6987,7,217,-373,-71,500,169,286,128
4,7,6988,7,218,-321,-89,500,190,278,128
4,7,6989,7,219,-322,-61,500,189,290,128
4,7,6990,7,220,-292,-71,500,201,286,128
4,7,6991,7,221,-290,-86,500,202,280,128
4,7,6992,7,222,-759,-41,500,14,298,128
4,7,6993,7,223,-728,-40,500,27,298,128
4,7,6994,7,224,-739,-44,500,22,296,128
4,7,6995,7,225,-652,-42,500,57,297,128
4,7,6996,7,226,-617,-27,500,71,303,129
4,7,6997,7,227,-621,-39,500,69,298,128
4,7,6998,7,228,-577,-36,500,87,299,128
4,7,6999,7,229,-532,-37,500,105,299,128
4,7,7000,7,230,-490,-35,500,122,300,129
4,7,7001,7,231,-449,-49,500,138,294,128
4,7,7002,7,232,-428,-29,500,147,302,129
4,7,7003,7,233,-367,-38,500,171,299,128
4,7,7004,7,234,-387,-35,500,163,300,129
4,7,7005,7,235,-365,-52,500,172,293,128
4,7,7006,7,236,-322,-36,500,189,300,128
4,7,7007,7,237,-270,-46,500,210,295,128
4,7,7008,7,238,-747,7,500,19,317,129
4,7,7009,7,239,-727,-5,500,27,312,129
4,7,7010,7,240,-733,-21,500,25,306,129
4,7,7011,7,241,-653,-7,500,57,311,129
4,7,7012,7,242,-616,2,500,71,315,129
4,7,7013,7,243,-607,12,500,75,319,129
4,7,7014,7,244,-575,15,500,88,320,129
4,7,7015,7,245,-522,3,500,109,315,129
4,7,7016,7,246,-525,-15,500,108,308,129
4,7,7017,7,247,-484,-5,500,124,312,129
4,7,7018,7,248,-459,-1,500,134,314,129
4,7,7019,7,249,-367,-6,500,171,311,129
4,7,7020,7,250,-379,5,500,166,316,129
4,7,7021,7,251,-338,0,500,183,314,129
4,7,7022,7,252,-337,8,500,183,317,129
4,7,7023,7,253,-293,-5,500,201,312,129
4,7,7024,7,254,-211,-23,500,234,305,129
4,7,7025,7,255,-761,56,500,14,336,130
4,7,7026,7,256,-692,40,500,41,330,130
4,7,7027,7,257,-676,57,500,48,337,130
4,7,7028,7,258,-611,37,500,74,329,130
4,7,7029,7,259,-596,50,500,79,334,130
4,7,7030,7,260,-534,50,500,105,334,130
4,7,7031,7,261,-542,28,500,101,325,130
4,7,7032,7,262,-445,46,500,140,332,130
4,7,7033,7,263,-442,37,500,141,329,130
4,7,7034,7,264,-398,42,500,159,331,130
4,7,7035,7,265,-405,23,500,156,323,129
4,7,7036,7,266,-363,41,500,173,331,130
4,7,7037,7,267,-373,29,500,169,326,130
4,7,7038,7,268,-330,42,500,186,331,130
4,7,7039,7,269,-345,38,500,180,329,130
4,7,7040,7,270,-329,30,500,187,326,130
4,7,7041,7,271,-281,21,500,205,322,129
4,7,7042,7,272,-236,16,500,224,320,129
4,7,7043,7,273,-183,47,500,245,333,130
4,7,7044,7,274,-759,86,500,14,349,131
4,7,7045,7,275,-691,78,500,42,345,130
4,7,7046,7,276,-615,76,500,72,344,130
4,7,7047,7,277,-493,75,500,121,344,130
4,7,7048,7,278,-458,77,500,135,345,130
4,7,7049,7,279,-413,70,500,153,342,130
4,7,7050,7,280,-364,84,500,172,348,130
4,7,7051,7,281,-281,90,500,206,350,131
4,7,7052,7,282,-276,59,500,207,338,130
4,7,7053,7,283,-257,85,500,215,348,131
4,7,7054,7,284,-239,74,500,222,344,130
4,7,7055,7,285,-237,99,500,223,354,131
4,7,7056,7,286,-195,74,500,240,344,130
4,7,7057,7,287,-731,114,500,26,360,131
4,7,7058,7,288,-694,109,500,40,358,131
4,7,7059,7,289,-667,125,500,51,364,131
4,7,7060,7,290,-660,102,500,54,355,131
4,7,7061,7,291,-617,137,500,71,369,131
4,7,7062,7,292,-580,117,500,86,361,131
4,7,7063,7,293,-522,125,500,109,364,131
4,7,7064,7,294,-538,121,500,103,362,131
4,7,7065,7,295,-486,113,500,123,359,131
4,7,7066,7,296,-401,121,500,158,363,131
4,7,7067,7,297,-360,108,500,174,357,131
4,7,7068,7,298,-343,122,500,181,363,131
4,7,7069,7,299,-298,125,500,199,364,131
4,7,7070,7,300,-243,110,500,221,358,131
4,7,7071,7,301,-257,121,500,215,363,131
4,7,7072,7,302,-239,125,500,222,364,131
4,7,7073,7,303,-778,151,500,7,374,132
4,7,7074,7,304,-730,151,500,26,374,132
4,7,7075,7,305,-699,155,500,39,376,132
4,7,7076,7,306,-674,145,500,48,372,132
4,7,7077,7,307,-684,179,500,45,386,132
4,7,7078,7,308,-696,139,500,39,370,131
4,7,7079,7,309,-657,166,500,55,381,132
4,7,7080,7,310,-610,165,500,74,380,132
4,7,7081,7,311,-561,166,500,94,380,132
4,7,7082,7,312,-580,154,500,86,375,132
4,7,7083,7,313,-525,170,500,108,382,132
4,7,7084,7,314,-535,152,500,104,375,132
4,7,7085,7,315,-508,168,500,115,381,132
4,7,7086,7,316,-481,154,500,126,376,132
4,7,7087,7,317,-487,168,500,123,381,132
4,7,7088,7,318,-463,169,500,133,381,132
4,7,7089,7,319,-474,148,500,128,373,132
4,7,7090,7,320,-403,167,500,157,381,132
4,7,7091,7,321,-364,153,500,173,375,132
4,7,7092,7,322,-376,161,500,168,379,132
4,7,7093,7,323,-334,151,500,184,374,132
4,7,7094,7,324,-228,156,500,227,376,132
4,7,7095,7,325,-222,138,500,229,369,131
4,7,7096,7,326,-681,191,500,45,391,132
4,7,7097,7,327,-681,203,500,46,395,132
4,7,7098,7,328,-697,199,500,39,393,132
4,7,7099,7,329,-605,199,500,76,393,132
4,7,7100,7,330,-576,185,500,88,388,132
4,7,7101,7,331,-484,202,500,124,395,132
4,7,7102,7,332,-448,198,500,139,393,132
4,7,7103,7,333,-433,193,500,145,391,132
4,7,7104,7,334,-359,213,500,175,399,133
4,7,7105,7,335,-337,195,500,183,392,132
4,7,7106,7,336,-333,206,500,185,396,133
4,7,7107,7,337,-287,193,500,203,391,132
4,7,7108,7,338,-248,199,500,219,394,132
4,7,7109,7,339,-185,210,500,244,398,133
4,7,7110,7,340,-743,239,500,21,410,133
4,7,7111,7,341,-678,246,500,47,412,133
4,7,7112,7,342,-646,248,500,59,413,133
4,7,7113,7,343,-657,245,500,55,412,133
4,7,7114,7,344,-568,226,500,91,404,133
4,7,7115,7,345,-535,226,500,104,404,133
4,7,7116,7,346,-487,250,500,123,414,133
4,7,7117,7,347,-402,230,500,157,406,133
4,7,7118,7,348,-402,248,500,157,413,133
4,7,7119,7,349,-371,248,500,169,413,133
4,7,7120,7,350,-356,234,500,176,408,133
4,7,7121,7,351,-346,244,500,180,412,133
4,7,7122,7,352,-326,230,500,188,406,133
4,7,7123,7,353,-684,299,500,44,434,134
4,7,7124,7,354,-579,300,500,86,434,134
4,7,7125,7,355,-392,288,500,161,429,134
4,7,7126,7,356,-332,262,500,185,419,133
4,7,7127,7,357,-348,297,500,179,433,134
4,7,7128,7,358,-285,278,500,204,425,134
4,7,7129,7,359,-261,296,500,214,432,134
4,7,7130,7,360,-777,283,500,7,427,134
4,7,7131,7,361,-656,305,500,56,436,134
4,7,7132,7,362,-416,309,500,152,438,134
4,7,7133,7,363,-199,-437,500,238,139,122
4,7,7134,7,364,-223,-64,500,229,288,128
4,7,7135,7,365,-205,268,500,236,421,134
4,7,7136,7,366,-195,-544,500,240,96,120
4,7,7137,7,367,-586,-294,500,83,196,124
4,7,7138,7,368,-699,-139,500,38,258,127
4,7,7139,7,369,-218,61,500,231,338,130
4,7,7140,7,370,-337,97,500,183,353,131
4,7,7141,7,371,-206,24,500,236,324,129
4,7,7142,7,372,-226,-21,500,228,306,129
4,7,7143,7,373,-230,-262,500,226,209,125
4,7,7144,7,374,-512,289,500,113,429,134
4,7,7145,7,375,-674,266,500,49,421,134
4,7,7146,7,376,-754,268,500,16,421,134
4,7,7147,7,377,-618,-373,500,71,165,123
4,7,7148,7,378,-667,-102,500,51,273,127
4,7,7149,7,379,-383,-626,500,165,63,119
4,7,7150,7,380,-421,-535,500,150,100,120
4,7,7151,7,381,-503,-379,500,117,162,123
4,7,7152,7,382,-500,-495,500,118,116,121
4,7,7153,7,383,-429,279,500,146,426,134
4,7,7154,7,384,-225,-177,500,228,243,126
4,7,7155,7,385,-315,-182,500,192,241,126
4,7,7156,7,386,-579,-138,500,87,259,127
4,7,7157,7,387,-516,-257,500,112,211,125
4,7,7158,7,388,-353,131,500,177,366,131
4,7,7159,7,389,-392,-221,500,161,225,125
4,7,7160,7,390,-223,97,500,229,353,131
4,7,7161,7,391,-371,-336,500,170,180,124
4,7,7162,7,392,-310,174,500,194,383,132
4,7,7163,7,393,-542,-389,500,101,158,123
4,7,7164,7,394,-758,149,500,15,374,132
4,7,7165,7,395,-341,308,500,182,437,134
4,7,7166,7,396,-630,-67,500,66,287,128
4,7,7167,7,397,-467,-104,500,131,272,127
4,7,7168,7,398,-205,-142,500,236,257,127
4,7,7169,7,399,-313,-22,500,193,305,129
4,7,7170,7,400,-555,-179,500,96,242,126
4,7,7171,7,401,-311,-103,500,194,273,127
4,7,7172,7,402,-315,-136,500,192,260,127
4,7,7173,7,403,-549,-456,500,98,132,122
4,7,7174,7,404,-543,-420,500,101,146,122
4,7,7175,7,405,-709,257,500,35,417,133
4,7,7176,7,406,-395,-138,500,160,259,127
4,7,7177,7,407,-466,-63,500,131,289,128
4,7,7178,7,408,-551,-17,500,98,307,129
4,7,7179,7,409,-270,-499,500,210,114,121
4,7,7180,7,410,-398,-574,500,159,84,120
4,7,7181,7,411,-547,-502,500,99,113,121
4,7,7182,7,412,-585,-412,500,84,149,122
4,7,7183,7,413,-711,287,500,34,429,134
4,7,7184,7,414,-636,-260,500,64,210,125
4,7,7185,7,415,-633,172,500,65,383,132
4,7,7186,7,416,-309,-65,500,194,288,128
4,7,7187,7,417,-427,103,500,147,355,131
4,7,7188,7,418,-392,273,500,161,423,134
4,7,7189,7,419,-514,66,500,112,340,130
4,7,7190,7,420,-385,-302,500,164,193,124
4,7,7191,7,421,-265,-185,500,212,240,126
4,7,7192,7,422,-390,65,500,162,340,130
4,7,7193,7,423,-546,285,500,100,428,134
4,7,7194,7,424,-188,-91,500,243,278,128
4,7,7195,7,425,-546,-68,500,100,287,128
4,7,7196,7,426,-664,291,500,52,430,134
4,7,7197,7,427,-434,-347,500,144,175,123
4,7,7198,7,428,-194,61,500,240,338,130
4,7,7199,7,429,-429,-220,500,147,226,125
4,7,7200,7,430,-191,-385,500,242,160,123
4,7,7201,7,431,-427,13,500,147,319,129
4,7,7202,7,432,-738,-254,500,23,213,125
4,7,7203,7,433,-233,-419,500,225,147,122
4,7,7204,7,434,-473,-656,500,129,52,118
4,7,7205,7,435,-555,-338,500,96,179,123
4,7,7206,7,436,-629,99,500,66,354,131
4,7,7207,7,437,-750,214,500,18,400,133
4,7,7208,7,438,-750,-64,500,18,289,128
4,7,7209,7,439,-748,-575,500,19,84,120
4,7,7210,7,440,-193,17,500,241,321,129
4,7,7211,7,441,-396,-17,500,159,307,129
4,7,7212,7,442,-267,-457,500,211,131,122
4,7,7213,7,443,-391,-698,500,162,35,118
4,7,7214,7,444,-258,-259,500,215,210,125
4,7,7215,7,445,-664,-463,500,52,129,121
4,7,7216,7,446,-219,292,500,230,431,134
4,7,7217,7,447,-650,-377,500,58,163,123
4,7,7218,7,448,-349,260,500,178,418,133
4,7,7219,7,449,-344,-342,500,181,177,123
4,7,7220,7,450,-212,137,500,233,369,131
4,7,7221,7,451,-509,-622,500,114,65,119
4,7,7222,7,452,-750,105,500,18,356,131
4,7,7223,7,453,-431,298,500,146,433,134
4,7,7224,7,454,-714,224,500,32,404,133
4,7,7225,7,455,-307,300,500,195,434,134
4,7,7226,7,456,-390,18,500,162,321,129
4,7,7227,7,457,-752,-26,500,17,304,129
4,7,7228,7,458,-489,141,500,122,371,131
4,7,7229,7,459,-746,-422,500,20,145,122
4,7,7230,7,460,-465,285,500,132,428,134
4,7,7231,7,461,-369,-462,500,170,129,121
4,7,7232,7,462,-743,252,500,21,415,133
4,7,7233,7,463,-660,-380,500,54,162,123
4,7,7234,7,464,-191,140,500,242,370,131
4,7,7235,7,465,-309,-741,500,194,17,117
4,7,7236,7,466,-208,-575,500,235,84,120
4,7,7237,7,467,-632,258,500,65,417,133
4,7,7238,7,468,-544,-538,500,101,99,120
4,7,7239,7,469,-555,273,500,96,423,134
4,7,7240,7,470,-353,-461,500,177,130,121
4,7,7241,7,471,-266,263,500,211,419,133
4,7,7242,7,472,-504,-61,500,116,289,128
4,7,7243,7,473,-442,-258,500,141,211,125
4,7,7244,7,474,-222,175,500,229,384,132
4,7,7245,7,475,-266,218,500,212,401,133
4,7,7246,7,476,-747,176,500,19,384,132
4,7,7247,7,477,-662,-502,500,53,113,121
4,7,7248,7,478,-241,-218,500,222,227,125
4,7,7249,7,479,-585,143,500,84,371,131
4,7,7250,7,480,-196,-496,500,240,115,121
4,7,7251,7,481,-277,-667,500,207,47,118
4,7,7252,7,482,-473,3,500,129,315,129
4,7,7253,7,483,-200,-163,500,238,249,126
4,7,7254,7,484,-302,30,500,197,326,130
4,7,7255,7,485,-519,92,500,110,351,131
4,7,7256,7,486,-616,-154,500,72,252,127
4,7,7257,7,487,-472,-180,500,129,242,126
4,7,7258,7,488,-225,-160,500,228,250,126
4,7,7259,7,489,-348,-144,500,179,256,127
4,7,7260,7,490,-273,308,500,209,437,134
4,7,7261,7,491,-695,309,500,40,438,134
4,7,7262,7,492,-741,-389,500,22,158,123
4,7,7263,7,493,-224,-46,500,228,296,128
4,7,7264,7,494,-711,-21,500,34,306,129
4,7,7265,7,495,-430,262,500,146,419,133
4,7,7266,7,496,-309,-348,500,194,175,123
4,7,7267,7,497,-265,11,500,212,318,129
4,7,7268,7,498,-514,-420,500,113,146,122
4,7,7269,7,499,-460,-373,500,134,165,123
4,7,7270,7,500,-630,272,500,66,423,134
4,7,7271,7,501,-474,257,500,128,417,133
4,7,7272,7,502,-271,-101,500,210,274,127
4,7,7273,7,503,-382,-262,500,165,209,125
4,7,7274,7,504,-550,-101,500,98,273,127
4,7,7275,7,505,-225,-79,500,228,282,128
4,7,7276,7,506,-313,12,500,193,319,129
4,7,7277,7,507,-342,-93,500,181,277,128
4,7,7278,7,508,-504,-23,500,116,305,129
4,7,7279,7,509,-744,-216,500,20,228,126
4,7,7280,7,510,-432,59,500,145,338,130
4,7,7281,7,511,-434,-60,500,144,290,128
4,7,7282,7,512,-227,-363,500,227,169,123
4,7,7283,7,513,-466,-696,500,132,36,118
4,7,7284,7,514,-201,-262,500,238,209,125
4,7,7285,7,515,-384,-522,500,164,105,120
4,7,7286,7,516,-504,222,500,116,403,133
4,7,7287,7,517,-274,-539,500,209,98,120
4,7,7288,7,518,-196,-53,500,239,293,128
4,7,7289,7,519,-602,-548,500,77,95,120
4,7,7290,7,520,-708,-346,500,35,175,123
4,7,7291,7,521,-639,-579,500,63,82,119
4,7,7292,7,522,-537,269,500,103,422,134
4,7,7293,7,523,-747,-141,500,19,258,127
4,7,7294,7,524,-508,-136,500,115,260,127
4,7,7295,7,525,-702,29,500,37,325,130
4,7,7296,7,526,-457,253,500,135,415,133
4,7,7297,7,527,-573,39,500,89,329,130
4,7,7298,7,528,-578,-226,500,87,224,125
4,7,7299,7,529,-477,-500,500,127,114,121
4,7,7300,7,530,-589,272,500,82,423,134
4,7,7301,7,531,-266,-401,500,212,154,122
4,7,7302,7,532,-227,-137,500,227,259,127
4,7,7303,7,533,-622,-297,500,69,195,124
4,7,7304,7,534,-693,-63,500,41,289,128
4,7,7305,7,535,-499,-331,500,118,182,124
4,7,7306,7,536,-577,-77,500,87,283,128
4,7,7307,7,537,-705,93,500,36,351,131
4,7,7308,7,538,-285,-373,500,204,165,123
4,7,7309,7,539,-265,-213,500,212,229,126
4,7,7310,7,540,-200,-402,500,238,153,122
4,7,7311,7,541,-258,-131,500,215,262,127
4,7,7312,7,542,-602,-67,500,77,287,128
4,7,7313,7,543,-196,-8,500,240,311,129
4,7,7314,7,544,-401,-57,500,158,291,128
4,7,7315,7,545,-369,-387,500,170,159,123
4,7,7316,7,546,-677,77,500,47,345,130
4,7,7317,7,547,-210,302,500,234,435,134
4,7,7318,7,548,-516,37,500,112,329,130
4,7,7319,7,549,-518,-551,500,111,94,120
4,7,7320,7,550,-481,-559,500,126,90,120
4,7,7321,7,551,-250,-28,500,218,303,129
4,7,7322,7,552,-301,-395,500,198,156,123
4,7,7323,7,553,-758,-201,500,15,234,126
4,7,7324,7,554,-245,-8,500,220,311,129
4,7,7325,7,555,-212,308,500,233,437,134
4,7,7326,7,556,-189,308,500,242,437,134
4,7,7327,7,557,-469,307,500,130,437,134
4,7,7328,7,558,-364,294,500,172,431,134
4,7,7329,7,559,-790,299,500,2,434,134
4,7,7330,7,560,-327,-222,500,187,225,125
4,7,7331,7,561,-467,-273,500,131,205,125
4,7,7332,7,562,-363,-581,500,173,81,119
4,7,7333,7,563,-342,279,500,181,425,134
4,7,7334,7,564,-457,-463,500,135,129,121
4,7,7335,7,565,-489,-340,500,122,178,123
4,7,7336,7,566,-355,-192,500,176,237,126
4,7,7337,7,567,-311,-72,500,194,285,128
4,7,7338,7,568,-293,279,500,201,426,134
4,7,7339,7,569,-670,-405,500,50,152,122
4,7,7340,7,570,-523,-416,500,109,148,122
4,7,7341,7,571,-248,23,500,219,323,129
4,7,7342,7,572,-199,-197,500,238,235,126
4,7,7343,7,573,-310,-429,500,194,143,122
4,7,7344,7,574,-475,-439,500,128,138,122
4,7,7345,7,575,-442,-504,500,141,112,121
4,7,7346,7,576,-492,-99,500,121,274,127
4,7,7347,7,577,-466,-158,500,131,251,126
4,7,7348,7,578,-410,-100,500,154,274,127
4,7,7349,7,579,-607,300,500,75,434,134
4,7,7350,7,580,-720,289,500,30,430,134
4,7,7351,7,581,-473,-74,500,129,284,128
4,7,7352,7,582,-684,104,500,44,356,131
4,7,7353,7,583,-631,-160,500,66,250,126
4,7,7354,7,584,-631,80,500,65,346,130
4,7,7355,7,585,-334,-580,500,184,82,119
4,7,7356,7,586,-390,193,500,162,391,132
4,7,7357,7,587,-669,-525,500,50,104,120
4,7,7358,7,588,-348,-236,500,179,219,125
4,7,7359,7,589,-462,-423,500,133,145,122
4,7,7360,7,590,-295,16,500,200,320,129
4,7,7361,7,591,-457,-503,500,135,113,121
4,7,7362,7,592,-707,-277,500,35,203,125
4,7,7363,7,593,-488,-574,500,123,84,120
4,7,7364,7,594,-774,-265,500,8,208,125
4,7,7365,7,595,-527,-502,500,107,113,121
4,7,7366,7,596,-738,-300,500,23,194,124
4,7,7367,7,597,-611,-302,500,74,193,124
4,7,7368,7,598,-409,-583,500,155,81,119
4,7,7369,7,599,-777,256,500,7,417,133
4,7,7370,7,600,-351,245,500,177,412,133
4,7,7371,7,601,-548,-249,500,99,215,125
4,7,7372,7,602,-408,-420,500,155,146,122
4,7,7373,7,603,-539,-298,500,102,195,124
4,7,7374,7,604,-457,-58,500,135,291,128
4,7,7375,7,605,-550,-280,500,98,202,124
4,7,7376,7,606,-408,262,500,155,419,133
4,7,7377,7,607,-356,-278,500,176,203,124
4,7,7378,7,608,-315,-238,500,192,219,125
4,7,7379,7,609,-769,22,500,11,323,129
4,7,7380,7,610,-567,-261,500,91,210,125
4,7,7381,7,611,-467,-197,500,131,235,126
4,7,7382,7,612,-751,-274,500,18,204,125
4,7,7383,7,613,-368,-105,500,171,272,127
4,7,7384,7,614,-589,-445,500,83,136,122
4,7,7385,7,615,-256,-582,500,215,81,119
4,7,7386,7,616,-392,-562,500,161,89,120
4,7,7387,7,617,-683,-22,500,45,305,129
4,7,7388,7,618,-247,-344,500,219,176,123
4,7,7389,7,619,-776,-101,500,7,274,127
4,7,7390,7,620,-469,195,500,131,392,132
4,7,7391,7,621,-298,-148,500,199,255,127
4,7,7392,7,622,-384,-197,500,164,235,126
4,7,7393,7,623,-692,-382,500,41,161,123
4,7,7394,7,624,-307,-44,500,195,296,128
4,7,7395,7,625,-425,-233,500,148,221,125
4,7,7396,7,626,-230,-564,500,226,88,120
4,7,7397,7,627,-572,-105,500,89,272,127
4,7,7398,7,628,-221,-487,500,230,119,121
4,7,7399,7,629,-726,22,500,28,323,129
4,7,7400,7,630,-355,-408,500,176,151,122
4,7,7401,7,631,-687,-423,500,43,145,122
4,7,7402,7,632,-228,84,500,227,348,130
4,7,7403,7,633,-318,57,500,191,337,130
4,7,7404,7,634,-507,84,500,115,348,130
4,7,7405,7,635,-414,253,500,152,415,133
4,7,7406,7,636,-561,306,500,93,436,134
4,7,7407,7,637,-561,-501,500,94,113,121
4,7,7408,7,638,-268,-248,500,211,215,125
4,7,7409,7,639,-272,46,500,209,332,130
4,7,7410,7,640,-232,-191,500,225,238,126
4,7,7411,7,641,-266,-551,500,212,94,120
4,7,7412,7,642,-595,-217,500,80,227,125
4,7,7413,7,643,-480,-454,500,126,133,122
4,7,7414,7,644,-268,-36,500,211,300,128
4,7,7415,7,645,-493,-255,500,121,212,125
4,7,7416,7,646,-282,-65,500,205,288,128
4,7,7417,7,647,-670,-437,500,50,139,122
4,7,7418,7,648,-706,-189,500,36,239,126
4,7,7419,7,649,-466,-27,500,132,303,129
4,7,7420,7,650,-768,307,500,11,437,134
4,7,7421,7,651,-413,178,500,153,385,132
4,7,7422,7,652,-455,-541,500,136,98,120
4,7,7423,7,653,-210,114,500,234,360,131
4,7,7424,7,654,-620,306,500,70,436,134
4,7,7425,7,655,-548,67,500,99,341,130
4,7,7426,7,656,-353,-601,500,177,73,119
4,7,7427,7,657,-321,261,500,190,418,133
4,7,7428,7,658,-533,99,500,105,354,131
4,7,7429,7,659,-190,-36,500,242,299,128
4,7,7430,7,660,-266,-272,500,212,205,125
4,7,7431,7,661,-598,-582,500,79,81,119
4,7,7432,7,662,-473,-295,500,129,196,124
4,7,7433,7,663,-456,271,500,135,422,134
4,7,7434,7,664,-499,-580,500,118,82,119
4,7,7435,7,665,-503,-111,500,117,270,127
4,7,7436,7,666,-192,-207,500,241,231,126
4,7,7437,7,667,-400,-298,500,158,195,124
4,7,7438,7,668,-654,-20,500,57,306,129
4,7,7439,7,669,-550,113,500,98,359,131
4,7,7440,7,670,-426,82,500,148,347,130
4,7,7441,7,671,-397,-476,500,159,124,121
4,7,7442,7,672,-328,-616,500,187,68,119
4,7,7443,7,673,-563,104,500,93,356,131
4,7,7444,7,674,-651,142,500,58,371,131
4,7,7445,7,675,-345,-400,500,180,154,122
4,7,7446,7,676,-329,-18,500,186,307,129
4,7,7447,7,677,-642,297,500,61,433,134
4,7,7448,7,678,-256,105,500,216,356,131
4,7,7449,7,679,-421,-435,500,150,140,122
4,7,7450,7,680,-191,191,500,241,390,132
4,7,7451,7,681,-234,240,500,225,410,133
4,7,7452,7,682,-605,-23,500,76,305,129
4,7,7453,7,683,-208,81,500,235,346,130
4,7,7454,7,684,-708,42,500,35,331,130
4,7,7455,7,685,-306,200,500,196,394,132
4,7,7456,7,686,-217,-401,500,231,153,122
4,7,7457,7,687,-491,-664,500,121,48,118
4,7,7458,7,688,-695,-25,500,40,304,129
4,7,7459,7,689,-469,-313,500,130,189,124
4,7,7460,7,690,-646,281,500,60,427,134
4,7,7461,7,691,-437,-245,500,143,216,125
4,7,7462,7,692,-490,25,500,122,324,130
4,7,7463,7,693,-493,-412,500,121,149,122
4,7,7464,7,694,-386,116,500,164,361,131
4,7,7465,7,695,-702,-392,500,37,157,123
4,7,7466,7,696,-368,-427,500,171,143,122
4,7,7467,7,697,-576,96,500,88,352,131
4,7,7468,7,698,-238,-480,500,223,122,121
4,7,7469,7,699,-205,236,500,236,409,133
4,7,7470,7,700,-604,-107,500,76,271,127
4,7,7471,7,701,-738,299,500,23,434,134
4,7,7472,7,702,-408,-740,500,155,18,117
4,7,7473,7,703,-422,-338,500,149,179,123
4,7,7474,7,704,-628,110,500,67,358,131
4,7,7475,7,705,-670,-480,500,50,122,121
4,7,7476,7,706,-550,-33,500,98,301,129
4,7,7477,7,707,-557,-445,500,95,136,122
4,7,7478,7,708,-625,-360,500,68,170,123
4,7,7479,7,709,-472,74,500,129,344,130
4,7,7480,7,710,-247,284,500,219,428,134
4,7,7481,7,711,-194,-79,500,240,282,128
4,7,7482,7,712,-598,-117,500,79,267,127
4,7,7483,7,713,-323,-696,500,189,36,118
4,7,7484,7,714,-320,-374,500,190,164,123
4,7,7485,7,715,-334,-374,500,184,165,123
4,7,7486,7,716,-483,59,500,125,338,130
4,7,7487,7,717,-604,95,500,76,352,131
4,7,7488,7,718,-469,182,500,130,387,132
4,7,7489,7,719,-610,63,500,74,339,130
4,7,7490,7,720,-600,175,500,78,384,132
4,7,7491,7,721,-671,-34,500,50,300,129
4,7,7492,7,722,-381,-4,500,166,312,129
4,7,7493,7,723,-313,241,500,193,410,133
4,7,7494,7,724,-732,-224,500,25,224,125
4,7,7495,7,725,-581,-397,500,86,155,123
4,7,7496,7,726,-345,-443,500,180,137,122
4,7,7497,7,727,-447,-580,500,139,82,119
4,7,7498,7,728,-351,-565,500,177,88,120
4,7,7499,7,729,-419,-143,500,150,257,127
4,7,7500,7,730,-771,298,500,10,433,134
4,7,7501,7,731,-433,159,500,145,378,132
4,7,7502,7,732,-562,296,500,93,432,134
4,7,7503,7,733,-475,298,500,128,433,134
4,7,7504,7,734,-632,-178,500,65,243,126
4,7,7505,7,735,-450,148,500,138,373,132
4,7,7506,7,736,-477,-123,500,127,265,127
4,7,7507,7,737,-322,22,500,189,323,129
4,7,7508,7,738,-601,-508,500,78,111,121
4,7,7509,7,739,-351,158,500,178,377,132
4,7,7510,7,740,-390,-322,500,162,185,124
4,7,7511,7,741,-294,100,500,200,354,131
4,7,7512,7,742,-670,-319,500,50,186,124
4,7,7513,7,743,-603,-296,500,77,195,124
4,7,7514,7,744,-665,193,500,52,391,132
4,7,7515,7,745,-514,240,500,113,410,133
4,7,7516,7,746,-714,-49,500,32,294,128
4,7,7517,7,747,-367,-220,500,171,226,125
4,7,7518,7,748,-238,177,500,223,385,132
4,7,7519,7,749,-362,-500,500,173,114,121
4,7,7520,7,750,-648,-461,500,59,129,121
4,7,7521,7,751,-191,-237,500,242,219,125
4,7,7522,7,752,-364,-227,500,172,223,125
4,7,7523,7,753,-437,-365,500,143,168,123
4,7,7524,7,754,-362,54,500,173,336,130
4,7,7525,7,755,-608,-331,500,75,181,124
4,7,7526,7,756,-310,-565,500,194,88,120
4,7,7527,7,757,-245,-462,500,220,129,121
4,7,7528,7,758,-212,-208,500,233,231,126
4,7,7529,7,759,-235,-649,500,224,54,118
4,7,7530,7,760,-753,-96,500,17,276,127
4,7,7531,7,761,-216,201,500,232,394,132
4,7,7532,7,762,-410,-228,500,154,223,125
4,7,7533,7,763,-359,-166,500,174,248,126
4,7,7534,7,764,-567,-622,500,91,65,119
4,7,7535,7,765,-624,-329,500,68,182,124
4,7,7536,7,766,-539,-565,500,102,88,120
4,7,7537,7,767,-564,-387,500,92,159,123
4,7,7538,7,768,-276,-520,500,207,106,120
4,7,7539,7,769,-603,-624,500,77,64,119
4,7,7540,7,770,-556,8,500,96,317,129
4,7,7541,7,771,-702,-169,500,37,246,126
4,7,7542,7,772,-356,-386,500,176,160,123
4,7,7543,7,773,-615,-263,500,72,209,125
4,7,7544,7,774,-348,190,500,179,390,132
4,7,7545,7,775,-513,116,500,113,360,131
4,7,7546,7,776,-415,96,500,152,352,131
4,7,7547,7,777,-636,226,500,63,404,133
4,7,7548,7,778,-562,-322,500,93,185,124
4,7,7549,7,779,-468,-475,500,131,124,121
4,7,7550,7,780,-531,-56,500,106,292,128
4,7,7551,7,781,-591,246,500,82,412,133
4,7,7552,7,782,-294,180,500,200,386,132
4,7,7553,7,783,-748,-405,500,19,152,122
4,7,7554,7,784,-747,-359,500,19,170,123
4,7,7555,7,785,-411,-388,500,154,159,123
4,7,7556,7,786,-723,-174,500,29,244,126
4,7,7557,7,787,-591,133,500,82,367,131
4,7,7558,7,788,-730,-499,500,26,114,121
4,7,7559,7,789,-469,-670,500,130,46,118
4,7,7560,7,790,-726,137,500,28,369,131
4,7,7561,7,791,-504,-271,500,116,206,125
4,7,7562,7,792,-749,86,500,19,349,131
4,7,7563,7,793,-470,239,500,130,410,133
4,7,7564,7,794,-731,-98,500,26,275,127
4,7,7565,7,795,-373,50,500,169,334,130
4,7,7566,7,796,-509,-398,500,114,155,122
4,7,7567,7,797,-550,-209,500,98,230,126
4,7,7568,7,798,-563,-21,500,93,306,129
4,7,7569,7,799,-628,-112,500,67,269,127
4,7,7570,7,800,-480,-65,500,126,288,128
4,7,7571,7,801,-192,-142,500,241,257,127
4,7,7572,7,802,-774,-292,500,9,197,124
4,7,7573,7,803,-592,-601,500,81,74,119
4,7,7574,7,804,-223,-239,500,229,218,125
4,7,7575,7,805,-513,198,500,113,393,132
4,7,7576,7,806,-431,236,500,146,409,133
4,7,7577,7,807,-282,-574,500,205,84,120
4,7,7578,7,808,-454,184,500,136,388,132
4,7,7579,7,809,-308,-598,500,195,75,119
4,7,7580,7,810,-321,-301,500,190,194,124
4,7,7581,7,811,-681,-662,500,46,49,118
4,7,7582,7,812,-634,-639,500,64,59,118
4,7,7583,7,813,-713,122,500,33,363,131
4,7,7584,7,814,-556,202,500,96,395,132
4,7,7585,7,815,-586,-162,500,84,249,126
4,7,7586,7,816,-692,60,500,41,338,130
4,7,7587,7,817,-188,171,500,243,382,132
4,7,7588,7,818,-382,-638,500,165,59,119
4,7,7589,7,819,-300,-583,500,198,81,119
4,7,7590,7,820,-245,-619,500,220,66,119
4,7,7591,7,821,-445,-68,500,140,287,128
4,7,7592,7,822,-625,-554,500,68,92,120
4,7,7593,7,823,-623,-205,500,69,232,126
4,7,7594,7,824,-729,-264,500,26,208,125
4,7,7595,7,825,-379,267,500,167,421,134
4,7,7596,7,826,-201,-367,500,238,167,123
4,7,7597,7,827,-554,-306,500,96,192,124
4,7,7598,7,828,-721,-537,500,30,99,120
4,7,7599,7,829,-337,-254,500,183,212,125
4,7,7600,7,830,-393,-712,500,161,29,117
4,7,7601,7,831,-677,-191,500,47,238,126
4,7,7602,7,832,-542,-589,500,101,78,119
4,7,7603,7,833,-352,-112,500,177,269,127
4,7,7604,7,834,-653,-181,500,57,242,126
4,7,7605,7,835,-783,-18,500,5,307,129
4,7,7606,7,836,-439,-445,500,143,136,122
4,7,7607,7,837,-393,-162,500,161,249,126
4,7,7608,7,838,-643,104,500,61,355,131
4,7,7609,7,839,-753,-602,500,17,73,119
4,7,7610,7,840,-741,75,500,21,344,130
4,7,7611,7,841,-711,-318,500,34,187,124
4,7,7612,7,842,-311,70,500,194,342,130
4,7,7613,7,843,-584,-461,500,85,130,121
4,7,7614,7,844,-316,151,500,192,375,132
4,7,7615,7,845,-763,-105,500,13,272,127
4,7,7616,7,846,-412,-656,500,153,52,118
4,7,7617,7,847,-654,-587,500,56,79,119
4,7,7618,7,848,-554,-677,500,96,43,118
4,7,7619,7,849,-564,-662,500,92,49,118
4,7,7620,7,850,-772,96,500,9,352,131
4,7,7621,7,851,-196,118,500,240,361,131
4,7,7622,7,852,-636,-489,500,64,118,121
4,7,7623,7,853,-742,-344,500,21,176,123
4,7,7624,7,854,-504,-206,500,116,231,126
4,7,7625,7,855,-549,223,500,98,403,133
4,7,7626,7,856,-442,-154,500,141,252,127
4,7,7627,7,857,-620,-248,500,70,215,125
4,7,7628,7,858,-719,-745,500,30,16,117
4,7,7629,7,859,-752,199,500,17,394,132
4,7,7630,7,860,-302,-628,500,197,63,119
4,7,7631,7,861,-754,-120,500,16,266,127
4,7,7632,7,862,-435,135,500,144,368,131
4,7,7633,7,863,-279,-432,500,207,141,122
4,7,7634,7,864,-608,141,500,75,370,131
4,7,7635,7,865,-343,-623,500,181,65,119
4,7,7636,7,866,-587,-231,500,83,221,125
4,7,7637,7,867,-465,-710,500,132,30,117
4,7,7638,7,868,-194,296,500,240,432,134
4,7,7639,7,869,-430,217,500,146,401,133
4,7,7640,7,870,-276,-229,500,207,223,125
4,7,7641,7,871,-346,-64,500,180,289,128
4,7,7642,7,872,-225,-117,500,228,267,127
4,7,7643,7,873,-384,191,500,164,390,132
4,7,7644,7,874,-244,-290,500,221,198,124
4,7,7645,7,875,-199,-519,500,239,106,120
4,7,7646,7,876,-433,-635,500,145,60,119
4,7,7647,7,877,-477,272,500,127,423,134
4,7,7648,7,878,-596,-5,500,80,312,129
4,7,7649,7,879,-646,40,500,60,330,130
4,7,7650,7,880,-308,-484,500,195,120,121
4,7,7651,7,881,-580,-208,500,86,231,126
4,7,7652,7,882,-552,-193,500,97,237,126
4,7,7653,7,883,-717,-633,500,31,61,119
4,7,7654,7,884,-471,45,500,129,332,130
4,7,7655,7,885,-342,-282,500,181,201,124
4,7,7656,7,886,-419,44,500,150,331,130
4,7,7657,7,887,-750,-516,500,18,108,121
4,7,7658,7,888,-196,226,500,240,404,133
4,7,7659,7,889,-248,217,500,219,401,133
4,7,7660,7,890,-646,-88,500,60,279,128
4,7,7661,7,891,-652,-490,500,57,118,121
4,7,7662,7,892,-228,-279,500,227,203,124
4,7,7663,7,893,-439,-145,500,143,256,127
4,7,7664,7,894,-423,-10,500,149,310,129
4,7,7665,7,895,-252,-87,500,217,279,128
4,7,7666,8,1,323,-781,500,215,2,135
4,7,7667,8,2,-18,-722,500,79,25,136
4,7,7668,8,3,17,-704,500,93,32,137
4,7,7669,8,4,37,-705,500,101,32,137
4,7,7670,8,5,138,-719,500,141,27,137
4,7,7671,8,6,125,-714,500,136,28,137
4,7,7672,8,7,165,-729,500,152,22,136
4,7,7673,8,8,237,-726,500,181,24,136
4,7,7674,8,9,-182,-678,500,13,43,137
4,7,7675,8,10,-157,-676,500,23,44,137
4,7,7676,8,11,-114,-679,500,40,43,137
4,7,7677,8,12,-70,-680,500,58,42,137
4,7,7678,8,13,12,-688,500,91,39,137
4,7,7679,8,14,11,-672,500,90,45,137
4,7,7680,8,15,88,-673,500,121,45,137
4,7,7681,8,16,171,-660,500,155,50,137
4,7,7682,8,17,202,-678,500,167,43,137
4,7,7683,8,18,245,-693,500,184,37,137
4,7,7684,8,19,-199,-635,500,6,60,138
4,7,7685,8,20,-17,-632,500,79,61,138
4,7,7686,8,21,74,-640,500,115,58,138
4,7,7687,8,22,136,-635,500,140,60,138
4,7,7688,8,23,211,-637,500,171,59,138
4,7,7689,8,24,258,-642,500,189,57,138
4,7,7690,8,25,331,-648,500,218,55,138
4,7,7691,8,26,-160,-605,500,22,72,138
4,7,7692,8,27,-141,-611,500,30,70,138
4,7,7693,8,28,-97,-615,500,47,68,138
4,7,7694,8,29,-28,-580,500,75,82,139
4,7,7695,8,30,3,-578,500,87,83,139
4,7,7696,8,31,64,-597,500,111,75,139
4,7,7697,8,32,177,-609,500,157,70,138
4,7,7698,8,33,163,-613,500,151,69,138
4,7,7699,8,34,245,-591,500,184,77,139
4,7,7700,8,35,288,-598,500,201,75,139
4,7,7701,8,36,346,-603,500,225,73,138
4,7,7702,8,37,-201,-562,500,5,89,139
4,7,7703,8,38,-149,-575,500,26,84,139
4,7,7704,8,39,-98,-559,500,47,91,139
4,7,7705,8,40,-123,-557,500,37,91,139
4,7,7706,8,41,14,-557,500,91,91,139
4,7,7707,8,42,56,-565,500,108,88,139
4,7,7708,8,43,125,-563,500,136,89,139
4,7,7709,8,44,171,-554,500,154,92,139
4,7,7710,8,45,-32,-511,500,73,110,140
4,7,7711,8,46,55,-532,500,108,101,140
4,7,7712,8,47,44,-537,500,104,99,140
4,7,7713,8,48,127,-514,500,137,108,140
4,7,7714,8,49,249,-522,500,186,105,140
4,7,7715,8,50,-189,-481,500,10,122,140
4,7,7716,8,51,-120,-474,500,38,124,141
4,7,7717,8,52,-118,-460,500,39,130,141
4,7,7718,8,53,24,-476,500,96,124,141
4,7,7719,8,54,51,-471,500,106,125,141
4,7,7720,8,55,100,-469,500,126,126,141
4,7,7721,8,56,82,-495,500,119,116,140
4,7,7722,8,57,126,-486,500,136,120,140
4,7,7723,8,58,127,-496,500,137,116,140
4,7,7724,8,59,161,-481,500,150,122,140
4,7,7725,8,60,205,-476,500,168,124,141
4,7,7726,8,61,237,-495,500,181,116,140
4,7,7727,8,62,320,-486,500,214,120,140
4,7,7728,8,63,334,-488,500,220,119,140
4,7,7729,8,64,-195,-437,500,8,139,141
4,7,7730,8,65,-188,-425,500,11,144,141
4,7,7731,8,66,-140,-433,500,30,141,141
4,7,7732,8,67,-99,-447,500,47,135,141
4,7,7733,8,68,-101,-460,500,46,130,141
4,7,7734,8,69,-64,-428,500,60,143,141
4,7,7735,8,70,-33,-448,500,73,135,141
4,7,7736,8,71,65,-435,500,112,140,141
4,7,7737,8,72,81,-435,500,118,140,141
4,7,7738,8,73,202,-430,500,167,142,141
4,7,7739,8,74,215,-439,500,172,138,141
4,7,7740,8,75,206,-453,500,168,133,141
4,7,7741,8,76,244,-439,500,184,138,141
4,7,7742,8,77,248,-445,500,185,136,141
4,7,7743,8,78,320,-435,500,214,140,141
4,7,7744,8,79,-194,-392,500,8,157,142
4,7,7745,8,80,-191,-410,500,10,150,142
4,7,7746,8,81,-206,-385,500,4,160,142
4,7,7747,8,82,-115,-400,500,40,154,142
4,7,7748,8,83,-131,-405,500,34,152,142
4,7,7749,8,84,-34,-392,500,72,157,142
4,7,7750,8,85,56,-410,500,108,150,142
4,7,7751,8,86,205,-393,500,168,157,142
4,7,7752,8,87,255,-391,500,188,158,142
4,7,7753,8,88,251,-406,500,186,152,142
4,7,7754,8,89,282,-385,500,199,160,142
4,7,7755,8,90,-155,-368,500,24,167,142
4,7,7756,8,91,-98,-355,500,47,172,143
4,7,7757,8,92,-112,-362,500,41,169,142
4,7,7758,8,93,-81,-359,500,54,170,142
4,7,7759,8,94,-20,-365,500,78,168,142
4,7,7760,8,95,-30,-364,500,74,168,142
4,7,7761,8,96,47,-368,500,105,167,142
4,7,7762,8,97,65,-366,500,112,168,142
4,7,7763,8,98,97,-354,500,125,172,143
4,7,7764,8,99,121,-361,500,135,170,142
4,7,7765,8,100,155,-346,500,148,176,143
4,7,7766,8,101,220,-356,500,174,172,143
4,7,7767,8,102,247,-357,500,185,171,143
4,7,7768,8,103,292,-351,500,203,174,143
4,7,7769,8,104,302,-348,500,207,175,143
4,7,7770,8,105,-183,-330,500,13,182,143
4,7,7771,8,106,-158,-317,500,23,187,143
4,7,7772,8,107,-100,-320,500,46,186,143
4,7,7773,8,108,9,-322,500,90,185,143
4,7,7774,8,109,134,-314,500,140,188,143
4,7,7775,8,110,221,-316,500,174,188,143
4,7,7776,8,111,243,-311,500,183,190,143
4,7,7777,8,112,230,-323,500,178,185,143
4,7,7778,8,113,-115,-275,500,40,204,144
4,7,7779,8,114,-36,-283,500,72,201,144
4,7,7780,8,115,8,-300,500,89,194,143
4,7,7781,8,116,91,-290,500,122,198,144
4,7,7782,8,117,162,-279,500,151,202,144
4,7,7783,8,118,201,-267,500,167,207,144
4,7,7784,8,119,243,-293,500,183,197,144
4,7,7785,8,120,-127,-238,500,35,219,144
4,7,7786,8,121,59,-236,500,109,220,145
4,7,7787,8,122,58,-217,500,109,227,145
4,7,7788,8,123,45,-257,500,104,211,144
4,7,7789,8,124,215,-252,500,172,213,144
4,7,7790,8,125,248,-244,500,185,216,144
4,7,7791,8,126,286,-249,500,201,214,144
4,7,7792,8,127,-186,-194,500,12,236,145
4,7,7793,8,128,-193,-185,500,9,240,145
4,7,7794,8,129,-159,-202,500,22,233,145
4,7,7795,8,130,-172,-207,500,17,231,145
4,7,7796,8,131,-99,-210,500,47,230,145
4,7,7797,8,132,-90,-222,500,50,225,145
4,7,7798,8,133,-28,-206,500,75,231,145
4,7,7799,8,134,12,-203,500,91,233,145
4,7,7800,8,135,137,-193,500,141,237,145
4,7,7801,8,136,-199,-150,500,6,254,146
4,7,7802,8,137,-161,-177,500,22,243,146
4,7,7803,8,138,-109,-159,500,43,251,146
4,7,7804,8,139,-39,-158,500,70,251,146
4,7,7805,8,140,94,-172,500,124,245,146
4,7,7806,8,141,135,-171,500,140,246,146
4,7,7807,8,142,128,-159,500,137,250,146
4,7,7808,8,143,163,-162,500,151,249,146
4,7,7809,8,144,166,-173,500,152,245,146
4,7,7810,8,145,285,-148,500,200,255,146
4,7,7811,8,146,393,-148,500,243,255,146
4,7,7812,8,147,-198,-129,500,7,262,146
4,7,7813,8,148,-191,-106,500,10,272,147
4,7,7814,8,149,-109,-98,500,42,275,147
4,7,7815,8,150,-73,-116,500,57,268,147
4,7,7816,8,151,-14,-114,500,80,268,147
4,7,7817,8,152,-5,-135,500,84,260,146
4,7,7818,8,153,40,-145,500,102,256,146
4,7,7819,8,154,125,-114,500,136,268,147
4,7,7820,8,155,143,-112,500,143,269,147
4,7,7821,8,156,201,-127,500,166,263,146
4,7,7822,8,157,328,-124,500,217,264,146
4,7,7823,8,158,-181,-78,500,13,283,147
4,7,7824,8,159,-151,-94,500,25,276,147
4,7,7825,8,160,-115,-78,500,40,283,147
4,7,7826,8,161,-65,-68,500,60,287,147
4,7,7827,8,162,-23,-79,500,77,282,147
4,7,7828,8,163,-17,-92,500,79,277,147
4,7,7829,8,164,18,-88,500,93,279,147
4,7,7830,8,165,-4,-66,500,84,288,147
4,7,7831,8,166,44,-75,500,104,284,147
4,7,7832,8,167,81,-82,500,119,281,147
4,7,7833,8,168,144,-89,500,144,278,147
4,7,7834,8,169,145,-60,500,144,290,147
4,7,7835,8,170,173,-81,500,155,282,147
4,7,7836,8,171,215,-70,500,172,286,147
4,7,7837,8,172,252,-81,500,187,282,147
4,7,7838,8,173,331,-78,500,218,283,147
4,7,7839,8,174,352,-99,500,227,275,147
4,7,7840,8,175,-201,-44,500,6,296,148
4,7,7841,8,176,-151,-43,500,26,297,148
4,7,7842,8,177,-137,-40,500,31,298,148
4,7,7843,8,178,-144,-51,500,29,293,148
4,7,7844,8,179,-108,-41,500,43,298,148
4,7,7845,8,180,-90,-56,500,50,292,148
4,7,7846,8,181,-23,-34,500,77,300,148
4,7,7847,8,182,-39,-30,500,70,302,148
4,7,7848,8,183,48,-38,500,105,299,148
4,7,7849,8,184,45,-48,500,104,295,148
4,7,7850,8,185,100,-34,500,126,300,148
4,7,7851,8,186,203,-31,500,167,302,148
4,7,7852,8,187,216,-29,500,173,303,148
4,7,7853,8,188,243,-38,500,183,299,148
4,7,7854,8,189,242,-51,500,183,294,148
4,7,7855,8,190,279,-40,500,198,298,148
4,7,7856,8,191,356,-37,500,228,299,148
4,7,7857,8,192,-209,-9,500,3,311,148
4,7,7858,8,193,-189,6,500,10,316,149
4,7,7859,8,194,-201,2,500,6,315,148
4,7,7860,8,195,-105,3,500,44,315,148
4,7,7861,8,196,-62,6,500,61,316,149
4,7,7862,8,197,-32,-19,500,73,306,148
4,7,7863,8,198,11,-9,500,91,310,148
4,7,7864,8,199,29,-2,500,98,313,148
4,7,7865,8,200,40,-4,500,102,313,148
4,7,7866,8,201,49,-7,500,106,311,148
4,7,7867,8,202,92,-7,500,123,311,148
4,7,7868,8,203,258,6,500,189,317,149
4,7,7869,8,204,258,-8,500,189,311,148
4,7,7870,8,205,289,-7,500,202,311,148
4,7,7871,8,206,339,-7,500,222,311,148
4,7,7872,8,207,-200,35,500,6,328,149
4,7,7873,8,208,-198,50,500,7,334,149
4,7,7874,8,209,-188,30,500,11,326,149
4,7,7875,8,210,-151,35,500,26,328,149
4,7,7876,8,211,-95,24,500,48,324,149
4,7,7877,8,212,-65,48,500,60,333,149
4,7,7878,8,213,-62,23,500,61,323,149
4,7,7879,8,214,-24,42,500,77,331,149
4,7,7880,8,215,56,44,500,108,331,149
4,7,7881,8,216,130,47,500,138,333,149
4,7,7882,8,217,206,40,500,168,330,149
4,7,7883,8,218,258,57,500,189,337,149
4,7,7884,8,219,357,61,500,229,338,149
4,7,7885,8,220,-186,75,500,12,344,150
4,7,7886,8,221,-204,73,500,5,343,150
4,7,7887,8,222,-158,84,500,23,347,150
4,7,7888,8,223,-148,78,500,27,345,150
4,7,7889,8,224,-100,89,500,46,350,150
4,7,7890,8,225,-108,71,500,43,343,150
4,7,7891,8,226,-62,81,500,61,347,150
4,7,7892,8,227,127,89,500,137,349,150
4,7,7893,8,228,207,78,500,169,345,150
4,7,7894,8,229,212,92,500,171,351,150
4,7,7895,8,230,211,65,500,171,340,150
4,7,7896,8,231,253,80,500,187,346,150
4,7,7897,8,232,257,91,500,189,350,150
4,7,7898,8,233,234,88,500,180,349,150
4,7,7899,8,234,323,85,500,215,348,150
4,7,7900,8,235,-148,129,500,27,365,151
4,7,7901,8,236,-100,122,500,46,363,150
4,7,7902,8,237,-58,119,500,63,361,150
4,7,7903,8,238,-79,118,500,55,361,150
4,7,7904,8,239,-27,119,500,75,361,150
4,7,7905,8,240,-40,110,500,70,358,150
4,7,7906,8,241,7,114,500,89,360,150
4,7,7907,8,242,20,112,500,94,359,150
4,7,7908,8,243,128,113,500,137,359,150
4,7,7909,8,244,287,124,500,201,364,151
4,7,7910,8,245,328,129,500,217,366,151
4,7,7911,8,246,347,131,500,225,366,151
4,7,7912,8,247,356,120,500,228,362,150
4,7,7913,8,248,399,104,500,246,356,150
4,7,7914,8,249,-184,148,500,12,373,151
4,7,7915,8,250,-165,164,500,20,380,151
4,7,7916,8,251,-130,158,500,34,377,151
4,7,7917,8,252,-109,169,500,43,381,151
4,7,7918,8,253,-69,180,500,59,386,151
4,7,7919,8,254,-79,161,500,54,378,151
4,7,7920,8,255,-25,159,500,76,377,151
4,7,7921,8,256,-41,159,500,69,378,151
4,7,7922,8,257,15,162,500,92,379,151
4,7,7923,8,258,49,157,500,106,377,151
4,7,7924,8,259,82,170,500,119,382,151
4,7,7925,8,260,120,182,500,134,387,151
4,7,7926,8,261,174,172,500,155,383,151
4,7,7927,8,262,258,153,500,189,375,151
4,7,7928,8,263,247,155,500,185,376,151
4,7,7929,8,264,332,165,500,219,380,151
4,7,7930,8,265,-185,202,500,12,395,152
4,7,7931,8,266,-196,181,500,8,387,151
4,7,7932,8,267,-169,208,500,18,397,152
4,7,7933,8,268,-102,206,500,45,396,152
4,7,7934,8,269,18,205,500,93,396,152
4,7,7935,8,270,75,214,500,116,400,152
4,7,7936,8,271,104,195,500,128,392,152
4,7,7937,8,272,124,192,500,135,391,152
4,7,7938,8,273,134,200,500,140,394,152
4,7,7939,8,274,183,202,500,159,395,152
4,7,7940,8,275,154,193,500,148,391,152
4,7,7941,8,276,322,195,500,215,392,152
4,7,7942,8,277,-196,247,500,7,413,153
4,7,7943,8,278,-190,222,500,10,403,152
4,7,7944,8,279,-66,249,500,59,414,153
4,7,7945,8,280,-43,258,500,69,417,153
4,7,7946,8,281,75,243,500,116,411,152
4,7,7947,8,282,126,240,500,136,410,152
4,7,7948,8,283,215,225,500,172,404,152
4,7,7949,8,284,207,247,500,169,413,153
4,7,7950,8,285,256,246,500,188,412,153
4,7,7951,8,286,284,243,500,199,411,152
4,7,7952,8,287,-149,300,500,26,434,153
4,7,7953,8,288,-108,299,500,43,434,153
4,7,7954,8,289,-73,270,500,57,422,153
4,7,7955,8,290,-26,306,500,76,436,154
4,7,7956,8,291,12,288,500,91,429,153
4,7,7957,8,292,204,303,500,168,435,153
4,7,7958,8,293,215,261,500,172,418,153
4,7,7959,8,294,18,275,500,93,424,153
4,7,7960,8,295,138,307,500,141,437,154
4,7,7961,8,296,376,274,500,237,424,153
4,7,7962,8,297,316,276,500,212,424,153
4,7,7963,8,298,-104,265,500,44,420,153
4,7,7964,8,299,372,-545,500,235,96,139
4,7,7965,8,300,351,262,500,227,419,153
4,7,7966,8,301,74,263,500,116,419,153
4,7,7967,8,302,355,-56,500,228,292,148
4,7,7968,8,303,373,-106,500,235,272,147
4,7,7969,8,304,28,-664,500,97,49,137
4,7,7970,8,305,-142,265,500,29,420,153
4,7,7971,8,306,20,-623,500,94,65,138
4,7,7972,8,307,244,216,500,184,401,152
4,7,7973,8,308,-40,-105,500,70,272,147
4,7,7974,8,309,79,-61,500,118,290,147
4,7,7975,8,310,-56,-258,500,64,211,144
4,7,7976,8,311,149,-606,500,145,72,138
4,7,7977,8,312,355,-388,500,228,159,142
4,7,7978,8,313,-138,-367,500,31,167,142
4,7,7979,8,314,-38,-186,500,71,240,145
4,7,7980,8,315,-52,54,500,65,336,149
4,7,7981,8,316,107,148,500,129,373,151
4,7,7982,8,317,21,-137,500,94,259,146
4,7,7983,8,318,191,148,500,163,373,151
4,7,7984,8,319,198,-631,500,165,62,138
4,7,7985,8,320,187,-619,500,161,67,138
4,7,7986,8,321,309,-97,500,209,275,147
4,7,7987,8,322,-13,222,500,81,403,152
4,7,7988,8,323,154,-112,500,147,269,147
4,7,7989,8,324,383,-51,500,239,294,148
4,7,7990,8,325,190,-146,500,162,255,146
4,7,7991,8,326,168,258,500,153,417,153
4,7,7992,8,327,186,-706,500,160,32,137
4,7,7993,8,328,156,-29,500,149,302,148
4,7,7994,8,329,190,-12,500,162,309,148
4,7,7995,8,330,158,-304,500,149,192,143
4,7,7996,8,331,-143,28,500,29,325,149
4,7,7997,8,332,308,-733,500,209,21,136
4,7,7998,8,333,60,-182,500,110,241,145
4,7,7999,8,334,111,302,500,131,435,153
4,7,8000,8,335,231,-536,500,179,100,140
4,7,8001,8,336,27,221,500,97,402,152
4,7,8002,8,337,155,275,500,148,424,153
4,7,8003,8,338,199,219,500,166,402,152
4,7,8004,8,339,-49,-658,500,66,51,138
4,7,8005,8,340,-48,-225,500,67,224,145
4,7,8006,8,341,157,221,500,149,403,152
4,7,8007,8,342,-88,-420,500,51,146,141
4,7,8008,8,343,229,-101,500,178,273,147
4,7,8009,8,344,148,136,500,145,368,151
4,7,8010,8,345,189,-257,500,162,211,144
4,7,8011,8,346,-173,223,500,17,403,152
4,7,8012,8,347,103,181,500,127,386,151
4,7,8013,8,348,157,106,500,149,357,150
4,7,8014,8,349,71,-337,500,114,179,143
4,7,8015,8,350,391,-424,500,242,144,141
4,7,8016,8,351,32,292,500,99,431,153
4,7,8017,8,352,70,-421,500,114,146,141
4,7,8018,8,353,348,-19,500,225,306,148
4,7,8019,8,354,307,-419,500,209,146,141
4,7,8020,8,355,224,108,500,176,357,150
4,7,8021,8,356,-131,90,500,34,350,150
4,7,8022,8,357,-46,218,500,67,401,152
4,7,8023,8,358,300,101,500,206,354,150
4,7,8024,8,359,155,255,500,148,416,153
4,7,8025,8,360,345,-460,500,224,130,141
4,7,8026,8,361,193,-535,500,163,100,140
4,7,8027,8,362,24,-299,500,95,194,143
4,7,8028,8,363,-55,179,500,64,385,151
4,7,8029,8,364,-44,147,500,68,373,151
4,7,8030,8,365,-83,184,500,53,388,151
4,7,8031,8,366,391,-181,500,242,242,145
4,7,8032,8,367,263,-550,500,191,94,139
4,7,8033,8,368,70,-743,500,114,17,136
4,7,8034,8,369,70,-624,500,114,64,138
4,7,8035,8,370,226,-739,500,177,18,136
4,7,8036,8,371,26,-501,500,97,114,140
4,7,8037,8,372,67,-578,500,113,83,139
4,7,8038,8,373,-84,-501,500,52,114,140
4,7,8039,8,374,224,-420,500,176,146,141
4,7,8040,8,375,355,-123,500,228,265,146
4,7,8041,8,376,387,-22,500,241,305,148
4,7,8042,8,377,-43,-460,500,69,130,141
4,7,8043,8,378,-44,296,500,68,432,153
4,7,8044,8,379,-17,-263,500,79,209,144
4,7,8045,8,380,235,141,500,180,370,151
4,7,8046,8,381,367,102,500,233,355,150
4,7,8047,8,382,389,107,500,242,357,150
4,7,8048,8,383,107,-693,500,129,37,137
4,7,8049,8,384,23,254,500,95,416,153
4,7,8050,8,385,-92,-20,500,49,306,148
4,7,8051,8,386,68,-252,500,113,213,144
4,7,8052,8,387,390,-379,500,242,163,142
4,7,8053,8,388,-42,-585,500,69,80,139
4,7,8054,8,389,229,-467,500,177,127,141
4,7,8055,8,390,183,178,500,159,385,151
4,7,8056,8,391,-132,-251,500,33,214,144
4,7,8057,8,392,273,-684,500,195,41,137
4,7,8058,8,393,370,0,500,234,314,148
4,7,8059,8,394,-128,-615,500,35,68,138
4,7,8060,8,395,0,179,500,86,386,151
4,7,8061,8,396,-126,-223,500,36,225,145
4,7,8062,8,397,149,-703,500,146,33,137
4,7,8063,8,398,-4,-40,500,84,298,148
4,7,8064,8,399,238,-138,500,181,259,146
4,7,8065,8,400,-186,-531,500,12,102,140
4,7,8066,8,401,247,-219,500,185,226,145
4,7,8067,8,402,369,-445,500,234,136,141
4,7,8068,8,403,277,275,500,197,424,153
4,7,8069,8,404,259,268,500,190,421,153
4,7,8070,8,405,-11,-177,500,82,243,146
4,7,8071,8,406,116,-335,500,132,180,143
4,7,8072,8,407,187,-65,500,161,288,147
4,7,8073,8,408,-31,263,500,74,419,153
4,7,8074,8,409,-82,-309,500,53,190,143
4,7,8075,8,410,310,219,500,210,402,152
4,7,8076,8,411,-56,-310,500,63,190,143
4,7,8077,8,412,156,-258,500,148,211,144
4,7,8078,8,413,356,-401,500,229,154,142
4,7,8079,8,414,192,286,500,163,429,153
4,7,8080,8,415,192,-217,500,163,227,145
4,7,8081,8,416,155,-545,500,148,96,139
4,7,8082,8,417,110,-662,500,130,49,137
4,7,8083,8,418,-14,-342,500,81,177,143
4,7,8084,8,419,-161,94,500,22,352,150
4,7,8085,8,420,89,110,500,121,358,150
4,7,8086,8,421,113,-609,500,131,70,138
4,7,8087,8,422,190,-481,500,162,122,140
4,7,8088,8,423,-117,-262,500,39,209,144
4,7,8089,8,424,103,-573,500,127,85,139
4,7,8090,8,425,382,66,500,239,341,150
4,7,8091,8,426,105,114,500,128,360,150
4,7,8092,8,427,222,-599,500,175,75,138
4,7,8093,8,428,99,82,500,126,347,150
4,7,8094,8,429,34,63,500,100,339,149
4,7,8095,8,430,342,-172,500,223,245,146
4,7,8096,8,431,355,36,500,228,329,149
4,7,8097,8,432,-7,-542,500,83,97,139
4,7,8098,8,433,193,-465,500,163,128,141
4,7,8099,8,434,-154,-425,500,24,144,141
4,7,8100,8,435,119,-11,500,134,310,148
4,7,8101,8,436,148,-651,500,145,54,138
4,7,8102,8,437,-71,-695,500,58,36,137
4,7,8103,8,438,-174,-97,500,16,275,147
4,7,8104,8,439,7,-735,500,89,20,136
4,7,8105,8,440,52,250,500,107,414,153
4,7,8106,8,441,24,-716,500,96,28,137
4,7,8107,8,442,216,-774,500,172,4,136
4,7,8108,8,443,223,293,500,175,431,153
4,7,8109,8,444,247,290,500,185,430,153
4,7,8110,8,445,98,-142,500,125,257,146
4,7,8111,8,446,-109,-58,500,42,291,147
4,7,8112,8,447,349,86,500,225,348,150
4,7,8113,8,448,189,-590,500,162,78,139
4,7,8114,8,449,282,-497,500,199,115,140
4,7,8115,8,450,-149,-139,500,26,258,146
4,7,8116,8,451,399,66,500,245,340,150
4,7,8117,8,452,232,-631,500,179,62,138
4,7,8118,8,453,83,185,500,119,388,152
4,7,8119,8,454,18,178,500,93,385,151
4,7,8120,8,455,152,4,500,147,316,149
4,7,8121,8,456,-149,63,500,26,339,149
4,7,8122,8,457,110,41,500,130,330,149
4,7,8123,8,458,243,185,500,183,388,152
4,7,8124,8,459,15,298,500,92,433,153
4,7,8125,8,460,73,39,500,115,330,149
4,7,8126,8,461,140,-255,500,142,212,144
4,7,8127,8,462,-146,104,500,27,356,150
4,7,8128,8,463,97,288,500,125,429,153
4,7,8129,8,464,131,297,500,139,433,153
4,7,8130,8,465,-121,-103,500,38,273,147
4,7,8131,8,466,279,140,500,198,370,151
4,7,8132,8,467,332,-20,500,219,306,148
4,7,8133,8,468,163,-217,500,151,227,145
4,7,8134,8,469,49,-342,500,105,177,143
4,7,8135,8,470,165,-506,500,152,111,140
4,7,8136,8,471,-121,23,500,38,323,149
4,7,8137,8,472,-107,-22,500,43,305,148
4,7,8138,8,473,184,-195,500,160,236,145
4,7,8139,8,474,-67,-104,500,59,272,147
4,7,8140,8,475,290,-582,500,202,81,139
4,7,8141,8,476,-4,-708,500,84,31,137
4,7,8142,8,477,285,179,500,200,386,151
4,7,8143,8,478,-113,140,500,41,370,151
4,7,8144,8,479,124,-654,500,136,52,138
4,7,8145,8,480,-174,6,500,17,316,149
4,7,8146,8,481,-92,-2,500,49,313,148
4,7,8147,8,482,-185,-25,500,12,304,148
4,7,8148,8,483,309,-444,500,210,137,141
4,7,8149,8,484,28,-169,500,97,247,146
4,7,8150,8,485,-191,306,500,10,436,154
4,7,8151,8,486,120,261,500,134,418,153
4,7,8152,8,487,-130,-442,500,34,137,141
4,7,8153,8,488,69,167,500,114,381,151
4,7,8154,8,489,191,240,500,162,410,152
4,7,8155,8,490,266,308,500,192,437,154
4,7,8156,8,491,313,-115,500,211,268,147
4,7,8157,8,492,316,165,500,213,380,151
4,7,8158,8,493,70,231,500,114,406,152
4,7,8159,8,494,-49,-239,500,67,219,144
4,7,8160,8,495,-8,-430,500,83,142,141
4,7,8161,8,496,-176,60,500,15,338,149
4,7,8162,8,497,336,-61,500,220,290,147
4,7,8163,8,498,-165,-74,500,20,285,147
4,7,8164,8,499,55,-744,500,108,17,136
4,7,8165,8,500,48,-586,500,105,80,139
4,7,8166,8,501,-98,147,500,47,373,151
4,7,8167,8,502,-169,-358,500,18,171,142
4,7,8168,8,503,14,262,500,92,419,153
4,7,8169,8,504,125,20,500,136,322,149
4,7,8170,8,505,-191,290,500,10,430,153
4,7,8171,8,506,-170,-242,500,18,217,144
4,7,8172,8,507,-204,280,500,4,426,153
4,7,8173,8,508,270,124,500,194,364,150
4,7,8174,8,509,-75,16,500,56,320,149
4,7,8175,8,510,-78,-147,500,55,255,146
4,7,8176,8,511,135,-703,500,140,33,137
4,7,8177,8,512,225,-277,500,176,203,144
4,7,8178,8,513,137,-456,500,141,132,141
4,7,8179,8,514,71,-208,500,114,231,145
4,7,8180,8,515,32,-284,500,99,200,144
4,7,8181,8,516,230,-405,500,178,152,142
4,7,8182,8,517,115,207,500,132,397,152
4,7,8183,8,518,6,-256,500,88,212,144
4,7,8184,8,519,2,-377,500,87,163,142
4,7,8185,8,520,-185,-67,500,12,287,147
4,7,8186,8,521,-85,232,500,52,407,152
4,7,8187,8,522,305,-288,500,208,199,144
4,7,8188,8,523,176,19,500,156,322,149
4,7,8189,8,524,232,-4,500,179,312,148
4,7,8190,8,525,-24,-58,500,76,291,147
4,7,8191,8,526,122,225,500,135,404,152
4,7,8192,8,527,-6,-274,500,84,204,144
4,7,8193,8,528,54,-695,500,108,36,137
4,7,8194,8,529,292,61,500,203,338,149
4,7,8195,8,530,172,-254,500,155,212,144
4,7,8196,8,531,-10,-157,500,82,251,146
4,7,8197,8,532,80,-261,500,118,209,144
4,7,8198,8,533,-24,15,500,77,320,149
4,7,8199,8,534,346,156,500,224,376,151
4,7,8200,8,535,125,-541,500,136,98,139
4,7,8201,8,536,70,-680,500,114,42,137
4,7,8202,8,537,224,53,500,176,335,149
4,7,8203,8,538,307,-558,500,209,91,139
4,7,8204,8,539,227,208,500,177,397,152
4,7,8205,8,540,332,-540,500,219,98,139
4,7,8206,8,541,325,-622,500,216,65,138
4,7,8207,8,542,330,223,500,218,403,152
4,7,8208,8,543,32,-401,500,99,154,142
4,7,8209,8,544,338,140,500,221,370,151
4,7,8210,8,545,-185,-375,500,12,164,142
4,7,8211,8,546,134,-21,500,140,306,148
4,7,8212,8,547,385,-321,500,240,186,143
4,7,8213,8,548,-152,-294,500,25,196,144
4,7,8214,8,549,348,-566,500,225,88,139
4,7,8215,8,550,201,142,500,166,371,151
4,7,8216,8,551,201,-179,500,166,242,145
4,7,8217,8,552,244,-101,500,184,273,147
4,7,8218,8,553,129,-381,500,138,162,142
4,7,8219,8,554,162,12,500,151,319,149
4,7,8220,8,555,215,-700,500,172,34,137
4,7,8221,8,556,-109,-299,500,42,194,143
4,7,8222,8,557,-52,72,500,65,343,150
4,7,8223,8,558,274,-319,500,195,186,143
4,7,8224,8,559,-85,-73,500,52,285,147
4,7,8225,8,560,265,-488,500,192,119,140
4,7,8226,8,561,34,-313,500,99,189,143
4,7,8227,8,562,120,290,500,134,430,153
4,7,8228,8,563,-16,203,500,80,395,152
4,7,8229,8,564,379,119,500,238,362,150
4,7,8230,8,565,74,92,500,116,351,150
4,7,8231,8,566,-10,-234,500,82,220,145
4,7,8232,8,567,124,-225,500,136,224,145
4,7,8233,8,568,-70,-623,500,58,65,138
4,7,8234,8,569,245,-622,500,184,65,138
4,7,8235,8,570,-159,-262,500,22,209,144
4,7,8236,8,571,-91,75,500,49,344,150
4,7,8237,8,572,313,-205,500,211,232,145
4,7,8238,8,573,50,227,500,106,405,152
4,7,8239,8,574,286,-460,500,200,130,141
4,7,8240,8,575,138,-663,500,141,49,137
4,7,8241,8,576,-33,-92,500,73,277,147
4,7,8242,8,577,255,180,500,188,386,151
4,7,8243,8,578,392,65,500,243,340,150
4,7,8244,8,579,-64,218,500,60,401,152
4,7,8245,8,580,113,-592,500,131,77,139
4,7,8246,8,581,36,-567,500,100,87,139
4,7,8247,8,582,-48,-488,500,67,119,140
4,7,8248,8,583,-182,181,500,13,386,151
4,7,8249,8,584,-171,-471,500,18,126,141
4,7,8250,8,585,-101,224,500,46,404,152
4,7,8251,8,586,227,-562,500,177,89,139
4,7,8252,8,587,78,-473,500,117,125,141
4,7,8253,8,588,-170,-129,500,18,263,146
4,7,8254,8,589,292,-385,500,203,160,142
4,7,8255,8,590,-150,-741,500,26,18,136
4,7,8256,8,591,326,104,500,216,355,150
4,7,8257,8,592,77,129,500,117,366,151
4,7,8258,8,593,386,38,500,240,329,149
4,7,8259,8,594,286,-215,500,200,228,145
4,7,8260,8,595,69,299,500,114,433,153
4,7,8261,8,596,-179,275,500,14,424,153
4,7,8262,8,597,268,-402,500,193,153,142
4,7,8263,8,598,187,-292,500,161,197,144
4,7,8264,8,599,-199,95,500,6,352,150
4,7,8265,8,600,-51,-168,500,66,247,146
4,7,8266,8,601,270,-7,500,194,311,148
4,7,8267,8,602,347,-534,500,225,101,140
4,7,8268,8,603,-85,214,500,52,400,152
4,7,8269,8,604,212,-382,500,171,161,142
4,7,8270,8,605,7,-461,500,89,129,141
4,7,8271,8,606,152,-223,500,147,225,145
4,7,8272,8,607,-76,-337,500,56,179,143
4,7,8273,8,608,365,77,500,232,345,150
4,7,8274,8,609,-62,-657,500,61,51,138
4,7,8275,8,610,153,-76,500,147,284,147
4,7,8276,8,611,95,221,500,124,403,152
4,7,8277,8,612,16,-104,500,92,273,147
4,7,8278,8,613,98,-541,500,125,98,139
4,7,8279,8,614,277,-100,500,197,274,147
4,7,8280,8,615,-170,-230,500,18,222,145
4,7,8281,8,616,149,-50,500,146,294,148
4,7,8282,8,617,-79,-543,500,54,97,139
4,7,8283,8,618,-52,-408,500,65,151,142
4,7,8284,8,619,-126,138,500,36,369,151
4,7,8285,8,620,-80,145,500,54,372,151
4,7,8286,8,621,337,-265,500,221,208,144
4,7,8287,8,622,86,282,500,121,427,153
4,7,8288,8,623,-126,205,500,36,396,152
4,7,8289,8,624,85,-219,500,120,226,145
4,7,8290,8,625,163,-702,500,151,33,137
4,7,8291,8,626,379,167,500,238,381,151
4,7,8292,8,627,-71,64,500,58,340,149
4,7,8293,8,628,382,-361,500,239,169,142
4,7,8294,8,629,5,-219,500,88,226,145
4,7,8295,8,630,288,270,500,201,422,153
4,7,8296,8,631,235,41,500,180,330,149
4,7,8297,8,632,163,299,500,151,434,153
4,7,8298,8,633,169,103,500,154,355,150
4,7,8299,8,634,183,-170,500,159,246,146
4,7,8300,8,635,155,79,500,148,346,150
4,7,8301,8,636,-36,25,500,71,324,149
4,7,8302,8,637,314,-778,500,211,3,136
4,7,8303,8,638,385,-249,500,240,215,144
4,7,8304,8,639,200,-58,500,166,291,147
4,7,8305,8,640,282,226,500,199,404,152
4,7,8306,8,641,-50,-18,500,66,307,148
4,7,8307,8,642,228,274,500,177,424,153
4,7,8308,8,643,232,-439,500,179,139,141
4,7,8309,8,644,189,-359,500,162,170,142
4,7,8310,8,645,299,291,500,206,430,153
4,7,8311,8,646,305,-318,500,208,187,143
4,7,8312,8,647,12,-176,500,91,243,146
4,7,8313,8,648,106,-86,500,128,279,147
4,7,8314,8,649,188,87,500,161,349,150
4,7,8315,8,650,109,228,500,130,405,152
4,7,8316,8,651,347,-201,500,225,234,145
4,7,8317,8,652,103,164,500,127,380,151
4,7,8318,8,653,-120,-15,500,38,308,148
4,7,8319,8,654,211,-736,500,170,20,136
4,7,8320,8,655,359,241,500,230,410,152
4,7,8321,8,656,296,-543,500,205,97,139
4,7,8322,8,657,368,-320,500,233,186,143
4,7,8323,8,658,-115,54,500,40,336,149
4,7,8324,8,659,143,-369,500,143,166,142
4,7,8325,8,660,235,-517,500,180,107,140
4,7,8326,8,661,139,-493,500,142,117,140
4,7,8327,8,662,7,-656,500,89,51,138
4,7,8328,8,663,221,22,500,174,323,149
4,7,8329,8,664,267,-333,500,193,181,143
4,7,8330,8,665,66,-352,500,112,173,143
4,7,8331,8,666,353,-355,500,227,172,143
4,7,8332,8,667,55,129,500,108,366,151
4,7,8333,8,668,21,-378,500,95,163,142
4,7,8334,8,669,-115,-627,500,40,63,138
4,7,8335,8,670,-134,-595,500,32,76,139
4,7,8336,8,671,-3,-467,500,85,127,141
4,7,8337,8,672,-99,-576,500,46,84,139
4,7,8338,8,673,-195,-505,500,8,112,140
4,7,8339,8,674,315,-515,500,212,108,140
4,7,8340,8,675,390,-200,500,242,234,145
4,7,8341,8,676,197,21,500,165,323,149
4,7,8342,8,677,67,143,500,113,371,151
4,7,8343,8,678,-55,-563,500,64,89,139
4,7,8344,8,679,-55,-114,500,64,268,147
4,7,8345,8,680,-123,-185,500,37,240,145
4,7,8346,8,681,41,187,500,102,389,152
4,7,8347,8,682,-133,-125,500,33,264,146
4,7,8348,8,683,254,26,500,188,324,149
4,7,8349,8,684,342,-338,500,223,179,143
4,7,8350,8,685,-10,-504,500,82,112,140
4,7,8351,8,686,389,-281,500,242,202,144
4,7,8352,8,687,146,-535,500,144,100,140
4,7,8353,8,688,62,-396,500,111,155,142
4,7,8354,8,689,-16,-673,500,80,45,137
4,7,8355,8,690,-172,-8,500,17,311,148
4,7,8356,8,691,-169,-597,500,18,75,139
4,7,8357,8,692,372,-636,500,235,59,138
4,7,8358,8,693,-103,-230,500,45,222,145
4,7,8359,8,694,357,-514,500,229,108,140
4,7,8360,8,695,-69,286,500,59,429,153
4,7,8361,8,696,-43,-373,500,69,165,142
4,7,8362,8,697,-131,-111,500,33,269,147
4,7,8363,8,698,-58,206,500,63,396,152
4,7,8364,8,699,-204,215,500,4,400,152
4,7,8365,8,700,314,-535,500,212,100,140
4,7,8366,8,701,-19,-478,500,78,123,141
4,7,8367,8,702,296,213,500,204,399,152
4,7,8368,8,703,208,205,500,169,396,152
4,7,8369,8,704,-202,147,500,5,373,151
4,7,8370,8,705,38,-356,500,101,172,143
4,7,8371,8,706,-172,-115,500,17,268,147
4,7,8372,8,707,113,-773,500,131,5,136
4,7,8373,8,708,-54,-279,500,65,202,144
4,7,8374,8,709,287,-616,500,201,68,138
4,7,8375,8,710,281,-546,500,198,96,139
4,7,8376,8,711,-84,278,500,53,425,153
4,7,8377,8,712,103,-2,500,127,313,148
4,7,8378,8,713,67,-149,500,113,255,146
4,7,8379,8,714,-61,-629,500,62,62,138
4,7,8380,8,715,-164,153,500,21,375,151
4,7,8381,8,716,99,-221,500,126,226,145
4,7,8382,8,717,299,175,500,206,384,151
4,7,8383,8,718,-145,-392,500,28,157,142
4,7,8384,8,719,5,58,500,88,337,149
4,7,8385,8,720,40,-450,500,102,134,141
4,7,8386,8,721,236,-642,500,180,57,138
4,7,8387,8,722,306,237,500,208,409,152
4,7,8388,8,723,325,29,500,216,326,149
4,7,8389,8,724,360,-309,500,230,190,143
4,7,8390,8,725,44,-188,500,104,239,145
4,7,8391,8,726,-166,45,500,20,332,149
4,7,8392,8,727,-199,125,500,7,364,151
4,7,8393,8,728,363,184,500,231,388,151
4,7,8394,8,729,244,271,500,184,422,153
4,7,8395,8,730,178,115,500,157,360,150
